Station_ID_Number:,94040,Type of Measurement:,GHI Minimums,GHI Maximums,GHI Mean,GHI Median,GHI_Tilt Minimums,GHI_Tilt Maximums,GHI_Tilt Mean,GHI_Tilt Median,DrHI_Calc Minimums,DrHI_Calc Maximums,DrHI_Calc Mean,DrHI_Calc Median,DNI Minimums,DNI Maximums,DNI Mean,DNI Median,DHI Minimums,DHI Maximums,DHI Mean,DHI Median,PV_Power Minimums,PV_Power Maximums,PV_Power Mean,PV_Power Median,PV_Power.1 Minimums,PV_Power.1 Maximums,PV_Power.1 Mean,PV_Power.1 Median,Wind_Speed Minimums,Wind_Speed Maximums,Wind_Speed Mean,Wind_Speed Median,TEMPERATURE Minimums,TEMPERATURE Maximums,TEMPERATURE Mean,TEMPERATURE Median
Station_Name:,ASO,Element:,1000,1000,1000,1000,1160,1160,1160,1160,2000,2000,2000,2000,2010,2010,2010,2010,3000,3000,3000,3000,5161,5161,5161,5161,5162,5162,5162,5162,9210,9210,9210,9210,9300,9300,9300,9300
Station_Location:,Ashland_Oregon_USA,Instrument Serial Number:,RSP(PY35563_GHI),RSP(PY35563_GHI),RSP(PY35563_GHI),RSP(PY35563_GHI),LICOR(PY22981),LICOR(PY22981),LICOR(PY22981),LICOR(PY22981),RSP(PY35563_DNI),RSP(PY35563_DNI),RSP(PY35563_DNI),RSP(PY35563_DNI),RSP(PY35563_DNI),RSP(PY35563_DNI),RSP(PY35563_DNI),RSP(PY35563_DNI),RSP(PY35563_DHI),RSP(PY35563_DHI),RSP(PY35563_DHI),RSP(PY35563_DHI),PV5kw(ASO),PV5kw(ASO),PV5kw(ASO),PV5kw(ASO),PV15kw(ASO),PV15kw(ASO),PV15kw(ASO),PV15kw(ASO),WindSpeed(ASO),WindSpeed(ASO),WindSpeed(ASO),WindSpeed(ASO),TEMP,TEMP,TEMP,TEMP
Latitude_(+North):,42.19441,Instrument Shorthand Name:,RSP,RSP,RSP,RSP,GHI_TILT,GHI_TILT,GHI_TILT,GHI_TILT,-,-,-,-,RSP,RSP,RSP,RSP,RSP,RSP,RSP,RSP,PV5kw(ASO),PV5kw(ASO),PV5kw(ASO),PV5kw(ASO),PV15kw(ASO),PV15kw(ASO),PV15kw(ASO),PV15kw(ASO),WS(ASO),WS(ASO),WS(ASO),WS(ASO),TEMP(ASO),TEMP(ASO),TEMP(ASO),TEMP(ASO)
Longitude_(+East):,-122.698158,Responsivity:,9.8322,9.8322,9.8322,9.8322,9.58084,9.58084,9.58084,9.58084,-,-,-,-,9.8322,9.8322,9.8322,9.8322,9.8322,9.8322,9.8322,9.8322,160,160,160,160,2.77778,2.77778,2.77778,2.77778,1308.90052,1308.90052,1308.90052,1308.90052,1000.0000000000001,1000.0000000000001,1000.0000000000001,1000.0000000000001
Altitude_(m):,594.,Estimated Uncertainty (U95%):,3.125,3.125,3.125,3.125,3.177,3.177,3.177,3.177,3.125,3.125,3.125,3.125,3.125,3.125,3.125,3.125,3.125,3.125,3.125,3.125,1.999,1.999,1.999,1.999,2.191,2.191,2.191,2.191,4.383,4.383,4.383,4.383,2.2,2.2,2.2,2.2
Time_Zone_(+East):,-8.,Sample Method:,Avg,Avg,Avg,Avg,Avg,Avg,Avg,Avg,-,-,-,-,Avg,Avg,Avg,Avg,Avg,Avg,Avg,Avg,Avg,Avg,Avg,Avg,Avg,Avg,Avg,Avg,Avg,Avg,Avg,Avg,Avg,Avg,Avg,Avg
Time_Interval_(Minutes):,1,Units:,W/m^2,W/m^2,W/m^2,W/m^2,W/m^2,W/m^2,W/m^2,W/m^2,W/m^2,W/m^2,W/m^2,W/m^2,W/m^2,W/m^2,W/m^2,W/m^2,W/m^2,W/m^2,W/m^2,W/m^2,Watts,Watts,Watts,Watts,Watts,Watts,Watts,Watts,m/s,m/s,m/s,m/s,C,C,C,C
Years:,2001-2020,Column Notes:,AdjustedColumn,AdjustedColumn,AdjustedColumn,AdjustedColumn,AdjustedColumn,AdjustedColumn,AdjustedColumn,AdjustedColumn,CalculatedColumn,CalculatedColumn,CalculatedColumn,CalculatedColumn,AdjustedColumn,AdjustedColumn,AdjustedColumn,AdjustedColumn,AdjustedColumn,AdjustedColumn,AdjustedColumn,AdjustedColumn,MeasuredColumn,MeasuredColumn,MeasuredColumn,MeasuredColumn,MeasuredColumn,MeasuredColumn,MeasuredColumn,MeasuredColumn,MeasuredColumn,MeasuredColumn,MeasuredColumn,MeasuredColumn,MeasuredColumn,MeasuredColumn,MeasuredColumn,MeasuredColumn
-,-,-,-,-,-,-,-,-,-,-,-,-,-,-,-,-,-,-,-,-,-,-,-,-,-,-,-,-,-,-,-,-,-,-,-,-,-,-
MM,HH,measurement:,GHI,GHI,GHI,GHI,GHI_Tilt,GHI_Tilt,GHI_Tilt,GHI_Tilt,DrHI_Calc,DrHI_Calc,DrHI_Calc,DrHI_Calc,DNI,DNI,DNI,DNI,DHI,DHI,DHI,DHI,PV_Power,PV_Power,PV_Power,PV_Power,PV_Power.1,PV_Power.1,PV_Power.1,PV_Power.1,Wind_Speed,Wind_Speed,Wind_Speed,Wind_Speed,TEMPERATURE,TEMPERATURE,TEMPERATURE,TEMPERATURE
01,01,-,-0.03,0.01,-0.0015,0.0,0.0,0.0,0.0,0.0,0.0,0.0,0.0,0.0,0.0,0.0,0.0,0.0,-0.04,0.0,-0.006500000000000001,0.0,-267.92,-244.35,-252.7375,-250.93,0.0,0.0,0.0,0.0,0.19,1.41,0.6685,0.645,0.23,7.06,3.310625,2.615
01,02,-,-0.03,0.01,-0.0015,0.0,0.0,0.0,0.0,0.0,0.0,0.0,0.0,0.0,0.0,0.0,0.0,0.0,-0.05,0.0,-0.007,0.0,-267.81,-243.27,-252.737,-251.23000000000002,0.0,0.0,0.0,0.0,0.2,1.54,0.671,0.625,0.02,7.25,3.138125,2.425
01,03,-,-0.03,0.02,0.0005000000000000001,0.0,0.0,0.0,0.0,0.0,0.0,0.0,0.0,0.0,0.0,0.0,0.0,0.0,-0.05,0.02,-0.0055000000000000005,0.0,-267.09,-241.07,-251.744,-250.405,0.0,0.0,0.0,0.0,0.2,1.44,0.6715,0.635,-0.23,7.05,2.9699999999999998,2.34
01,04,-,-0.04,0.02,-0.002,0.0,0.0,0.0,0.0,0.0,0.0,0.0,0.0,0.0,0.0,0.0,0.0,0.0,-0.05,0.0,-0.007,0.0,-267.12,-240.34,-250.798,-249.285,0.0,0.0,0.0,0.0,0.19,1.39,0.6625,0.62,-0.58,6.64,2.764375,2.25
01,05,-,-0.03,0.02,-0.0015,0.0,0.0,0.0,0.0,0.0,0.0,0.0,0.0,0.0,0.0,0.0,0.0,0.0,-0.06,0.0,-0.0075,0.0,-264.87,-240.88,-249.096,-248.01,0.0,0.0,0.0,0.0,0.12,1.5,0.6575,0.6499999999999999,-1.14,6.41,2.5300000000000002,2.0949999999999998
01,06,-,-0.03,0.01,-0.0025,0.0,0.0,0.0,0.0,0.0,0.0,0.0,0.0,0.0,0.0,0.0,0.0,0.0,-0.07,0.0,-0.007500000000000001,0.0,-264.57,-238.85,-248.841,-247.745,0.0,0.0,0.0,0.0,0.13,1.45,0.642,0.58,-1.24,6.19,2.34875,1.88
01,07,-,-0.02,0.04,0.001,0.0,0.0,0.0,0.0,0.0,0.0,0.0,0.0,0.0,0.0,0.0,0.0,0.0,-0.08,0.03,-0.005,0.0,-262.47,-238.79,-248.187,-247.16000000000003,0.0,0.0,0.0,0.0,0.1,1.48,0.6505,0.605,-1.38,6.03,2.27625,1.7650000000000001
01,08,-,2.01,6.91,4.34,4.355,3.44,6.23,4.45875,4.335,0.0,1.74,0.4025,0.29000000000000004,0.29,22.46,6.275,5.7,3.29,5.17,4.0,4.04,-260.76,-240.49,-248.466,-249.41,0.0,7.3,1.839,1.21,0.08,1.5,0.652,0.605,-1.59,6.0,2.23125,1.7349999999999999
01,09,-,44.15,89.84,64.5925,63.75,54.93,116.52,82.5025,82.14500000000001,6.13,54.12,23.884,23.375,35.96,362.72,158.716,152.68,35.71,46.26,40.832,41.0,-240.68,90.24,-13.6545,2.275,129.31,922.26,549.81,534.8299999999999,0.08,1.62,0.6815,0.655,-0.33,6.49,2.889375,2.31
01,10,-,108.92,201.83,160.2725,157.395,141.52,282.17,224.445625,217.325,24.49,123.46,70.2975,66.38,85.12,435.99,253.255,237.405,72.7,104.18,90.1455,90.195,-241.93,1178.73,695.6025,751.23,983.73,3276.79,2377.4125,2426.775,0.17,1.62,0.769,0.69,0.71,7.42,3.956875,3.5949999999999998
01,11,-,173.49,296.5,241.7345,245.22,230.76,420.61,339.06375,337.80499999999995,46.69,198.03,115.625,121.465,122.49,511.1,304.4365,316.07,98.48,158.35,126.3415,125.00999999999999,-243.05,1906.98,1264.664,1364.255,2033.98,5651.71,4226.947,4308.735000000001,0.39,2.03,0.9420000000000001,0.85,1.85,8.3,5.05,4.859999999999999
01,12,-,221.78,355.57,295.8445,294.775,293.54,496.06,413.051875,429.605,64.15,239.26,146.446,147.68,143.24,532.29,332.121,335.595,116.31,190.38,149.6105,153.48000000000002,-242.21,2277.99,1622.1775,1789.8049999999998,3097.37,6851.03,5275.6735,5513.8,0.48,2.1,1.045,0.985,3.28,9.09,6.05625,5.925000000000001
01,13,-,234.42,367.61,315.869,321.955,300.03,522.74,441.72125,446.32,77.47,239.68,161.9045,162.87,172.03,509.31,354.615,355.51,124.44,183.44,154.279,153.66500000000002,-244.99,2567.97,1750.314,1955.79,3288.43,7487.51,5633.4165,5988.49,0.43,2.19,1.1239999999999999,1.045,4.35,9.77,6.926875,6.5600000000000005
01,14,-,220.79,363.88,290.8845,292.49,277.89,526.58,401.19375,420.325,58.9,236.68,149.8205,157.95999999999998,135.47,555.55,350.921,366.885,111.48,166.6,141.217,143.06,-245.55,2361.2,1501.7315,1609.49,3139.84,7351.37,5051.878,5121.48,0.43,2.09,1.1025,1.0750000000000002,5.18,10.35,7.593125,7.105
01,15,-,166.65,275.47,224.4055,230.46499999999997,195.8,397.74,309.555,322.46500000000003,28.27,173.12,109.76650000000001,113.41,79.06,489.57,311.342,321.595,92.72,138.37,114.64,117.01499999999999,-244.66,1643.38,821.1225000000001,819.325,2137.94,4744.06,3445.2695,3553.715,0.31,1.81,1.0335,0.985,5.84,10.89,8.045625,7.83
01,16,-,94.45,161.34,131.126,133.17000000000002,106.95,238.72,183.905,181.57999999999998,12.01,98.16,57.2235,57.864999999999995,45.53,380.19,229.0515,233.68,55.65,83.7,73.9025,75.39,-243.74,636.85,185.6665,138.65,695.82,1898.58,1326.493,1339.745,0.27,1.73,0.899,0.89,5.76,11.06,8.16375,8.125
01,17,-,22.73,31.38,27.6435,28.025,21.17,32.98,28.644375,28.355,0.18,6.18,2.005,1.375,1.05,32.42,11.0335,7.475,20.96,29.06,25.59,25.94,-249.26,-189.25,-215.5805,-212.725,19.87,106.08,64.1165,63.144999999999996,0.23,1.38,0.753,0.72,5.11,10.34,7.268125,7.02
01,18,-,0.86,1.84,1.359,1.3,0.83,1.59,1.214375,1.1749999999999998,0.0,0.02,0.004,0.0,0.0,4.7,0.59,0.2,0.85,1.81,1.328,1.26,-267.47,-243.92,-252.821,-252.315,0.0,0.52,0.0275,0.0,0.17,1.28,0.6515,0.63,3.52,9.41,6.13375,5.8100000000000005
01,19,-,-0.06,0.2,0.011500000000000002,0.0,0.0,0.0,0.0,0.0,0.0,0.0,0.0,0.0,0.0,0.0,0.0,0.0,-0.08,0.14,0.0030000000000000005,0.0,-270.59,-244.78,-255.238,-253.945,0.0,0.0,0.0,0.0,0.17,1.17,0.64,0.625,2.34,8.79,5.326875,4.970000000000001
01,20,-,-0.03,0.1,0.005,0.0,0.0,0.0,0.0,0.0,0.0,0.0,0.0,0.0,0.0,0.0,0.0,0.0,-0.05,0.06,-0.002,0.0,-271.44,-244.92,-256.0395,-254.8,0.0,0.0,0.0,0.0,0.17,1.15,0.667,0.685,1.85,8.32,4.82125,4.325
01,21,-,-0.02,0.04,0.0015,0.0,0.0,0.0,0.0,0.0,0.0,0.0,0.0,0.0,0.0,0.0,0.0,0.0,-0.05,0.01,-0.0035,0.0,-270.71,-243.01,-255.185,-253.95999999999998,0.0,0.0,0.0,0.0,0.17,1.31,0.677,0.71,1.36,8.05,4.4925,3.935
01,22,-,-0.02,0.01,0.0,0.0,0.0,0.0,0.0,0.0,0.0,0.0,0.0,0.0,0.0,0.0,0.0,0.0,-0.04,0.0,-0.0045000000000000005,0.0,-270.44,-243.16,-254.555,-252.995,0.0,0.0,0.0,0.0,0.12,1.31,0.692,0.72,0.82,7.65,4.1725,3.4749999999999996
01,23,-,-0.01,0.0,-0.0005,0.0,0.0,0.0,0.0,0.0,0.0,0.0,0.0,0.0,0.0,0.0,0.0,0.0,-0.03,0.0,-0.005,0.0,-270.56,-245.16,-254.3445,-253.61,0.0,0.0,0.0,0.0,0.09,1.42,0.6819999999999999,0.725,0.38,7.53,3.855,3.08
01,24,-,-0.01,0.0,-0.0015,0.0,0.0,0.0,0.0,0.0,0.0,0.0,0.0,0.0,0.0,0.0,0.0,0.0,-0.03,0.0,-0.006,0.0,-269.76,-243.63,-253.1565,-251.39999999999998,0.0,0.0,0.0,0.0,0.17,1.28,0.638,0.6699999999999999,0.28,7.65,3.598125,2.7249999999999996
02,01,-,-0.04,0.0,-0.005,0.0,0.0,0.0,0.0,0.0,0.0,0.0,0.0,0.0,0.0,0.0,0.0,0.0,-0.05,0.0,-0.01,0.0,-268.49,-220.28,-250.958,-251.095,0.0,0.0,0.0,0.0,0.11,1.4,0.5535,0.585,1.9,5.74,3.89375,3.91
02,02,-,-0.05,0.01,-0.006500000000000001,0.0,0.0,0.0,0.0,0.0,0.0,0.0,0.0,0.0,0.0,0.0,0.0,0.0,-0.07,0.0,-0.013000000000000001,0.0,-268.09,-221.3,-251.1475,-252.8,0.0,0.0,0.0,0.0,0.11,1.37,0.536,0.505,1.78,5.16,3.5681249999999998,3.625
02,03,-,-0.07,0.01,-0.0095,0.0,0.0,0.0,0.0,0.0,0.0,0.0,0.0,0.0,0.0,0.0,0.0,0.0,-0.09,0.0,-0.0145,0.0,-266.16,-218.33,-250.029,-249.64499999999998,0.0,0.0,0.0,0.0,0.09,1.32,0.508,0.52,1.4,5.08,3.274375,3.3449999999999998
02,04,-,-0.1,0.01,-0.011,0.0,0.0,0.0,0.0,0.0,0.0,0.0,0.0,0.0,0.0,0.0,0.0,0.0,-0.12,0.0,-0.016,0.0,-265.41,-217.7,-248.8985,-249.51999999999998,0.0,0.0,0.0,0.0,0.09,1.19,0.5245,0.515,1.07,4.8,3.008125,3.15
02,05,-,-0.11,0.01,-0.0115,0.0,0.0,0.0,0.0,0.0,0.0,0.0,0.0,0.0,0.0,0.0,0.0,0.0,-0.13,0.01,-0.0165,0.0,-263.89,-217.81,-247.454,-249.03,0.0,0.0,0.0,0.0,0.12,1.13,0.527,0.53,0.78,4.61,2.75,2.87
02,06,-,-0.13,0.02,-0.012,0.0,0.0,0.0,0.0,0.0,0.0,0.0,0.0,0.0,0.0,0.0,0.0,0.0,-0.15,0.01,-0.017,0.0,-263.38,-216.97,-247.219,-247.36,0.0,0.0,0.0,0.0,0.13,1.18,0.5165,0.55,0.89,4.57,2.555,2.675
02,07,-,0.14,0.53,0.298,0.29,0.15,0.46,0.293125,0.295,0.0,0.23,0.0115,0.0,0.0,1.42,0.141,0.0,0.12,0.46,0.2765,0.28,-262.57,-215.85,-246.1725,-246.335,0.0,0.0,0.0,0.0,0.16,1.18,0.523,0.5,0.69,4.49,2.395,2.4850000000000003
02,08,-,19.3,37.6,28.5195,28.965,23.37,51.13,37.5125,37.47,2.35,17.63,9.32,8.355,20.71,147.03,76.3755,65.27,16.36,22.52,19.1905,19.1,-248.81,-132.56,-198.194,-203.325,18.03,251.68,108.388,100.91,0.14,1.05,0.5215,0.5,0.66,4.73,2.621875,2.5300000000000002
02,09,-,84.41,168.8,133.3355,133.49,117.63,209.15,163.73875,160.20499999999998,18.05,105.71,62.318,57.21,73.7,437.9,259.856,248.85500000000002,57.44,79.78,71.0175,72.72,-10.48,838.59,388.082,368.395,473.91,2193.46,1417.3205,1409.415,0.21,1.29,0.656,0.66,1.95,6.23,4.068125,3.745
02,10,-,175.97,315.54,258.5355,257.66499999999996,231.58,424.26,333.2325,335.26,47.37,212.73,133.344,132.16500000000002,120.87,554.8,349.632,348.70500000000004,98.94,139.49,125.191,124.55,344.98,2070.18,1367.536,1382.865,1682.86,5654.42,3949.0395,3960.13,0.34,1.36,0.8555,0.855,3.35,8.01,5.510625,5.055
02,11,-,270.0,442.44,370.54,372.435,387.78,589.81,481.305625,475.875,78.98,313.06,204.7085,201.43,158.91,640.95,419.0085,414.095,125.57,200.68,165.8325,170.76,897.34,3009.79,2134.34,2220.81,2810.16,8570.04,6280.559,6402.12,0.45,1.67,1.1005,1.105,4.73,9.17,6.786875,6.615
02,12,-,323.57,522.67,437.8595,444.37,467.51,692.13,571.246875,572.77,93.84,364.27,249.364,248.04,166.09,656.03,449.299,443.02,146.35,231.74,188.4955,187.165,1223.0,3411.27,2557.3995,2600.21,3686.0,9673.86,7399.5185,7406.295,0.66,1.92,1.241,1.225,5.94,10.47,8.061875,8.055
02,13,-,333.6,560.56,446.413,444.02,434.29,742.03,577.58125,578.475,116.7,398.0,254.6745,258.28,201.12,689.52,442.69350000000003,444.03,151.94,237.58,191.7395,195.35500000000002,1153.99,3511.07,2596.9325,2605.21,4028.5,10101.75,7432.837,7393.360000000001,0.77,1.9,1.293,1.25,7.09,11.64,9.036875,9.215
02,14,-,305.64,511.49,408.0875,405.55,415.86,672.84,525.63125,516.27,114.28,357.97,229.2185,224.89499999999998,205.33,649.15,419.227,413.605,141.13,211.19,178.869,182.18,1077.98,3069.39,2316.93,2323.7250000000004,3641.41,9143.58,6705.008,6695.535,0.81,1.96,1.306,1.2349999999999999,8.08,12.72,9.86,9.875
02,15,-,251.61,415.64,331.9515,329.68,338.4,547.94,426.778125,426.20500000000004,80.66,279.84,177.8555,172.245,166.89,590.65,378.0885,366.7,126.09,179.03,154.0945,151.34,751.08,2333.04,1741.329,1736.275,2639.64,7261.09,5199.0945,5006.09,0.81,2.01,1.2605,1.1949999999999998,8.37,13.29,10.335625,10.195
02,16,-,172.0,304.0,229.528,221.895,218.82,408.55,292.56625,281.97,56.86,198.07,115.4675,104.535,157.1,559.09,326.7045,304.31,94.91,137.55,114.059,113.33,259.58,1446.31,977.7585,965.935,1345.23,4171.1,2763.978,2640.87,0.69,1.72,1.1485,1.125,8.48,13.68,10.559375,10.5
02,17,-,72.08,122.38,97.3545,92.78,91.1,158.92,114.723125,110.505,11.94,65.41,36.07,34.075,47.52,269.73,148.922,143.26500000000001,52.71,69.08,61.285,62.275,-90.09,361.72,134.5515,123.99000000000001,274.59,818.63,563.495,544.09,0.5,1.51,0.946,0.905,7.99,13.07,10.091875,10.004999999999999
02,18,-,11.26,15.07,13.36,13.58,10.3,14.28,12.588125,12.850000000000001,0.0,0.25,0.076,0.035,0.0,6.77,1.9215,1.21,11.07,14.98,13.28,13.485,-254.97,-222.92,-242.6445,-242.865,0.9,17.76,9.391,9.91,0.3,1.19,0.7464999999999999,0.69,6.36,11.37,8.64125,8.52
02,19,-,0.01,0.48,0.10200000000000001,0.05,0.02,0.07,0.036250000000000004,0.035,0.0,0.0,0.0,0.0,0.0,0.0,0.0,0.0,0.0,0.43,0.087,0.045,-270.42,-228.05,-252.511,-252.01,0.0,0.0,0.0,0.0,0.22,1.27,0.6485,0.5800000000000001,5.29,9.64,7.3012500000000005,7.24
02,20,-,-0.04,0.24,0.0295,0.0,0.0,0.0,0.0,0.0,0.0,0.0,0.0,0.0,0.0,0.0,0.0,0.0,-0.06,0.18,0.017,0.0,-271.98,-230.85,-254.1985,-254.15,0.0,0.0,0.0,0.0,0.18,1.14,0.627,0.585,4.41,8.48,6.325,6.380000000000001
02,21,-,-0.02,0.13,0.018,0.0,0.0,0.0,0.0,0.0,0.0,0.0,0.0,0.0,0.0,0.0,0.0,0.0,-0.03,0.1,0.008,0.0,-271.86,-230.62,-253.5945,-253.82999999999998,0.0,0.0,0.0,0.0,0.19,1.16,0.6295,0.6,3.72,7.9,5.68375,5.71
02,22,-,-0.01,0.09,0.009,0.0,0.0,0.0,0.0,0.0,0.0,0.0,0.0,0.0,0.0,0.0,0.0,0.0,-0.03,0.06,0.0005,0.0,-271.11,-228.59,-253.04500000000002,-252.91500000000002,0.0,0.0,0.0,0.0,0.15,1.26,0.6025,0.56,3.12,7.45,5.155625,5.04
02,23,-,-0.0,0.04,0.003,0.0,0.0,0.0,0.0,0.0,0.0,0.0,0.0,0.0,0.0,0.0,0.0,0.0,-0.03,0.01,-0.0045,0.0,-270.81,-229.99,-252.8675,-252.165,0.0,0.0,0.0,0.0,0.15,1.26,0.5725,0.51,2.61,6.9,4.765,4.555
02,24,-,-0.02,0.02,-0.0015,0.0,0.0,0.0,0.0,0.0,0.0,0.0,0.0,0.0,0.0,0.0,0.0,0.0,-0.04,0.0,-0.0085,0.0,-269.81,-231.19,-252.0315,-251.64999999999998,0.0,0.0,0.0,0.0,0.14,1.32,0.5825,0.56,2.49,6.58,4.3549999999999995,4.115
03,01,-,-0.05,0.01,-0.006500000000000001,0.0,0.0,0.0,0.0,0.0,0.0,0.0,0.0,0.0,0.0,0.0,0.0,0.0,-0.08,0.0,-0.015000000000000001,0.0,-270.22,-246.36,-253.7065,-253.12,0.0,0.0,0.0,0.0,0.1,0.97,0.3995,0.36,3.35,6.94,5.16625,5.495
03,02,-,-0.1,0.01,-0.015000000000000001,0.0,0.0,0.0,0.0,0.0,0.0,0.0,0.0,0.0,0.0,0.0,0.0,0.0,-0.12,0.0,-0.022,0.0,-270.52,-246.78,-253.0205,-252.64999999999998,0.0,0.0,0.0,0.0,0.07,0.95,0.387,0.385,3.04,6.23,4.76625,5.15
03,03,-,-0.13,0.01,-0.02,0.0,0.0,0.0,0.0,0.0,0.0,0.0,0.0,0.0,0.0,0.0,0.0,0.0,-0.15,0.0,-0.026,0.0,-270.21,-247.26,-253.0725,-252.20999999999998,0.0,0.0,0.0,0.0,0.1,0.91,0.394,0.375,2.69,5.73,4.418125,4.835
03,04,-,-0.17,0.02,-0.0235,0.0,0.0,0.0,0.0,0.0,0.0,0.0,0.0,0.0,0.0,0.0,0.0,0.0,-0.19,0.0,-0.029500000000000002,0.0,-269.06,-244.79,-251.715,-250.805,0.0,0.0,0.0,0.0,0.09,0.94,0.3845,0.345,2.43,5.6,4.135625,4.415
03,05,-,-0.2,0.02,-0.025500000000000002,0.0,0.0,0.0,0.0,0.0,0.0,0.0,0.0,0.0,0.0,0.0,0.0,0.0,-0.21,0.01,-0.0305,0.0,-267.14,-243.53,-250.2345,-249.06,0.0,0.0,0.0,0.0,0.07,0.99,0.3765,0.305,2.32,5.23,3.8874999999999997,4.085
03,06,-,-0.13,0.14,0.0455,0.065,0.01,0.12,0.0625,0.065,0.0,0.0,0.0,0.0,0.0,0.42,0.027,0.0,-0.14,0.13,0.0375,0.06,-265.82,-243.66,-249.7425,-249.675,0.0,0.0,0.0,0.0,0.06,1.03,0.403,0.3,2.08,5.17,3.695625,3.7649999999999997
03,07,-,10.05,19.63,14.3115,14.045,10.97,22.32,16.48125,16.285,0.35,6.92,1.9565,1.625,3.47,53.39,15.9725,13.219999999999999,9.01,14.13,12.3455,12.66,-248.81,-228.19,-236.9795,-237.31,0.64,98.35,35.175,39.055,0.12,1.03,0.4345,0.275,2.1,5.13,3.67125,3.7800000000000002
03,08,-,76.01,128.03,105.674,105.82,83.16,145.29,121.811875,126.145,13.1,65.98,40.8395,40.975,52.78,301.31,175.2815,170.02999999999997,54.83,78.49,64.833,65.065,-68.76,256.46,100.8155,126.47500000000001,266.85,1341.75,929.6145,960.24,0.11,1.0,0.4725,0.4,2.86,6.05,4.683125,4.945
03,09,-,173.2,296.31,250.9215,252.255,192.01,339.7,284.86625,293.07,42.46,171.82,120.798,119.52,106.34,456.3,312.8895,310.29999999999995,103.51,154.5,130.1235,129.56,654.64,1514.37,1085.5865000000001,1137.19,1734.36,4525.43,3297.111,3609.635,0.17,1.26,0.643,0.59,4.42,8.54,6.321875,6.355
03,10,-,291.46,460.26,385.11,392.11,333.72,537.57,449.95,458.65,89.28,292.17,204.3205,211.495,163.92,547.62,384.6345,394.685,141.28,204.29,180.7885,179.82999999999998,1193.6,2659.27,2039.0195,2163.58,3055.01,7630.24,5760.6265,6088.98,0.35,1.49,0.887,0.865,5.94,10.07,7.8025,8.02
03,11,-,373.02,566.63,488.0955,494.63,434.18,667.01,575.174375,595.31,123.29,357.8,270.568,275.405,188.92,565.12,422.9735,426.36,180.43,261.01,217.5285,215.9,1512.07,3286.24,2681.5055,2852.38,4048.77,9503.46,7426.334,8037.174999999999,0.5,1.62,1.082,1.065,6.94,11.85,9.113125,9.425
03,12,-,433.95,625.4,554.1185,570.81,509.16,758.51,652.620625,674.9449999999999,180.04,428.19,317.0985,331.345,255.84,615.08,450.9525,474.115,188.98,288.62,237.018,242.265,1898.44,3692.14,3069.2225,3249.385,4633.74,10342.09,8252.632,8375.35,0.66,1.77,1.211,1.25,7.9,13.23,10.266875,10.555
03,13,-,414.61,647.02,566.8765,580.475,488.27,782.4,665.868125,681.805,164.51,432.2,327.6435,341.14,224.88,607.95,456.1015,476.955,185.1,285.47,239.2325,242.88,2028.63,3662.97,3123.9635,3320.04,4991.8,10559.66,8370.8595,8667.28,0.85,1.99,1.2765,1.19,8.49,14.41,11.254375,11.585
03,14,-,428.66,594.13,526.7275,532.595,501.96,690.99,616.1325,622.9,177.07,397.34,298.616,315.565,255.6,576.21,435.977,463.42499999999995,194.5,267.0,228.11,226.22,1855.05,3475.73,2861.0825,2938.625,4788.7,9795.54,7823.1665,7967.5650000000005,0.97,1.9,1.2835,1.225,8.97,15.66,12.086875,12.425
03,15,-,361.21,538.63,441.7545,444.6,399.15,572.36,509.936875,521.04,124.36,370.01,243.723,245.175,204.7,612.22,403.9995,406.85,141.42,236.86,198.033,202.77499999999998,1406.84,3163.0,2335.9345,2440.34,3757.95,8991.22,6416.7375,6740.139999999999,0.97,1.81,1.298,1.26,9.24,16.12,12.57375,12.690000000000001
03,16,-,266.08,387.29,324.9355,323.435,301.87,430.57,368.7675,373.70500000000004,90.98,256.36,168.2705,165.885,187.71,529.09,350.74,341.43,116.09,191.95,156.666,161.44,861.25,2106.36,1572.7565,1652.665,2053.78,5659.54,3880.8495,4073.2799999999997,0.94,1.62,1.2135,1.17,9.06,16.21,12.64125,12.735
03,17,-,156.66,237.11,192.256,194.63,161.6,237.75,204.51375,207.19,41.56,142.69,88.358,86.685,122.81,434.36,270.721,268.995,87.1,127.52,103.89699999999999,103.07,336.34,1024.79,675.853,682.96,672.54,2069.81,1324.427,1357.855,0.77,1.57,1.0495,1.01,8.8,16.12,12.390625,12.385000000000002
03,18,-,51.94,78.92,64.2845,65.94,47.09,70.56,57.455625,57.74,6.46,35.89,20.3555,21.049999999999997,31.13,187.18,106.5145,113.67,37.66,53.26,43.9305,43.739999999999995,-170.48,11.67,-74.8825,-68.08,55.66,263.04,167.781,187.07999999999998,0.59,1.46,0.895,0.86,7.9,14.89,11.43125,11.545
03,19,-,2.69,4.34,3.659,3.715,2.42,3.75,3.1875,3.26,0.0,0.05,0.0095,0.0,0.0,3.05,0.7755,0.5,2.68,4.31,3.6395,3.7,-269.88,-245.27,-252.667,-252.665,0.0,0.66,0.091,0.0,0.33,1.32,0.6575,0.6,6.78,12.64,9.864375,9.96
03,20,-,-0.04,0.26,0.030500000000000003,0.0,0.0,0.0,0.0,0.0,0.0,0.0,0.0,0.0,0.0,0.0,0.0,0.0,-0.07,0.22,0.017499999999999998,0.0,-273.37,-245.67,-255.1685,-254.07,0.0,0.0,0.0,0.0,0.34,1.17,0.56,0.515,5.92,10.98,8.651875,8.725000000000001
03,21,-,-0.02,0.25,0.0325,0.0,0.0,0.0,0.0,0.0,0.0,0.0,0.0,0.0,0.0,0.0,0.0,0.0,-0.05,0.21,0.020499999999999997,0.0,-274.37,-246.37,-255.761,-254.945,0.0,0.0,0.0,0.0,0.26,1.03,0.498,0.435,5.32,9.87,7.70625,7.779999999999999
03,22,-,-0.02,0.18,0.026,0.0,0.0,0.0,0.0,0.0,0.0,0.0,0.0,0.0,0.0,0.0,0.0,0.0,-0.04,0.14,0.016,0.0,-272.39,-245.31,-255.189,-255.185,0.0,0.0,0.0,0.0,0.19,0.94,0.4595,0.405,4.79,8.99,6.923125,6.895
03,23,-,-0.01,0.11,0.017,0.0,0.0,0.0,0.0,0.0,0.0,0.0,0.0,0.0,0.0,0.0,0.0,0.0,-0.03,0.08,0.006,0.0,-272.46,-246.04,-254.95749999999998,-254.87,0.0,0.0,0.0,0.0,0.16,0.82,0.4145,0.36,4.16,8.19,6.2475,6.365
03,24,-,-0.0,0.04,0.005,0.0,0.0,0.0,0.0,0.0,0.0,0.0,0.0,0.0,0.0,0.0,0.0,0.0,-0.03,0.0,-0.0055,0.0,-271.48,-245.14,-253.765,-254.34,0.0,0.0,0.0,0.0,0.16,0.83,0.402,0.33999999999999997,3.64,7.61,5.6775,5.885
04,01,-,-0.04,0.06,0.0004999999999999999,0.0,0.0,0.0,0.0,0.0,0.0,0.0,0.0,0.0,0.0,0.0,0.0,0.0,-0.08,0.02,-0.008,0.0,-260.68,-244.48,-253.7945,-253.55,0.0,0.0,0.0,0.0,0.09,0.54,0.2875,0.29000000000000004,4.84,9.03,6.695,6.835
04,02,-,-0.09,0.02,-0.009,0.0,0.0,0.0,0.0,0.0,0.0,0.0,0.0,0.0,0.0,0.0,0.0,0.0,-0.13,0.0,-0.0165,0.0,-259.87,-244.41,-253.256,-252.875,0.0,0.0,0.0,0.0,0.07,0.43,0.265,0.265,4.08,8.42,6.155,6.305
04,03,-,-0.13,0.01,-0.018,0.0,0.0,0.0,0.0,0.0,0.0,0.0,0.0,0.0,0.0,0.0,0.0,0.0,-0.15,0.0,-0.025500000000000002,0.0,-259.39,-244.9,-252.9855,-253.075,0.0,0.0,0.0,0.0,0.05,0.43,0.274,0.28,3.64,7.81,5.715625,5.875
04,04,-,-0.16,0.01,-0.025,0.0,0.0,0.0,0.0,0.0,0.0,0.0,0.0,0.0,0.0,0.0,0.0,0.0,-0.18,0.0,-0.033,0.0,-257.82,-243.57,-251.095,-251.01,0.0,0.0,0.0,0.0,0.07,0.5,0.277,0.27,3.25,7.29,5.326875,5.54
04,05,-,-0.19,0.02,-0.029,0.0,0.0,0.0,0.0,0.0,0.0,0.0,0.0,0.0,0.0,0.0,0.0,0.0,-0.22,0.01,-0.0365,0.0,-256.08,-243.12,-250.4125,-250.43,0.0,0.0,0.0,0.0,0.08,0.52,0.2675,0.26,2.88,6.78,4.954375,5.14
04,06,-,5.71,13.85,9.1145,8.955,5.21,8.24,7.1275,7.195,0.25,4.29,1.4415,1.1749999999999998,3.23,35.41,13.4765,11.665,5.45,9.54,7.662,7.8100000000000005,-252.94,-239.57,-247.6365,-247.53500000000003,0.0,9.91,2.617,1.5150000000000001,0.09,0.54,0.2675,0.26,2.66,6.42,4.730625,4.875
04,07,-,62.54,112.98,90.4565,90.66,57.39,94.34,80.460625,80.85,10.92,53.91,36.43,37.989999999999995,59.15,247.76,171.552,181.01,45.71,61.87,54.028,54.879999999999995,-160.63,-34.92,-92.209,-98.09,0.0,846.83,520.8845,620.725,0.09,0.52,0.3025,0.29000000000000004,3.63,7.5,5.6325,5.775
04,08,-,188.94,283.6,235.709,236.645,184.43,291.89,241.401875,239.405,47.01,168.98,116.794,121.025,124.31,474.53,310.9035,320.54999999999995,96.52,141.93,118.9155,118.41499999999999,306.44,842.23,692.052,728.4449999999999,0.0,3302.21,2521.716,2904.62,0.21,0.69,0.427,0.42,5.47,10.38,7.423125,7.5
04,09,-,323.29,448.53,399.522,409.995,330.75,489.06,429.35625,435.89,104.79,288.06,222.0685,232.725,194.0,540.53,412.07,431.865,140.96,218.5,177.452,173.39999999999998,912.86,2185.21,1874.2815,1913.475,0.0,6648.26,5226.4895,5859.575,0.41,0.97,0.691,0.73,6.75,12.12,9.073125,9.36
04,10,-,419.45,605.48,538.6415,534.0450000000001,438.96,685.62,593.209375,586.3299999999999,140.55,431.03,314.616,314.23,210.13,641.48,465.1695,467.33000000000004,163.01,278.9,224.0255,222.635,1220.89,3289.86,2718.3255,2796.6949999999997,0.0,9211.27,7340.0715,8248.3,0.56,1.29,0.9445,0.975,8.37,13.6,10.549375,10.775
04,11,-,535.76,706.26,639.0,641.78,571.25,798.03,711.24625,716.88,195.26,504.2,384.26,392.045,251.9,651.84,493.733,505.96500000000003,200.38,340.49,254.739,248.015,1553.46,3788.96,3248.548,3261.4049999999997,0.0,11132.85,8623.112000000001,9589.025,0.73,1.54,1.1125,1.1549999999999998,9.62,15.08,11.89,12.215
04,12,-,545.45,765.73,688.587,684.48,574.08,865.8,770.27875,764.46,179.55,543.5,421.86199999999997,432.125,217.69,652.19,504.6435,513.9649999999999,207.9,365.9,266.726,259.385,1649.52,4148.79,3504.493,3457.125,0.0,11491.84,9132.372,10114.220000000001,0.83,1.76,1.2345,1.21,10.36,16.34,13.07375,13.355
04,13,-,495.26,775.09,689.482,684.21,519.59,879.12,763.1487500000001,742.67,162.55,544.37,420.2675,440.575,194.67,647.28,497.555,520.0649999999999,216.97,332.71,269.215,268.235,1545.96,4157.22,3488.816,3469.2200000000003,0.0,11442.44,9070.2415,10061.425,0.96,1.74,1.312,1.315,11.2,17.61,14.071875,14.235
04,14,-,487.79,723.95,639.1235,649.5999999999999,513.28,808.62,706.5725,711.285,183.15,522.13,387.13,413.975,228.81,652.11,481.2215,512.86,201.82,304.64,251.995,252.72500000000002,1322.6,3763.32,3207.65,3240.625,0.0,10588.79,8400.744,9387.59,0.99,1.64,1.342,1.335,11.94,18.69,14.865625,15.165
04,15,-,400.43,621.65,543.9005,561.62,414.67,675.82,596.28875,609.245,137.53,435.04,321.3365,338.9,191.65,610.67,447.462,469.44,173.88,268.58,222.564,211.07999999999998,1083.19,3208.64,2673.0685,2671.865,0.0,9409.34,6953.8725,7540.605,0.99,1.72,1.3395000000000001,1.33,12.06,19.42,15.298125,15.635
04,16,-,302.17,491.6,418.7355,428.22,307.93,523.7,452.015625,458.635,97.99,322.68,238.4415,254.945,166.54,548.25,402.3585,426.89,147.58,213.32,180.2945,182.10000000000002,863.37,2410.91,1923.7445,1914.9,0.0,6631.47,4254.8705,4371.695,0.92,1.64,1.28,1.31,11.74,19.58,15.358125,15.71
04,17,-,199.2,335.36,276.878,276.83,197.0,327.05,283.305,277.74,57.17,215.23,145.9355,153.235,132.73,496.61,335.396,361.9,104.36,149.54,130.943,134.76999999999998,446.45,1379.96,1019.1655,988.415,0.0,2833.61,1783.9065,1965.06,0.87,1.51,1.155,1.14,11.28,19.34,15.04375,15.504999999999999
04,18,-,104.8,158.02,136.1675,134.98000000000002,94.82,154.65,128.95,128.69,29.63,84.28,61.113,68.355,109.94,321.19,232.772,264.625,56.7,88.12,75.0535,75.69999999999999,-14.7,243.19,138.7375,139.595,0.0,835.11,522.8255,579.41,0.67,1.3,0.9585,0.98,10.6,18.45,14.35125,14.855
04,19,-,20.34,34.07,27.987,29.025,16.77,25.52,22.435624999999998,23.21,0.52,11.54,6.6335,7.01,5.79,85.96,49.657,49.754999999999995,18.38,23.89,21.3505,21.415,-243.88,-225.55,-233.755,-233.39499999999998,0.0,42.15,18.6525,17.744999999999997,0.49,1.01,0.761,0.75,9.67,16.46,12.82875,13.315
04,20,-,0.14,0.51,0.295,0.28,0.1,0.35,0.2025,0.2,0.0,0.0,0.0,0.0,0.0,2.45,0.156,0.0,0.13,0.5,0.2855,0.28,-259.49,-243.03,-253.227,-253.04500000000002,0.0,0.0,0.0,0.0,0.33,1.0,0.5675,0.545,8.45,14.33,11.20875,11.690000000000001
04,21,-,-0.12,0.14,0.0065000000000000014,0.0,0.0,0.0,0.0,0.0,0.0,0.0,0.0,0.0,0.0,0.0,0.0,0.0,-0.15,0.11,-0.0034999999999999996,0.0,-262.29,-246.9,-255.24699999999999,-255.10500000000002,0.0,0.0,0.0,0.0,0.27,0.78,0.46599999999999997,0.445,7.44,12.76,9.98,10.395
04,22,-,-0.04,0.14,0.014,0.0,0.0,0.0,0.0,0.0,0.0,0.0,0.0,0.0,0.0,0.0,0.0,0.0,-0.07,0.1,0.0035,0.0,-263.17,-245.38,-254.9795,-255.33499999999998,0.0,0.0,0.0,0.0,0.21,0.62,0.3715,0.355,6.57,11.34,8.89125,9.245000000000001
04,23,-,0.0,0.11,0.0155,0.0,0.0,0.0,0.0,0.0,0.0,0.0,0.0,0.0,0.0,0.0,0.0,0.0,-0.02,0.08,0.0055,0.0,-261.81,-247.47,-254.947,-255.515,0.0,0.0,0.0,0.0,0.18,0.56,0.3155,0.305,6.04,10.4,8.01625,8.23
04,24,-,0.0,0.06,0.01,0.0,0.0,0.0,0.0,0.0,0.0,0.0,0.0,0.0,0.0,0.0,0.0,0.0,-0.02,0.03,0.001,0.0,-261.57,-243.69,-254.172,-253.815,0.0,0.0,0.0,0.0,0.13,0.52,0.312,0.32,5.58,9.78,7.3549999999999995,7.475
05,01,-,-0.02,0.04,0.004,0.0,0.0,0.0,0.0,0.0,0.0,0.0,0.0,0.0,0.0,0.0,0.0,0.0,-0.03,0.01,-0.0045,0.0,-262.17,-218.79,-252.9145,-253.91500000000002,0.0,0.0,0.0,0.0,0.08,0.31,0.1845,0.185,0.0,11.97,9.600624999999999,10.44
05,02,-,-0.07,0.07,-0.0015,0.0,0.0,0.0,0.0,0.0,0.0,0.0,0.0,0.0,0.0,0.0,0.0,0.0,-0.1,0.04,-0.0095,0.0,-261.65,-219.05,-252.828,-253.055,0.0,0.0,0.0,0.0,0.05,0.27,0.1595,0.155,0.0,11.33,8.935,9.715
05,03,-,-0.13,0.07,-0.008,0.0,0.0,0.0,0.0,0.0,0.0,0.0,0.0,0.0,0.0,0.0,0.0,0.0,-0.17,0.04,-0.0175,0.0,-260.21,-219.23,-252.575,-253.11,0.0,0.0,0.0,0.0,0.07,0.29,0.1465,0.13,0.0,10.75,8.3725,9.18
05,04,-,-0.19,0.06,-0.0155,0.0,0.0,0.0,0.0,0.0,0.0,0.0,0.0,0.0,0.0,0.0,0.0,0.0,-0.24,0.02,-0.0265,0.0,-259.44,-217.32,-251.133,-252.76,0.0,0.0,0.0,0.0,0.06,0.21,0.1275,0.11499999999999999,0.0,10.19,7.861875,8.545
05,05,-,0.98,1.91,1.386,1.375,0.0,1.64,1.21375,1.29,0.0,0.01,0.001,0.0,0.0,4.57,0.5485,0.23500000000000001,0.94,1.9,1.369,1.3599999999999999,-259.2,-218.52,-250.405,-251.61,0.0,0.0,0.0,0.0,0.06,0.21,0.1195,0.11,0.0,9.67,7.426875,8.025
05,06,-,38.26,57.67,47.3075,46.805,0.0,36.76,27.87625,29.245,8.42,26.57,16.7795,16.015,59.65,173.88,112.8255,106.67,25.99,35.28,30.5255,30.590000000000003,-238.68,-185.72,-219.6685,-220.54000000000002,3.11,126.68,58.0445,56.305,0.06,0.24,0.131,0.125,0.0,10.06,7.783125,8.629999999999999
05,07,-,145.68,204.8,176.8555,177.20999999999998,0.0,171.02,136.129375,140.67,55.74,137.68,92.1835,96.2,188.92,465.46,313.453,325.605,66.76,98.54,84.672,83.745,15.83,310.93,166.0555,174.325,129.84,1859.33,1221.94,1355.81,0.09,0.33,0.2075,0.22,0.0,12.06,9.699375,10.719999999999999
05,08,-,288.57,390.28,336.9695,340.08500000000004,0.0,386.31,316.42625,333.57500000000005,128.11,266.55,194.1255,198.35,268.86,566.48,415.27750000000003,422.865,110.17,166.42,142.843,143.415,762.48,1534.56,1193.511,1209.615,415.73,5210.55,3647.784,3970.265,0.19,0.59,0.414,0.42,0.0,14.14,11.51,12.864999999999998
05,09,-,393.51,560.0,496.2725,495.695,0.0,573.32,496.12937500000004,533.4200000000001,174.78,416.33,309.802,321.005,276.08,663.89,494.3455,510.97,143.67,218.73,186.471,191.57999999999998,1370.08,2897.76,2243.5955,2320.745,866.6,8357.36,6110.402,6818.77,0.41,0.92,0.6845,0.715,0.0,16.22,12.905,14.23
05,10,-,505.31,723.7,637.0070000000001,634.99,0.0,767.17,650.446875,691.5899999999999,224.66,568.96,420.7635,420.595,293.25,749.41,554.4245,553.46,154.74,280.65,216.245,206.89,1919.83,3924.74,3050.0415,3146.37,1133.83,11011.5,8111.38,9101.39,0.61,1.17,0.884,0.895,0.0,18.0,14.259375,15.59
05,11,-,644.42,828.02,745.409,749.3199999999999,0.0,883.55,765.3924999999999,828.77,337.69,650.9,509.9745,513.845,393.58,761.96,596.968,601.3199999999999,158.57,313.71,235.434,232.86,2523.9,4479.24,3584.9725,3828.725,1446.65,12426.45,9326.985,10176.814999999999,0.7,1.37,1.029,1.065,0.0,19.7,15.62125,16.93
05,12,-,641.09,897.66,801.6425,805.5550000000001,0.0,957.65,827.158125,883.61,304.63,718.1,552.914,571.0699999999999,333.86,791.69,609.3295,630.23,167.0,336.46,248.7295,246.57,2528.07,4815.6,3821.551,4078.2749999999996,1447.4,13232.98,9870.0385,11009.51,0.84,1.47,1.1575,1.14,0.0,21.33,16.87625,18.39
05,13,-,635.91,893.85,804.1415,808.655,0.0,963.99,825.956875,868.23,318.21,696.48,557.4655,581.315,345.59,762.3,610.3,635.525,189.6,317.69,246.6755,237.89999999999998,2646.85,4742.12,3818.2515,3903.45,1195.06,12995.48,9803.651,10915.470000000001,0.99,1.56,1.252,1.1949999999999998,0.0,22.78,18.025624999999998,19.71
05,14,-,621.13,849.9,759.8355,760.26,0.0,912.35,783.30125,825.77,325.55,659.02,524.535,538.435,370.4,756.14,601.3485000000001,620.69,190.89,299.61,235.3005,226.76999999999998,2525.7,4494.32,3585.9815,3629.7349999999997,831.53,12411.8,9241.8775,10310.985,1.03,1.67,1.298,1.275,0.0,24.01,18.95125,20.75
05,15,-,527.0,754.3,656.012,668.28,0.0,792.18,674.5962499999999,713.53,270.07,580.07,447.4055,463.32500000000005,344.04,736.52,568.318,590.305,164.51,273.29,208.606,203.39499999999998,2044.59,3935.36,3054.5035,3104.71,872.22,10965.91,7722.878,8531.41,0.99,1.6,1.2925,1.27,0.0,24.88,19.55125,21.485
05,16,-,402.54,603.48,516.8555,514.405,0.0,618.6,523.434375,550.16,171.81,447.47,337.247,339.445,261.11,673.8,508.9335,509.07,138.52,235.27,179.6085,177.435,1405.33,3002.1,2272.6639999999998,2293.75,384.69,8108.83,4877.625,4982.48,0.93,1.52,1.2495,1.2149999999999999,0.0,25.24,19.733125,21.65
05,17,-,276.28,434.37,366.2965,372.9,0.0,426.76,352.05625,379.64,116.44,315.05,227.0455,228.54000000000002,233.32,612.95,445.385,445.37,110.76,173.8,139.251,138.79500000000002,816.67,1787.53,1353.96,1350.375,172.38,4004.24,2283.8085,2337.6800000000003,0.8,1.44,1.1325,1.15,0.0,25.06,19.570625,21.535
05,18,-,168.38,260.78,216.906,221.585,0.0,227.99,186.55,198.005,67.46,173.59,122.738,129.66,201.82,507.08,362.7195,382.15,79.2,114.19,94.1705,92.695,183.95,653.9,379.5165,362.99,53.43,1502.76,891.096,954.365,0.71,1.36,0.9905,1.025,0.0,24.53,18.9575,20.865000000000002
05,19,-,59.02,96.17,79.2935,81.33,0.0,69.81,53.66125,55.144999999999996,15.72,49.94,34.0665,34.965,94.31,283.35,192.8195,197.175,40.34,51.74,45.229,44.165,-204.95,-140.84,-170.52349999999998,-169.925,6.94,188.58,116.658,133.725,0.54,0.99,0.79,0.8500000000000001,0.0,22.9,17.660625,19.37
05,20,-,4.82,8.04,6.493,6.4,0.0,5.64,4.411875,4.615,0.15,1.31,0.7125,0.72,2.6,20.45,10.3955,10.07,4.53,7.13,5.774,5.824999999999999,-259.81,-224.7,-252.005,-253.07,0.0,0.84,0.175,0.04,0.47,0.91,0.6415,0.635,0.0,20.27,15.70625,17.33
05,21,-,-0.26,0.09,-0.0275,0.0,0.0,0.0,0.0,0.0,0.0,0.0,0.0,0.0,0.0,0.0,0.0,0.0,-0.28,0.05,-0.0385,0.0,-262.23,-228.12,-254.1775,-256.30499999999995,0.0,0.0,0.0,0.0,0.4,0.75,0.533,0.535,0.0,18.32,14.25,15.885
05,22,-,-0.2,0.08,-0.015000000000000001,0.0,0.0,0.0,0.0,0.0,0.0,0.0,0.0,0.0,0.0,0.0,0.0,0.0,-0.23,0.05,-0.025,0.0,-262.85,-225.53,-254.0025,-256.46,0.0,0.0,0.0,0.0,0.18,0.45,0.34550000000000003,0.365,0.0,16.35,12.85375,14.309999999999999
05,23,-,-0.09,0.08,0.002,0.0,0.0,0.0,0.0,0.0,0.0,0.0,0.0,0.0,0.0,0.0,0.0,0.0,-0.13,0.04,-0.0085,0.0,-261.39,-227.02,-253.7055,-255.01,0.0,0.0,0.0,0.0,0.08,0.38,0.23750000000000002,0.235,0.0,14.53,11.563125,12.785
05,24,-,0.0,0.08,0.007500000000000001,0.0,0.0,0.0,0.0,0.0,0.0,0.0,0.0,0.0,0.0,0.0,0.0,0.0,-0.03,0.05,-0.0014999999999999998,0.0,-261.1,-226.52,-253.522,-254.2,0.0,0.0,0.0,0.0,0.09,0.34,0.216,0.22999999999999998,0.0,13.07,10.550625,11.670000000000002
06,01,-,-0.02,0.07,0.007500000000000001,0.0,0.0,0.0,0.0,0.0,0.0,0.0,0.0,0.0,0.0,0.0,0.0,0.0,-0.03,0.05,0.001,0.0,-261.98,-246.2,-254.9815,-254.215,0.0,0.0,0.0,0.0,0.08,0.31,0.17200000000000001,0.16,0.0,16.77,12.749375,13.51
06,02,-,-0.04,0.07,0.005000000000000001,0.0,0.0,0.0,0.0,0.0,0.0,0.0,0.0,0.0,0.0,0.0,0.0,0.0,-0.05,0.05,-0.0005000000000000001,0.0,-261.06,-245.94,-254.652,-253.78,0.0,0.0,0.0,0.0,0.03,0.28,0.1545,0.15,0.0,15.76,11.90625,12.54
06,03,-,-0.07,0.04,-0.004000000000000001,0.0,0.0,0.0,0.0,0.0,0.0,0.0,0.0,0.0,0.0,0.0,0.0,0.0,-0.11,0.0,-0.0135,0.0,-261.54,-244.59,-254.1295,-254.24,0.0,0.0,0.0,0.0,0.04,0.22,0.1285,0.13,0.0,14.79,11.175625,11.675
06,04,-,-0.13,0.01,-0.0165,0.0,0.0,0.0,0.0,0.0,0.0,0.0,0.0,0.0,0.0,0.0,0.0,0.0,-0.16,0.0,-0.028,0.0,-260.07,-244.86,-252.85399999999998,-251.51,0.0,0.0,0.0,0.0,0.02,0.22,0.1085,0.09,0.0,13.92,10.536249999999999,10.93
06,05,-,3.41,4.52,3.8495,3.7699999999999996,0.0,4.09,3.26875,3.4050000000000002,0.0,0.03,0.0045,0.0,0.0,4.45,0.944,0.655,3.37,4.51,3.831,3.74,-260.25,-244.73,-253.107,-252.95499999999998,0.0,0.01,0.0005,0.0,0.02,0.26,0.10200000000000001,0.09,0.0,13.29,10.04375,10.375
06,06,-,59.92,96.27,77.6965,79.0,0.0,47.58,36.5125,38.82,25.73,58.76,40.739,41.275,162.5,370.39,253.0045,251.845,31.91,43.23,36.9575,37.065,-234.62,-175.27,-208.331,-209.16,0.0,176.24,89.6015,80.955,0.05,0.25,0.1235,0.1,0.0,14.36,11.03625,11.645
06,07,-,180.77,268.69,222.523,226.98000000000002,0.0,201.68,168.260625,175.565,86.98,202.81,142.08,150.5,267.0,629.79,440.275,468.6,65.89,101.36,80.4425,80.03,52.02,419.5,257.9155,254.455,0.0,2004.21,1506.3975,1555.425,0.06,0.41,0.1985,0.20500000000000002,0.0,17.33,13.285,13.91
06,08,-,326.39,441.45,390.587,391.47,0.0,410.3,351.29875,372.16499999999996,163.46,356.51,269.721,286.49,332.78,722.08,545.462,580.145,80.38,162.93,120.8675,118.97,584.08,1652.21,1371.2640000000001,1442.685,0.0,5183.83,4230.873,4465.35,0.18,0.56,0.38,0.37,0.0,19.58,15.024375,15.74
06,09,-,479.76,619.66,562.354,557.5450000000001,0.0,625.5,540.724375,579.895,284.06,511.55,409.3865,417.725,436.09,785.63,628.8985,641.1700000000001,101.16,254.71,152.9655,151.685,1170.89,2921.61,2466.5285,2561.455,0.0,8410.57,7041.2425,7547.65,0.39,0.99,0.669,0.6599999999999999,0.0,20.92,16.32,17.11
06,10,-,630.35,769.98,710.0025,709.755,0.0,803.17,699.43875,747.7149999999999,428.28,652.21,539.6585,545.9300000000001,548.36,834.76,690.1405,698.84,114.45,239.57,170.343,163.15,1638.44,3854.6,3292.5155,3374.665,0.0,10845.31,9177.6135,9728.77,0.53,1.23,0.8674999999999999,0.8400000000000001,0.0,22.59,17.785625,18.725
06,11,-,722.36,890.38,825.847,826.495,0.0,930.88,821.596875,883.655,503.12,753.87,644.353,656.485,573.16,859.41,734.0745,747.7149999999999,129.89,249.95,181.494,171.57,1996.48,4485.53,3874.5165,4046.7749999999996,0.0,12492.26,10586.125,11290.904999999999,0.63,1.4,1.029,0.995,0.0,24.26,19.2225,20.205
06,12,-,793.94,956.05,883.1715,892.835,0.0,989.61,878.47875,929.925,571.21,808.83,692.7405,710.75,612.45,868.04,743.344,762.4449999999999,136.37,254.14,190.4305,183.565,2065.6,4766.92,4116.287,4267.844999999999,0.0,13231.73,11119.8685,11796.685,0.75,1.58,1.1755,1.1099999999999999,0.0,25.77,20.5475,21.71
06,13,-,800.25,965.23,891.6065,896.575,0.0,998.73,880.5174999999999,944.49,574.9,811.54,702.1595,711.895,610.5,862.74,746.2175,756.795,141.36,239.68,189.4485,183.8,2109.66,4778.43,4118.5065,4298.085,0.0,13212.21,11117.149,11839.6,0.88,1.66,1.2845,1.205,0.0,27.2,21.73375,23.035
06,14,-,749.75,920.74,840.724,851.3050000000001,0.0,956.53,832.196875,888.55,547.57,768.13,658.5405000000001,664.885,605.04,850.49,728.452,735.78,139.31,239.16,182.183,174.535,1996.15,4637.63,3867.2215,4022.17,0.0,12773.51,10461.103,11223.835,0.94,1.69,1.332,1.245,0.0,28.52,22.736875,24.145000000000003
06,15,-,681.81,818.05,742.9685,742.44,0.0,853.24,734.350625,776.3199999999999,471.35,686.41,577.992,575.435,572.19,834.3,701.6745,698.4449999999999,127.23,229.0,164.9755,163.91,1753.07,4032.14,3377.269,3506.525,0.0,11254.33,9021.8255,9715.265,0.93,1.66,1.308,1.2349999999999999,0.0,29.55,23.42375,24.939999999999998
06,16,-,541.94,687.43,605.1375,597.9,0.0,686.07,585.78125,616.315,377.14,572.31,456.1295,457.46,533.63,812.74,646.206,648.325,115.12,195.45,149.0085,146.71,1327.11,3350.73,2629.6155,2750.02,0.0,9247.5,6012.9945,6628.54,0.85,1.64,1.265,1.1749999999999998,0.0,30.08,23.706875,25.285
06,17,-,388.93,499.33,442.283,442.645,0.0,469.79,405.93,433.3,233.49,390.0,317.7915,320.645,417.34,699.79,570.033,574.9649999999999,107.2,155.44,124.4945,124.795,762.38,2142.41,1661.68,1737.32,0.0,5047.29,2910.901,3155.3,0.76,1.6,1.1835,1.1,0.0,29.99,23.55125,25.205
06,18,-,242.99,321.08,286.301,286.515,0.0,271.05,236.163125,253.89499999999998,132.76,240.53,193.787,188.865,340.51,619.18,496.537,484.71500000000003,80.54,110.23,92.513,92.795,149.0,793.93,628.738,646.355,0.0,1895.25,1223.735,1404.495,0.69,1.55,1.1075,1.025,0.0,29.44,22.999375,24.61
06,19,-,111.88,150.54,133.9405,132.625,0.0,96.18,82.825625,88.27,55.86,95.66,80.4025,82.63,250.96,437.05,367.9115,376.58500000000004,47.15,61.24,53.5385,52.555,-191.24,-40.93,-101.9855,-99.695,0.0,372.83,216.1925,250.17000000000002,0.57,1.39,0.94,0.8400000000000001,0.0,28.1,21.849375000000002,23.259999999999998
06,20,-,17.27,26.76,23.288,24.22,0.0,13.62,11.62125,12.09,4.03,11.26,8.3485,8.79,44.37,124.98,91.97,96.13,12.59,17.52,14.935,15.085,-258.23,-242.66,-251.76999999999998,-251.615,0.0,9.06,1.3685,0.87,0.48,1.13,0.8105,0.755,0.0,25.95,19.914375,21.07
06,21,-,-0.19,0.17,0.066,0.08499999999999999,0.0,0.07,0.030000000000000002,0.03,0.0,0.0,0.0,0.0,0.0,0.0,0.0,0.0,-0.22,0.16,0.0535,0.08499999999999999,-261.31,-247.04,-254.908,-255.31,0.0,0.0,0.0,0.0,0.44,0.84,0.652,0.66,0.0,24.15,18.225625,19.295
06,22,-,-0.31,0.01,-0.041,0.0,0.0,0.0,0.0,0.0,0.0,0.0,0.0,0.0,0.0,0.0,0.0,0.0,-0.35,0.0,-0.053,0.0,-262.1,-243.21,-255.064,-255.44,0.0,0.0,0.0,0.0,0.25,0.57,0.433,0.445,0.0,22.11,16.73375,17.7
06,23,-,-0.15,0.05,-0.015,0.0,0.0,0.0,0.0,0.0,0.0,0.0,0.0,0.0,0.0,0.0,0.0,0.0,-0.21,0.02,-0.028,0.0,-261.65,-246.11,-255.0255,-254.575,0.0,0.0,0.0,0.0,0.14,0.36,0.2585,0.26,0.0,19.94,15.118125,16.075
06,24,-,-0.02,0.03,0.002,0.0,0.0,0.0,0.0,0.0,0.0,0.0,0.0,0.0,0.0,0.0,0.0,0.0,-0.05,0.0,-0.008,0.0,-261.24,-246.45,-254.8325,-254.11,0.0,0.0,0.0,0.0,0.09,0.3,0.1945,0.19,0.0,18.42,13.845,14.625
07,01,-,0.0,0.06,0.0065,0.0,0.0,0.0,0.0,0.0,0.0,0.0,0.0,0.0,0.0,0.0,0.0,0.0,-0.04,0.03,-0.002,0.0,-263.13,-195.1,-252.007,-254.925,0.0,0.0,0.0,0.0,0.01,0.16,0.098,0.1,0.0,18.93,16.44875,17.84
07,02,-,-0.11,0.09,-0.005000000000000001,0.0,0.0,0.0,0.0,0.0,0.0,0.0,0.0,0.0,0.0,0.0,0.0,0.0,-0.16,0.06,-0.016,0.0,-263.84,-194.83,-251.843,-253.84,0.0,0.0,0.0,0.0,0.02,0.16,0.07050000000000001,0.06,0.0,17.83,15.389375,16.715
07,03,-,-0.23,0.07,-0.025,0.0,0.0,0.0,0.0,0.0,0.0,0.0,0.0,0.0,0.0,0.0,0.0,0.0,-0.27,0.03,-0.036500000000000005,0.0,-263.55,-193.99,-251.257,-253.95,0.0,0.0,0.0,0.0,0.01,0.13,0.046,0.04,0.0,16.82,14.49375,15.655000000000001
07,04,-,-0.31,0.02,-0.043000000000000003,0.0,0.0,0.0,0.0,0.0,0.0,0.0,0.0,0.0,0.0,0.0,0.0,0.0,-0.37,0.01,-0.053,0.0,-262.27,-193.95,-250.8715,-253.725,0.0,0.0,0.0,0.0,0.0,0.09,0.0305,0.025,0.0,16.05,13.7125,14.78
07,05,-,1.21,2.12,1.6480000000000001,1.615,0.0,1.76,1.43625,1.56,0.0,0.01,0.0005,0.0,0.0,0.51,0.131,0.08,1.19,2.1,1.634,1.595,-260.95,-192.72,-249.725,-251.735,0.0,0.0,0.0,0.0,0.0,0.07,0.0285,0.025,0.0,15.41,13.0825,14.1
07,06,-,47.26,63.89,58.1835,58.91,0.0,33.06,25.13125,26.85,17.24,38.92,29.894,29.84,114.5,277.17,207.7535,205.255,24.04,34.58,28.289,27.94,-250.15,-180.24,-230.753,-231.785,2.18,76.8,28.9255,24.775,0.01,0.07,0.028,0.02,0.0,15.93,13.674375,14.855
07,07,-,185.89,232.8,211.0385,212.755,0.0,169.34,141.453125,155.215,113.54,181.8,145.992,146.77,395.89,632.61,506.6365,511.18999999999994,51.0,82.66,65.047,62.99,-74.08,258.85,73.4745,71.61,651.65,1635.69,1233.2215,1344.815,0.01,0.14,0.061,0.06,0.0,19.0,16.411875,17.67
07,08,-,353.77,418.87,386.5895,391.37,0.0,420.69,345.2375,362.245,236.67,354.44,292.502,296.26,512.77,768.76,633.877,639.69,64.43,127.07,94.088,95.78999999999999,432.84,1518.95,1151.4745,1158.78,2494.61,5041.25,4150.2045,4413.9349999999995,0.05,0.33,0.1895,0.175,0.0,21.26,18.725,20.025
07,09,-,513.56,591.74,560.662,570.655,0.0,635.15,538.835625,567.595,365.38,511.45,447.389,457.54499999999996,588.34,824.97,719.513,735.56,78.14,159.69,113.2745,106.825,991.93,2824.13,2265.6345,2443.8050000000003,4783.09,8153.92,7147.856,7553.525,0.18,0.79,0.46950000000000003,0.385,0.0,22.81,20.1225,21.67
07,10,-,661.87,745.2,714.3185,715.265,0.0,814.25,711.259375,748.505,503.41,651.38,587.3935,586.635,667.79,862.67,775.9795,775.23,86.61,182.97,126.906,119.625,1518.33,3806.35,3093.826,3288.505,6410.81,10791.47,9471.0645,9918.895,0.32,1.04,0.7045,0.61,0.0,24.58,21.66,23.365000000000002
07,11,-,791.18,863.73,834.674,837.9300000000001,0.0,951.72,841.11,893.745,597.68,765.36,698.779,707.46,697.95,891.57,814.9515,825.26,94.8,209.55,135.895,131.465,1787.36,4413.05,3640.14,3912.08,7327.0,12381.42,11024.1065,11711.555,0.46,1.27,0.901,0.79,0.0,26.3,23.311875,25.16
07,12,-,843.19,948.53,902.0275,910.44,0.0,1053.75,906.809375,957.265,650.97,846.85,761.5645000000001,766.94,710.91,924.48,831.2040000000001,836.775,101.68,217.22,140.463,144.745,1921.67,4639.85,3894.4230000000002,4212.16,8001.16,13219.62,11718.0625,12497.705,0.67,1.53,1.1055,0.985,0.0,27.98,24.858125,26.905
07,13,-,844.96,950.62,914.8705,920.235,0.0,1033.49,915.989375,967.265,675.67,844.86,771.005,777.4849999999999,727.96,909.49,829.7524999999999,836.885,99.65,215.49,143.8665,145.215,1898.4,4693.5,3933.543,4229.535,7945.13,13061.77,11756.9065,12620.564999999999,0.82,1.72,1.27,1.1349999999999998,0.0,29.64,26.3025,28.485
07,14,-,792.56,919.67,870.036,866.685,0.0,1004.57,876.12875,925.495,632.76,823.3,728.027,726.14,707.75,919.51,813.034,811.11,96.37,203.81,142.0105,144.76,1771.68,4464.89,3741.8095,4058.49,7664.01,12553.98,11148.515,11789.615000000002,0.87,1.82,1.3335,1.2,0.0,31.21,27.59625,29.775
07,15,-,672.13,817.45,768.5225,776.0150000000001,0.0,879.25,770.516875,810.72,539.18,721.59,637.102,633.015,660.7,882.87,779.441,774.175,95.84,189.62,131.419,131.54,1520.91,3938.72,3256.792,3515.9700000000003,6604.18,11216.64,9597.3115,10418.77,0.91,1.78,1.312,1.1949999999999998,0.0,32.24,28.515,30.549999999999997
07,16,-,596.03,678.01,633.9499999999999,627.505,0.0,704.22,620.798125,657.88,443.28,583.46,509.424,499.435,635.17,833.88,727.628,712.67,92.27,164.64,124.525,120.22999999999999,1106.14,3124.22,2574.5009999999997,2755.965,2677.77,8609.75,6288.5295,7186.865,0.84,1.72,1.2715,1.165,0.0,32.73,28.955,30.9
07,17,-,416.6,509.12,469.5835,471.775,0.0,498.72,433.970625,462.88,289.55,428.28,362.9705,360.67,523.62,776.39,657.473,654.0899999999999,80.84,140.68,106.6125,102.19999999999999,625.94,2070.09,1642.2740000000001,1758.115,803.46,4637.9,2841.956,2994.065,0.78,1.6,1.172,1.065,0.0,32.74,28.931875,30.884999999999998
07,18,-,243.59,338.35,298.9255,292.665,0.0,296.68,248.016875,266.28499999999997,151.63,272.56,217.7745,216.95999999999998,399.56,711.26,568.1415,566.465,65.78,112.07,81.1505,76.0,113.93,774.16,584.146,678.5799999999999,253.93,1786.23,1102.6525,1131.725,0.66,1.52,1.089,0.965,0.0,32.0,28.334375,30.165
07,19,-,117.38,158.24,135.793,136.07999999999998,0.0,98.18,85.2825,92.935,62.11,113.61,85.8225,86.405,294.62,540.46,407.072,409.20000000000005,40.24,58.38,49.9735,49.575,-227.32,-71.95,-132.003,-129.05,15.8,316.66,172.8095,176.67000000000002,0.57,1.41,0.95,0.935,0.0,30.62,26.965625,28.740000000000002
07,20,-,18.66,25.07,20.9685,20.625,0.0,14.34,10.694375,10.8,4.15,10.58,6.898,6.635,49.83,123.0,78.4055,73.745,11.05,17.6,14.0655,13.870000000000001,-263.27,-186.2,-250.25,-253.635,0.0,11.09,2.055,0.485,0.55,1.17,0.872,0.89,0.0,28.27,24.826249999999998,26.405
07,21,-,-0.06,0.11,0.047,0.060000000000000005,0.0,0.08,0.02375,0.02,0.0,0.0,0.0,0.0,0.0,0.0,0.0,0.0,-0.12,0.09,0.035500000000000004,0.055,-264.84,-186.34,-252.1645,-255.87,0.0,0.03,0.0015,0.0,0.35,0.97,0.6905,0.6799999999999999,0.0,26.37,23.06375,24.575
07,22,-,-0.18,0.1,-0.0155,0.0,0.0,0.0,0.0,0.0,0.0,0.0,0.0,0.0,0.0,0.0,0.0,0.0,-0.19,0.06,-0.026,0.0,-264.09,-186.43,-252.2375,-256.405,0.0,0.0,0.0,0.0,0.18,0.53,0.356,0.36,0.0,24.18,21.29125,22.72
07,23,-,-0.13,0.15,0.003999999999999999,0.0,0.0,0.0,0.0,0.0,0.0,0.0,0.0,0.0,0.0,0.0,0.0,0.0,-0.14,0.13,-0.004,0.0,-263.88,-188.37,-251.764,-255.085,0.0,0.0,0.0,0.0,0.07,0.3,0.1515,0.15000000000000002,0.0,21.99,19.271875,20.97
07,24,-,-0.03,0.11,0.0135,0.0,0.0,0.0,0.0,0.0,0.0,0.0,0.0,0.0,0.0,0.0,0.0,0.0,-0.04,0.08,0.006,0.0,-264.2,-188.79,-251.479,-253.97,0.0,0.0,0.0,0.0,0.03,0.24,0.1125,0.12,0.0,20.35,17.735625,19.265
08,01,-,-0.07,0.08,-0.007500000000000001,0.0,0.0,0.0,0.0,0.0,0.0,0.0,0.0,0.0,0.0,0.0,0.0,0.0,-0.11,0.06,-0.018,0.0,-266.16,-241.62,-254.1885,-252.645,0.0,0.0,0.0,0.0,0.03,0.16,0.0795,0.07,0.0,18.76,13.645625,16.345
08,02,-,-0.16,0.09,-0.025500000000000002,0.0,0.0,0.0,0.0,0.0,0.0,0.0,0.0,0.0,0.0,0.0,0.0,0.0,-0.2,0.08,-0.0335,0.0,-265.29,-247.08,-254.2895,-252.55,0.0,0.0,0.0,0.0,0.01,0.17,0.061,0.05,0.0,17.76,12.781875,15.34
08,03,-,-0.24,0.08,-0.04,0.0,0.0,0.0,0.0,0.0,0.0,0.0,0.0,0.0,0.0,0.0,0.0,0.0,-0.26,0.06,-0.0455,0.0,-265.59,-243.87,-253.804,-252.55,0.0,0.0,0.0,0.0,0.0,0.14,0.041,0.03,0.0,16.82,12.05125,14.524999999999999
08,04,-,-0.28,0.05,-0.05,0.0,0.0,0.0,0.0,0.0,0.0,0.0,0.0,0.0,0.0,0.0,0.0,0.0,-0.3,0.03,-0.0545,0.0,-263.32,-244.17,-252.668,-250.77499999999998,0.0,0.0,0.0,0.0,0.0,0.09,0.0315,0.025,0.0,15.98,11.39375,13.7
08,05,-,-0.29,0.08,-0.0195,0.03,0.0,0.05,0.01875,0.02,0.0,0.0,0.0,0.0,0.0,0.0,0.0,0.0,-0.3,0.08,-0.0225,0.025,-262.6,-243.52,-251.1815,-249.875,0.0,0.0,0.0,0.0,0.0,0.08,0.027,0.02,0.0,15.37,10.86875,13.004999999999999
08,06,-,12.03,18.75,14.936,14.245000000000001,0.0,12.79,8.7175,10.58,0.54,6.72,3.3505,3.505,5.33,64.37,31.081,31.53,10.04,12.96,11.58,11.670000000000002,-260.45,-235.38,-248.4815,-249.70499999999998,0.0,7.99,1.6525,0.69,0.0,0.12,0.0245,0.02,0.0,14.92,10.59375,12.665
08,07,-,108.54,155.91,134.2785,139.07,0.0,109.41,77.99875,93.385,35.36,111.72,80.288,87.27,157.02,512.6,365.947,392.425,41.31,73.17,53.991,51.665000000000006,-209.7,-23.05,-110.1905,-112.275,90.95,1005.11,694.317,796.965,0.01,0.15,0.0385,0.03,0.0,16.55,12.38625,15.129999999999999
08,08,-,261.77,347.82,306.0075,310.005,0.0,343.65,255.42875,309.36,121.54,283.5,213.5815,226.55,310.86,726.28,545.3835,577.7950000000001,64.32,140.23,92.4265,87.595,154.52,1051.66,747.052,788.575,391.57,4050.14,3152.7455,3463.465,0.02,0.28,0.099,0.08499999999999999,0.0,19.83,14.89125,18.02
08,09,-,429.24,533.93,480.839,482.39,0.0,568.72,421.22375,516.0799999999999,231.4,459.14,360.7445,371.03,415.43,825.2,646.9745,663.34,74.8,197.84,120.0945,111.05000000000001,600.45,2606.3,1953.636,2092.02,715.97,7641.9,6117.5745,6740.799999999999,0.17,0.55,0.3145,0.30500000000000005,0.0,21.96,16.51,20.03
08,10,-,582.68,693.27,638.1165,634.005,0.0,780.78,571.750625,697.755,346.36,607.07,496.4685,509.46500000000003,497.94,872.32,712.532,729.94,86.2,243.0,141.649,128.73000000000002,1021.26,3680.36,2819.9725,3040.26,964.46,10495.0,8501.9665,9362.725,0.32,0.9,0.581,0.565,0.0,23.45,17.889375,21.84
08,11,-,681.93,811.03,754.95,754.005,0.0,940.26,681.344375,832.175,459.38,711.72,596.636,597.595,575.84,890.62,745.9255,747.5699999999999,91.75,260.38,158.314,151.685,1337.86,4258.46,3383.8615,3609.55,1121.53,12014.32,9988.089,10840.225,0.5,1.15,0.793,0.75,0.0,25.26,19.35875,23.555
08,12,-,757.26,888.89,823.1215,820.24,0.0,1029.2,736.08875,918.345,520.8,790.76,659.6275,672.75,607.43,920.56,767.4175,781.355,95.54,269.27,163.4975,151.585,1540.58,4630.52,3679.814,4002.87,1197.47,13007.69,10740.344,11855.835,0.67,1.4,1.0075,0.95,0.0,27.02,20.764375,25.28
08,13,-,780.08,897.64,839.872,837.49,0.0,1041.77,747.1025,926.365,538.76,799.91,672.774,686.005,619.86,917.51,771.8635,786.985,93.09,271.79,167.0995,155.04,1438.05,4656.47,3724.8605000000002,4057.9750000000004,1206.64,13037.33,10849.1845,11947.335,0.79,1.55,1.1835,1.1,0.0,28.67,22.1275,27.009999999999998
08,14,-,707.25,854.24,788.2485,777.14,0.0,986.4,708.609375,869.88,475.91,749.66,621.87,627.42,570.86,899.29,744.8,749.715,97.47,259.37,166.3775,157.52499999999998,1313.8,4511.23,3464.5009999999997,3678.535,1145.05,12638.16,10130.086,10874.630000000001,0.88,1.61,1.2565,1.14,0.0,30.34,23.3325,28.37
08,15,-,613.27,759.84,688.222,684.515,0.0,862.35,617.475625,755.2249999999999,394.36,660.38,529.8075,521.665,522.65,880.2,704.721,694.805,96.46,258.67,158.4145,146.035,1142.3,3843.06,2974.7255,3133.175,948.63,10728.58,8466.575,9223.545,0.89,1.66,1.259,1.185,0.0,31.63,24.19875,29.335
08,16,-,450.91,608.8,548.261,553.2850000000001,0.0,694.02,482.549375,585.28,270.16,519.53,411.317,423.98,429.8,828.73,654.4225,675.85,88.19,215.8,136.9445,125.53,861.85,2999.3,2222.6005,2331.745,425.9,7427.7,5074.052,6157.73,0.8,1.6,1.1765,1.07,0.0,32.26,24.608125,29.825
08,17,-,328.04,438.45,384.001,389.16499999999996,0.0,473.13,321.350625,399.295,154.88,362.57,273.7315,280.895,330.86,761.55,577.9515,595.94,74.74,173.17,110.269,102.5,474.73,1838.56,1297.156,1362.365,111.24,3397.52,1890.819,1799.9299999999998,0.71,1.41,1.04,0.9299999999999999,0.0,32.2,24.57,29.810000000000002
08,18,-,167.03,247.95,211.876,214.785,0.0,243.39,161.2425,195.57,61.05,188.08,136.0995,142.94,210.24,619.67,453.1855,478.63,51.81,105.99,75.7765,73.4,-42.17,495.13,271.4495,303.515,26.18,1043.29,580.307,569.395,0.51,1.3,0.871,0.815,0.0,31.61,23.946875,29.015
08,19,-,42.76,73.8,60.28,60.17,0.0,52.67,36.8975,44.3,7.16,45.58,27.16,27.765,49.2,294.62,171.3445,178.015,26.55,43.33,33.117,31.645,-245.85,-189.01,-218.159,-220.875,0.03,102.98,48.261,48.385000000000005,0.44,0.97,0.7015,0.68,0.0,29.55,22.32,26.88
08,20,-,1.95,3.75,2.6815,2.595,0.0,3.15,1.79875,2.025,0.0,0.03,0.007,0.0,0.0,2.46,0.3025,0.195,1.94,3.73,2.6655,2.5700000000000003,-266.92,-245.5,-253.614,-253.48000000000002,0.0,6.69,0.5215,0.0,0.43,0.83,0.6325,0.615,0.0,27.06,20.415,24.465
08,21,-,-0.21,0.34,0.051500000000000004,0.0,0.0,0.0,0.0,0.0,0.0,0.0,0.0,0.0,0.0,0.0,0.0,0.0,-0.22,0.31,0.0415,0.0,-267.69,-244.91,-255.1145,-253.45499999999998,0.0,0.0,0.0,0.0,0.3,0.73,0.451,0.43,0.0,25.2,19.001875,22.665
08,22,-,-0.17,0.29,0.0455,0.0,0.0,0.0,0.0,0.0,0.0,0.0,0.0,0.0,0.0,0.0,0.0,0.0,-0.18,0.26,0.037,0.0,-267.48,-245.17,-254.3535,-254.015,0.0,0.0,0.0,0.0,0.11,0.34,0.203,0.19,0.0,22.73,17.306875,20.555
08,23,-,-0.1,0.21,0.0315,0.0,0.0,0.0,0.0,0.0,0.0,0.0,0.0,0.0,0.0,0.0,0.0,0.0,-0.12,0.18,0.021,0.0,-267.09,-245.67,-254.0005,-252.28,0.0,0.0,0.0,0.0,0.03,0.17,0.0925,0.09,0.0,20.95,15.65,18.465
08,24,-,0.0,0.08,0.0115,0.0,0.0,0.0,0.0,0.0,0.0,0.0,0.0,0.0,0.0,0.0,0.0,0.0,-0.03,0.03,-0.002,0.0,-267.29,-244.22,-254.5065,-253.49,0.0,0.0,0.0,0.0,0.03,0.16,0.09,0.09,0.0,19.71,14.4875,17.244999999999997
09,01,-,-0.07,0.05,-0.007,0.0,0.0,0.0,0.0,0.0,0.0,0.0,0.0,0.0,0.0,0.0,0.0,0.0,-0.08,0.03,-0.0105,0.0,-266.68,-237.65,-253.482,-252.94,0.0,0.0,0.0,0.0,0.04,0.51,0.123,0.095,0.0,14.87,11.641874999999999,13.004999999999999
09,02,-,-0.09,0.03,-0.01,0.0,0.0,0.0,0.0,0.0,0.0,0.0,0.0,0.0,0.0,0.0,0.0,0.0,-0.1,0.01,-0.013000000000000001,0.0,-266.39,-237.93,-253.3085,-251.39,0.0,0.0,0.0,0.0,0.02,0.57,0.1055,0.08,0.0,14.11,10.9625,12.23
09,03,-,-0.1,0.04,-0.012,0.0,0.0,0.0,0.0,0.0,0.0,0.0,0.0,0.0,0.0,0.0,0.0,0.0,-0.1,0.02,-0.0145,0.0,-266.89,-237.59,-253.692,-252.53,0.0,0.0,0.0,0.0,0.01,0.57,0.082,0.06,0.0,13.35,10.31625,11.45
09,04,-,-0.1,0.05,-0.0135,0.0,0.0,0.0,0.0,0.0,0.0,0.0,0.0,0.0,0.0,0.0,0.0,0.0,-0.11,0.03,-0.0175,0.0,-265.24,-236.5,-252.158,-251.63,0.0,0.0,0.0,0.0,0.01,0.56,0.077,0.055,0.0,12.68,9.78125,10.79
09,05,-,-0.11,0.06,-0.0165,0.0,0.0,0.0,0.0,0.0,0.0,0.0,0.0,0.0,0.0,0.0,0.0,0.0,-0.11,0.04,-0.0195,0.0,-262.34,-234.77,-250.6115,-249.84,0.0,0.0,0.0,0.0,0.0,0.63,0.0755,0.045,0.0,12.11,9.295,10.22
09,06,-,1.14,2.26,1.561,1.52,0.0,2.1,1.31375,1.48,0.0,0.01,0.001,0.0,0.0,1.33,0.222,0.035,1.13,2.24,1.5475,1.51,-262.46,-235.67,-251.101,-250.55,0.0,0.0,0.0,0.0,0.0,0.58,0.0705,0.045,0.0,11.48,8.89875,9.795
09,07,-,38.93,67.85,56.2115,56.39,0.0,82.22,59.478125,69.295,5.81,35.85,25.5095,25.045,33.41,228.09,154.2755,153.08499999999998,23.72,35.42,30.7025,30.865,-238.19,-179.42,-213.96699999999998,-213.26999999999998,0.0,436.49,243.23499999999999,270.475,0.01,0.63,0.0855,0.05,0.0,12.12,9.489375,10.5
09,08,-,169.63,245.66,217.3155,221.07999999999998,0.0,288.55,225.648125,258.205,70.16,181.46,143.3975,151.155,230.44,587.9,464.2085,490.605,55.27,99.46,73.9185,74.195,87.85,697.69,428.927,439.75,0.0,3001.84,2216.8275,2480.8450000000003,0.03,0.68,0.152,0.11,0.0,15.15,12.34,13.865
09,09,-,314.84,452.04,391.641,396.085,0.0,528.72,410.80875,462.7,168.12,367.87,284.99,293.77,364.43,790.42,607.5699999999999,629.16,81.07,149.54,106.65,104.845,1048.77,2355.97,1873.0465,1936.895,0.0,6839.57,5382.095,5944.12,0.1,0.87,0.314,0.265,0.0,17.97,14.695,16.65
09,10,-,459.15,606.54,538.9165,537.605,0.0,739.61,575.24375,645.675,282.61,507.21,407.4395,410.34000000000003,474.58,841.16,671.787,674.9549999999999,99.33,190.88,131.476,125.775,1653.11,3363.61,2799.0935,2922.95,0.0,9605.92,7857.641,8499.099999999999,0.27,1.03,0.5255,0.455,0.0,20.16,16.271875,18.240000000000002
09,11,-,540.2,715.01,649.379,654.075,0.0,896.13,697.01625,793.855,332.36,606.91,503.5145,516.15,477.6,862.91,713.844,732.095,107.24,224.89,145.8665,140.74,2127.34,4090.39,3420.7515,3597.18,0.0,11559.39,9425.9305,10276.535,0.4,1.12,0.747,0.6950000000000001,0.0,22.11,17.77375,19.865000000000002
09,12,-,621.69,784.38,710.3945,717.35,0.0,973.84,763.48875,863.7950000000001,381.32,669.2,557.602,568.0,506.29,883.15,734.5595,750.55,114.57,240.38,152.794,150.885,2289.12,4418.21,3732.3514999999998,3918.99,0.0,12425.62,10147.884,11029.555,0.54,1.23,0.878,0.815,0.0,23.99,19.245,21.425
09,13,-,631.16,779.22,712.9275,712.24,0.0,968.45,764.36,854.005,373.5,655.73,557.568,568.8299999999999,493.04,860.82,730.1045,746.585,105.56,257.66,155.3585,150.155,2285.72,4355.95,3724.2595,3902.2200000000003,0.0,12231.83,10100.1985,11036.724999999999,0.66,1.39,1.006,0.9450000000000001,0.0,25.89,20.76875,23.415
09,14,-,595.06,724.32,661.7685,661.645,0.0,898.64,712.5675,800.52,360.71,604.12,516.467,530.265,507.47,840.42,718.639,738.835,98.4,238.59,145.3015,139.0,2090.91,4128.26,3432.3965,3576.0950000000003,0.0,11476.16,9312.8075,10334.545,0.73,1.47,1.094,0.995,0.0,27.45,22.00875,24.875
09,15,-,425.97,619.34,552.257,556.0799999999999,0.0,755.79,595.2737500000001,685.9,293.34,511.33,425.8385,436.98,475.68,818.25,678.568,696.56,84.68,180.08,126.4175,120.75,1671.37,3583.62,2812.4235,2944.315,0.0,9963.4,7213.0005,8038.375,0.67,1.55,1.0945,1.0150000000000001,0.0,28.49,22.89125,25.98
09,16,-,343.74,456.23,411.9995,420.055,0.0,544.87,439.490625,508.85,204.66,362.93,304.6495,321.92499999999995,420.99,733.2,614.916,646.165,83.96,149.88,107.35,101.755,1012.51,2467.29,1930.6455,2033.085,0.0,5795.58,3419.96,3707.51,0.65,1.43,1.012,0.965,0.0,29.08,23.259999999999998,26.43
09,17,-,196.88,284.25,251.2355,257.72,0.0,321.21,238.64749999999998,276.29999999999995,97.17,204.98,170.8295,179.39,296.55,612.2,508.9665,530.5350000000001,65.57,106.28,80.4055,78.63,300.67,1130.28,881.4315,919.4100000000001,0.0,1594.79,762.2865,677.415,0.49,1.18,0.8245,0.82,0.0,28.99,23.07875,26.165
09,18,-,62.91,97.42,87.7735,91.74,0.0,99.72,68.498125,83.97,20.1,61.37,48.1915,50.39,111.01,327.0,250.939,264.42,33.94,47.43,39.5815,39.83,-175.47,34.97,-47.7815,-27.865000000000002,0.0,164.77,90.68599999999999,87.85499999999999,0.31,0.81,0.575,0.56,0.0,27.21,21.674375,24.545
09,19,-,3.79,7.65,5.6125,5.72,0.0,6.92,4.354375,4.75,0.0,1.02,0.428,0.425,0.0,9.86,4.1985,4.42,3.72,7.64,5.1735,5.05,-265.46,-238.08,-251.9135,-251.505,0.0,13.86,1.1625,0.0,0.21,0.58,0.3935,0.37,0.0,23.7,19.079375,21.455
09,20,-,-0.09,0.42,0.055499999999999994,0.0,0.0,0.0,0.0,0.0,0.0,0.0,0.0,0.0,0.0,0.0,0.0,0.0,-0.12,0.39,0.043000000000000003,0.0,-267.04,-240.98,-253.685,-253.27,0.0,0.0,0.0,0.0,0.2,0.56,0.34600000000000003,0.345,0.0,21.44,17.259375,19.27
09,21,-,-0.07,0.27,0.032,0.0,0.0,0.0,0.0,0.0,0.0,0.0,0.0,0.0,0.0,0.0,0.0,0.0,-0.09,0.21,0.0205,0.0,-267.6,-240.89,-254.1475,-253.115,0.0,0.0,0.0,0.0,0.1,0.4,0.2595,0.275,0.0,19.5,15.73,17.68
09,22,-,-0.05,0.13,0.013000000000000001,0.0,0.0,0.0,0.0,0.0,0.0,0.0,0.0,0.0,0.0,0.0,0.0,0.0,-0.07,0.09,0.0034999999999999996,0.0,-267.19,-239.74,-253.9725,-253.60500000000002,0.0,0.0,0.0,0.0,0.05,0.38,0.1575,0.155,0.0,17.81,14.22875,15.835
09,23,-,-0.03,0.03,0.0015,0.0,0.0,0.0,0.0,0.0,0.0,0.0,0.0,0.0,0.0,0.0,0.0,0.0,-0.05,0.01,-0.0055,0.0,-267.55,-238.06,-253.59550000000002,-252.985,0.0,0.0,0.0,0.0,0.03,0.4,0.129,0.1,0.0,16.62,13.10375,14.59
09,24,-,-0.05,0.03,-0.005,0.0,0.0,0.0,0.0,0.0,0.0,0.0,0.0,0.0,0.0,0.0,0.0,0.0,-0.06,0.01,-0.0105,0.0,-266.88,-237.93,-253.5755,-252.11,0.0,0.0,0.0,0.0,0.04,0.5,0.128,0.1,0.0,15.59,12.2725,13.735
10,01,-,-0.06,0.02,-0.0025,0.0,0.0,0.0,0.0,0.0,0.0,0.0,0.0,0.0,0.0,0.0,0.0,0.0,-0.06,0.01,-0.0045,0.0,-272.52,-245.27,-254.888,-253.53500000000003,0.0,0.0,0.0,0.0,0.01,0.38,0.1985,0.2,0.0,10.56,6.978125,8.120000000000001
10,02,-,-0.05,0.03,-0.0005000000000000002,0.0,0.0,0.0,0.0,0.0,0.0,0.0,0.0,0.0,0.0,0.0,0.0,0.0,-0.06,0.02,-0.0035,0.0,-272.35,-244.03,-254.835,-254.025,0.0,0.0,0.0,0.0,0.01,0.36,0.186,0.165,0.0,10.12,6.61875,7.745
10,03,-,-0.05,0.03,-0.002,0.0,0.0,0.0,0.0,0.0,0.0,0.0,0.0,0.0,0.0,0.0,0.0,0.0,-0.05,0.01,-0.0035,0.0,-271.52,-246.84,-254.7365,-253.155,0.0,0.0,0.0,0.0,0.01,0.36,0.185,0.17,0.0,10.01,6.296875,7.35
10,04,-,-0.05,0.04,-0.0005000000000000001,0.0,0.0,0.0,0.0,0.0,0.0,0.0,0.0,0.0,0.0,0.0,0.0,0.0,-0.05,0.02,-0.0025,0.0,-269.71,-244.47,-253.0145,-252.07,0.0,0.0,0.0,0.0,0.01,0.3,0.182,0.2,0.0,9.69,6.0337499999999995,7.074999999999999
10,05,-,-0.05,0.04,-0.0005000000000000001,0.0,0.0,0.0,0.0,0.0,0.0,0.0,0.0,0.0,0.0,0.0,0.0,0.0,-0.05,0.02,-0.003,0.0,-268.37,-244.52,-251.7375,-250.56,0.0,0.0,0.0,0.0,0.02,0.31,0.179,0.19,0.0,9.41,5.83,6.869999999999999
10,06,-,-0.04,0.07,0.006500000000000001,0.0,0.0,0.01,0.003125,0.0,0.0,0.0,0.0,0.0,0.0,0.0,0.0,0.0,-0.04,0.05,0.005,0.0,-268.72,-245.1,-251.6095,-248.755,0.0,0.0,0.0,0.0,0.02,0.38,0.194,0.185,0.0,9.29,5.67625,6.63
10,07,-,8.31,14.29,10.37,10.04,0.0,20.59,11.390625,12.33,0.1,5.81,1.335,0.885,1.31,57.47,13.7925,8.940000000000001,7.43,11.13,9.0275,8.895,-265.53,-239.07,-247.5445,-246.97,0.0,36.68,14.2425,11.27,0.03,0.4,0.199,0.16999999999999998,0.0,9.11,5.610625,6.455
10,08,-,82.43,137.7,114.514,114.66499999999999,0.0,195.51,123.7775,149.765,25.99,87.65,63.2595,64.415,123.25,436.46,308.717,308.13,38.92,60.41,51.2985,51.730000000000004,-189.88,373.57,-5.507500000000002,-68.77000000000001,0.0,1550.71,983.7055,940.86,0.08,0.46,0.2305,0.18,0.0,11.11,7.069375,8.225
10,09,-,183.85,303.83,262.142,258.52,0.0,408.76,273.469375,326.99,67.27,215.21,166.419,168.54000000000002,178.15,615.16,466.7265,467.66499999999996,80.31,116.58,95.7375,92.93,602.55,1890.36,1269.8665,1232.46,0.0,4841.63,3601.988,3726.12,0.2,0.73,0.3635,0.32,0.0,13.63,8.90875,10.64
10,10,-,295.07,466.0,395.3675,399.46500000000003,0.0,588.04,416.08375,514.375,148.66,365.56,269.9075,264.255,294.0,759.65,555.297,544.095,100.44,169.23,125.46,124.2,1320.65,3048.07,2290.258,2326.67,0.0,8535.51,6461.874,6699.15,0.31,1.01,0.5845,0.56,0.0,15.19,10.236875,12.055
10,11,-,354.11,571.65,484.274,483.615,0.0,736.73,508.65125,631.1199999999999,187.25,462.63,340.422,339.255,313.97,812.02,590.349,579.2950000000001,106.33,194.14,143.852,142.93,1620.29,3751.05,2832.584,2898.51,0.0,10544.59,7960.3885,8229.23,0.44,1.17,0.7755,0.77,0.0,16.75,11.376875,13.385
10,12,-,404.67,618.27,534.2265,533.255,0.0,805.89,562.24375,670.92,210.28,509.47,380.3705,373.13,331.82,826.94,610.9215,606.2950000000001,108.1,199.63,153.8565,151.775,1864.64,4072.59,3118.8885,3096.4049999999997,0.0,11374.1,8635.137999999999,8877.36,0.51,1.28,0.875,0.875,0.0,18.26,12.515,14.955
10,13,-,406.23,597.64,526.9435,526.78,0.0,787.5,555.705625,674.3050000000001,209.36,477.61,372.801,366.37,331.96,776.04,602.0845,594.405,106.3,196.87,154.14249999999998,154.02499999999998,1907.8,3934.95,3039.4105,3054.315,0.0,11016.8,8424.2315,8830.314999999999,0.48,1.36,0.93,0.95,0.0,19.53,13.545,16.450000000000003
10,14,-,370.75,526.63,466.5265,463.46500000000003,0.0,693.25,489.669375,592.5699999999999,180.09,411.38,323.369,322.6,311.06,725.42,569.4815,557.99,98.49,190.67,143.157,144.055,1705.51,3400.79,2624.8965,2580.6400000000003,0.0,9600.53,7313.085,7654.845,0.57,1.32,0.9565,0.965,0.0,20.53,14.334375,17.564999999999998
10,15,-,299.11,419.91,370.8615,365.13,0.0,574.39,386.47249999999997,453.02,153.3,323.72,252.066,249.035,318.31,690.61,534.4465,516.84,90.15,147.83,118.796,121.005,1203.71,2627.62,1975.679,1902.9299999999998,0.0,7310.19,4975.0525,5147.93,0.58,1.27,0.8955,0.84,0.0,21.26,14.839375,18.295
10,16,-,198.37,276.24,243.079,248.255,0.0,381.09,252.240625,309.70500000000004,93.22,206.06,156.18,161.015,274.69,610.77,460.313,458.735,66.53,111.93,86.8985,87.44999999999999,659.04,1503.54,1062.4615000000001,1021.685,0.0,2996.15,1667.5675,1624.855,0.42,1.07,0.7535000000000001,0.715,0.0,21.56,14.974375,18.395000000000003
10,17,-,56.18,99.51,79.8145,80.5,0.0,113.62,58.0825,64.86,14.67,62.73,37.4735,36.730000000000004,58.52,281.94,162.3675,158.94,34.01,48.96,42.341499999999996,42.71,-62.12,236.43,85.03,75.62,0.0,262.89,140.7325,151.8,0.31,0.8,0.532,0.52,0.0,20.59,14.128125,17.34
10,18,-,5.26,9.65,7.2845,7.33,0.0,7.85,5.374375,6.27,0.0,2.37,0.2275,0.07,0.0,7.77,1.7475,1.585,5.25,8.54,7.0465,7.25,-270.42,-240.44,-250.7095,-249.06,0.0,5.84,1.461,1.145,0.15,0.6,0.3605,0.32,0.0,18.11,12.176874999999999,14.73
10,19,-,-0.09,0.44,0.0465,0.01,0.0,0.01,0.00375,0.0,0.0,0.0,0.0,0.0,0.0,0.0,0.0,0.0,-0.11,0.4,0.0335,0.01,-273.7,-241.37,-254.0575,-252.35500000000002,0.0,0.0,0.0,0.0,0.14,0.69,0.316,0.28,0.0,16.0,10.755625,12.82
10,20,-,-0.07,0.25,0.014,0.0,0.0,0.0,0.0,0.0,0.0,0.0,0.0,0.0,0.0,0.0,0.0,0.0,-0.09,0.19,0.0045000000000000005,0.0,-275.82,-243.7,-255.918,-254.32999999999998,0.0,0.0,0.0,0.0,0.13,0.72,0.3145,0.29000000000000004,0.0,14.73,9.803125,11.665
10,21,-,-0.04,0.1,0.0025,0.0,0.0,0.0,0.0,0.0,0.0,0.0,0.0,0.0,0.0,0.0,0.0,0.0,-0.07,0.06,-0.0045000000000000005,0.0,-275.23,-246.22,-255.5885,-253.875,0.0,0.01,0.0005,0.0,0.09,0.59,0.276,0.26,0.0,13.56,9.0025,10.525
10,22,-,-0.03,0.01,-0.002,0.0,0.0,0.0,0.0,0.0,0.0,0.0,0.0,0.0,0.0,0.0,0.0,0.0,-0.05,0.0,-0.006500000000000001,0.0,-274.23,-245.4,-255.767,-253.51,0.0,0.0,0.0,0.0,0.07,0.48,0.2375,0.225,0.0,12.61,8.313125,9.61
10,23,-,-0.04,0.01,-0.003,0.0,0.0,0.0,0.0,0.0,0.0,0.0,0.0,0.0,0.0,0.0,0.0,0.0,-0.04,0.0,-0.006,0.0,-273.32,-246.05,-255.1825,-253.36,0.0,0.0,0.0,0.0,0.02,0.52,0.228,0.2,0.0,11.88,7.755625,8.850000000000001
10,24,-,-0.06,0.01,-0.003,0.0,0.0,0.0,0.0,0.0,0.0,0.0,0.0,0.0,0.0,0.0,0.0,0.0,-0.06,0.01,-0.005,0.0,-273.19,-245.36,-254.962,-253.175,0.0,0.0,0.0,0.0,0.07,0.48,0.2175,0.195,0.0,11.17,7.31125,8.34
11,01,-,-0.01,0.04,0.0025,0.0,0.0,0.0,0.0,0.0,0.0,0.0,0.0,0.0,0.0,0.0,0.0,0.0,-0.01,0.04,-0.0005,0.0,-273.54,-205.92,-250.9675,-249.95499999999998,0.0,0.0,0.0,0.0,0.08,1.05,0.41350000000000003,0.365,0.0,7.61,4.518125,5.13
11,02,-,-0.01,0.03,0.002,0.0,0.0,0.0,0.0,0.0,0.0,0.0,0.0,0.0,0.0,0.0,0.0,0.0,-0.02,0.03,-0.001,0.0,-272.84,-209.15,-251.485,-250.555,0.0,0.0,0.0,0.0,0.09,1.03,0.4,0.355,0.0,7.16,4.2924999999999995,5.055
11,03,-,-0.01,0.02,0.0,0.0,0.0,0.0,0.0,0.0,0.0,0.0,0.0,0.0,0.0,0.0,0.0,0.0,-0.01,0.0,-0.0025,0.0,-272.49,-208.65,-251.1675,-252.475,0.0,0.0,0.0,0.0,0.1,1.05,0.381,0.29500000000000004,0.0,6.69,4.09375,4.88
11,04,-,-0.01,0.02,-0.0005,0.0,0.0,0.0,0.0,0.0,0.0,0.0,0.0,0.0,0.0,0.0,0.0,0.0,-0.01,0.0,-0.0025,0.0,-271.21,-207.58,-249.971,-249.94,0.0,0.0,0.0,0.0,0.07,1.03,0.365,0.28500000000000003,0.0,6.47,3.928125,4.645
11,05,-,-0.05,0.03,-0.0025,0.0,0.0,0.0,0.0,0.0,0.0,0.0,0.0,0.0,0.0,0.0,0.0,0.0,-0.05,0.01,-0.004,0.0,-267.85,-205.08,-248.48250000000002,-248.07999999999998,0.0,0.0,0.0,0.0,0.09,1.01,0.372,0.33499999999999996,0.0,6.41,3.840625,4.505
11,06,-,-0.02,0.03,-0.0005000000000000001,0.0,0.0,0.0,0.0,0.0,0.0,0.0,0.0,0.0,0.0,0.0,0.0,0.0,-0.02,0.01,-0.0025,0.0,-268.75,-207.23,-247.984,-248.36,0.0,0.0,0.0,0.0,0.09,0.74,0.345,0.37,0.0,6.33,3.72375,4.47
11,07,-,0.31,1.09,0.549,0.53,0.0,0.72,0.43,0.51,0.0,0.0,0.0,0.0,0.0,0.47,0.0665,0.005,0.3,1.08,0.541,0.525,-267.39,-205.64,-247.1565,-248.33999999999997,0.0,0.0,0.0,0.0,0.09,0.75,0.3625,0.385,0.0,6.18,3.645625,4.244999999999999
11,08,-,19.34,42.01,29.3545,28.415,0.0,42.17,24.5125,26.535,4.01,18.31,9.306,7.665,30.86,146.96,76.7595,62.665000000000006,15.33,23.7,20.046,19.925,-238.93,-125.63,-202.8885,-209.175,2.6,230.9,122.9685,123.24000000000001,0.11,0.92,0.398,0.37,0.0,6.65,3.871875,4.49
11,09,-,77.46,165.51,116.969,113.755,0.0,223.73,117.676875,128.19,19.23,96.59,50.3165,48.959999999999994,76.31,405.07,213.726,190.56,53.28,84.25,66.6525,66.86,-11.08,832.23,387.2205,365.91499999999996,163.46,2233.9,1294.128,1336.28,0.1,1.04,0.4685,0.46499999999999997,0.0,7.96,4.7875,5.515
11,10,-,159.48,283.92,215.01749999999998,214.28,0.0,372.39,224.125,245.60500000000002,48.91,187.72,103.084,100.26,134.94,527.15,288.15749999999997,277.19,95.95,132.69,111.9345,111.145,352.82,1765.05,1114.948,1158.84,734.2,5081.83,3303.9925,3394.545,0.26,1.16,0.6225,0.5549999999999999,0.0,9.2,5.654375,6.5600000000000005
11,11,-,221.14,369.02,298.858,304.33000000000004,0.0,502.27,314.269375,347.40999999999997,75.23,245.62,154.0975,159.445,164.04,557.87,348.33,361.29999999999995,123.2,164.43,144.7585,144.445,746.31,2447.28,1711.58,1775.085,1158.99,7180.65,4913.376,5238.51,0.39,1.31,0.763,0.6699999999999999,0.0,10.61,6.584375,7.735
11,12,-,252.21,403.51,344.8205,356.86,0.0,574.25,368.040625,409.58000000000004,100.01,276.61,187.497,199.26,204.44,570.72,386.0425,411.98,126.86,186.84,157.3205,159.75,902.34,2837.37,2029.971,2127.0699999999997,1514.31,8233.52,5778.393,5953.5,0.48,1.47,0.8695,0.8300000000000001,0.0,11.69,7.440625,8.66
11,13,-,251.36,410.5,343.765,346.79,0.0,562.79,367.7375,427.83500000000004,99.48,270.89,189.279,192.935,205.37,553.09,392.7395,404.38,126.14,183.04,154.4865,153.33499999999998,799.99,2753.04,1998.5964999999999,2114.9049999999997,1687.68,7999.29,5698.0835,5744.355,0.46,1.58,0.9225,0.825,0.0,12.41,8.079375,9.399999999999999
11,14,-,214.58,345.5,291.187,299.16499999999996,0.0,469.68,310.913125,367.62,64.0,240.6,157.192,164.48,150.87,546.35,363.97,385.08,104.89,156.14,133.99450000000002,134.845,440.24,1989.15,1507.9225,1621.81,1311.61,6358.38,4590.6325,4667.84,0.38,1.77,0.904,0.855,0.0,13.19,8.57375,9.705
11,15,-,145.58,250.14,211.323,217.26,0.0,352.95,227.56687499999998,266.53999999999996,32.93,171.24,110.2925,120.055,96.34,494.89,324.7915,354.45500000000004,78.91,129.42,101.0305,102.43,96.96,1188.78,815.5075,805.115,801.52,3860.73,2712.227,2779.99,0.3,1.67,0.8155,0.785,0.0,13.5,8.8325,9.92
11,16,-,68.49,121.53,99.4205,100.155,0.0,172.45,104.82374999999999,128.015,14.44,71.59,41.5915,41.365,63.99,296.16,176.217,172.265,48.32,67.4,57.829,58.39,-177.68,297.36,84.243,96.67500000000001,149.57,969.91,622.652,631.01,0.19,1.47,0.6425,0.615,0.0,13.25,8.6125,9.58
11,17,-,12.15,19.37,14.922,14.82,0.0,19.88,12.045625,13.55,0.0,0.08,0.014,0.0,0.0,4.54,0.781,0.21500000000000002,12.14,19.36,14.902,14.805,-264.85,-207.44,-241.685,-239.62,0.07,24.82,10.0315,7.77,0.2,1.45,0.514,0.42,0.0,11.89,7.565,8.555
11,18,-,0.03,0.3,0.161,0.165,0.0,0.21,0.10250000000000001,0.11,0.0,0.0,0.0,0.0,0.0,0.17,0.009000000000000001,0.0,0.02,0.24,0.149,0.14500000000000002,-273.75,-214.92,-251.5585,-252.375,0.0,0.0,0.0,0.0,0.16,1.1,0.40700000000000003,0.355,0.0,10.57,6.6850000000000005,7.699999999999999
11,19,-,-0.09,0.07,-0.003999999999999999,0.0,0.0,0.0,0.0,0.0,0.0,0.0,0.0,0.0,0.0,0.0,0.0,0.0,-0.11,0.04,-0.009,0.0,-275.31,-216.48,-252.851,-254.68,0.0,0.0,0.0,0.0,0.13,1.12,0.421,0.375,0.0,9.63,6.068125,6.77
11,20,-,-0.05,0.02,-0.003,0.0,0.0,0.0,0.0,0.0,0.0,0.0,0.0,0.0,0.0,0.0,0.0,0.0,-0.08,0.01,-0.0075,0.0,-275.3,-216.53,-253.64,-255.25,0.0,0.0,0.0,0.0,0.08,1.07,0.4245,0.4,0.0,9.14,5.635625,6.3149999999999995
11,21,-,-0.03,0.01,-0.002,0.0,0.0,0.0,0.0,0.0,0.0,0.0,0.0,0.0,0.0,0.0,0.0,0.0,-0.05,0.01,-0.005,0.0,-275.55,-217.17,-252.8855,-254.16,0.0,0.0,0.0,0.0,0.07,1.1,0.4385,0.44,0.0,8.77,5.351875,5.859999999999999
11,22,-,-0.01,0.01,-0.0005,0.0,0.0,0.0,0.0,0.0,0.0,0.0,0.0,0.0,0.0,0.0,0.0,0.0,-0.03,0.01,-0.003,0.0,-274.95,-208.29,-252.547,-252.805,0.0,0.0,0.0,0.0,0.08,1.04,0.4325,0.405,0.0,8.43,5.07875,5.505000000000001
11,23,-,-0.0,0.04,0.0025,0.0,0.0,0.0,0.0,0.0,0.0,0.0,0.0,0.0,0.0,0.0,0.0,0.0,-0.02,0.03,-0.0005000000000000001,0.0,-274.36,-207.11,-252.05450000000002,-251.965,0.0,0.0,0.0,0.0,0.09,1.22,0.431,0.35,0.0,8.08,4.7725,5.18
11,24,-,-0.01,0.11,0.0055,0.0,0.0,0.0,0.0,0.0,0.0,0.0,0.0,0.0,0.0,0.0,0.0,0.0,-0.01,0.11,0.0035,0.0,-273.56,-207.7,-251.6625,-250.82,0.0,0.0,0.0,0.0,0.05,1.17,0.4225,0.3,0.0,7.91,4.55875,4.84
12,01,-,-0.01,0.02,0.0005,0.0,0.0,0.01,0.000625,0.0,0.0,0.0,0.0,0.0,0.0,0.0,0.0,0.0,-0.02,0.02,-0.003,0.0,-269.73,-163.03,-240.9815,-249.285,0.0,0.0,0.0,0.0,0.12,1.32,0.641,0.545,0.0,5.89,2.56125,2.315
12,02,-,-0.01,0.0,-0.0015,0.0,-0.02,0.0,-0.00125,0.0,0.0,0.0,0.0,0.0,0.0,0.0,0.0,0.0,-0.02,0.0,-0.0035,0.0,-270.02,-163.2,-240.709,-249.07999999999998,0.0,0.0,0.0,0.0,0.1,1.29,0.614,0.53,-0.17,5.66,2.4050000000000002,2.185
12,03,-,-0.01,0.01,-0.0005,0.0,-0.02,0.0,-0.00125,0.0,0.0,0.0,0.0,0.0,0.0,0.0,0.0,0.0,-0.02,0.0,-0.003,0.0,-269.41,-162.85,-239.687,-248.845,0.0,0.0,0.0,0.0,0.12,1.41,0.5985,0.56,-0.39,5.31,2.2725,2.1950000000000003
12,04,-,-0.01,0.01,0.001,0.0,-0.02,0.0,-0.00125,0.0,0.0,0.0,0.0,0.0,0.0,0.0,0.0,0.0,-0.02,0.0,-0.003,0.0,-268.21,-162.62,-237.9915,-247.345,0.0,0.0,0.0,0.0,0.11,1.34,0.58,0.575,-0.75,5.37,2.14875,2.145
12,05,-,-0.01,0.04,0.0025,0.0,-0.02,0.0,-0.00125,0.0,0.0,0.0,0.0,0.0,0.0,0.0,0.0,0.0,-0.02,0.04,-0.001,0.0,-265.87,-159.08,-236.2565,-245.68,0.0,0.0,0.0,0.0,0.15,1.25,0.576,0.585,-1.07,5.34,2.0675,2.045
12,06,-,-0.01,0.03,0.0015,0.0,-0.02,0.0,-0.00125,0.0,0.0,0.0,0.0,0.0,0.0,0.0,0.0,0.0,-0.03,0.03,-0.002,0.0,-265.61,-158.33,-236.3305,-244.685,0.0,0.0,0.0,0.0,0.13,1.31,0.5815,0.575,-1.47,5.17,1.935,1.92
12,07,-,-0.01,0.03,0.0025,0.0,-0.01,0.0,-0.000625,0.0,0.0,0.0,0.0,0.0,0.0,0.0,0.0,0.0,-0.02,0.03,-0.001,0.0,-264.22,-157.4,-235.0355,-244.575,0.0,0.0,0.0,0.0,0.08,1.22,0.5835,0.655,-1.68,5.37,1.86375,1.8450000000000002
12,08,-,2.25,7.1,4.8934999999999995,4.79,0.0,6.68,4.18125,4.800000000000001,0.02,1.28,0.4585,0.35,0.39,17.06,6.8709999999999996,5.43,2.15,5.96,4.4365,4.575,-261.92,-156.87,-235.27,-244.89,0.0,9.51,2.4715,1.22,0.08,1.18,0.5775,0.6,-1.36,5.33,1.81125,1.83
12,09,-,27.71,87.57,57.6815,56.239999999999995,0.0,145.87,68.35125000000001,71.27000000000001,5.16,46.09,19.193,16.95,35.68,311.48,127.3985,111.9,22.55,45.42,38.585,40.665,-241.57,254.78,-27.2755,-32.95,197.15,1019.38,462.4645,450.995,0.06,1.3,0.6005,0.5800000000000001,-0.37,5.75,2.246875,2.2199999999999998
12,10,-,76.09,187.64,136.583,140.24,0.0,297.61,158.005625,168.355,21.3,103.4,54.406,50.644999999999996,76.73,386.52,201.4685,188.46,49.07,97.35,82.26650000000001,84.82499999999999,-243.59,1205.37,508.591,562.96,775.93,3507.96,1938.1335,1989.385,0.2,1.54,0.7535000000000001,0.725,0.0,7.25,3.12125,3.175
12,11,-,116.47,272.72,211.50300000000001,222.79000000000002,0.0,421.59,246.99625,266.38,42.2,166.14,94.584,94.99000000000001,117.09,459.11,262.60699999999997,264.89,71.94,143.09,117.013,121.19999999999999,-245.18,1914.85,1011.0605,1127.365,1607.83,5697.66,3557.7305,3658.3050000000003,0.29,1.77,0.953,1.02,0.0,8.68,4.0075,4.005
12,12,-,140.96,337.85,251.5375,251.875,0.0,510.69,293.198125,316.45500000000004,34.28,200.88,114.2255,114.405,82.86,491.77,279.1665,280.655,82.07,163.38,137.4135,143.66,-247.19,2402.92,1260.823,1407.815,1956.0,6976.19,4312.879,4364.225,0.39,1.89,1.074,1.165,0.0,9.37,4.7275,4.8100000000000005
12,13,-,155.1,344.82,258.564,268.725,0.0,526.02,296.389375,308.055,49.02,223.35,120.595,115.07,117.36,538.44,290.959,279.33000000000004,82.86,172.39,137.9725,137.905,-247.17,2452.24,1291.214,1319.57,2355.4,7166.37,4401.451,4325.59,0.47,1.82,1.146,1.17,0.0,9.78,5.2543750000000005,5.275
12,14,-,140.54,314.95,229.705,228.19,0.0,491.5,265.7,273.19,37.2,216.51,109.7075,101.61,98.91,578.35,293.341,273.02,70.89,151.15,119.9965,122.67,-243.93,1581.53,983.9985,948.915,1836.78,6135.47,3767.065,3625.5699999999997,0.4,1.72,1.1340000000000001,1.17,0.0,9.97,5.6375,5.885
12,15,-,96.29,226.93,161.76,160.76999999999998,0.0,361.41,187.788125,190.53500000000003,28.66,145.57,72.08,72.775,98.36,503.59,247.0265,250.01,46.34,110.2,89.68,89.605,-245.44,885.22,359.016,381.715,1263.41,3386.75,2146.2285,2179.48,0.35,1.77,1.082,1.105,0.0,9.95,5.820625,6.25
12,16,-,42.62,81.16,63.979,62.325,0.0,122.92,69.38375,68.72,6.16,37.93,17.7465,17.065,29.0,184.89,85.9815,83.245,26.18,53.6,46.2325,47.5,-245.93,45.82,-100.459,-100.87,252.79,587.11,417.7445,400.375,0.25,1.53,0.9095,0.89,0.0,9.33,5.5875,5.945
12,17,-,5.99,11.59,9.311,9.335,0.0,10.74,7.601875,8.190000000000001,0.0,0.51,0.038,0.01,0.0,4.14,0.891,0.35,5.98,11.58,9.2655,9.32,-262.83,-162.86,-239.9595,-246.15,0.0,8.97,2.1985,1.7850000000000001,0.18,1.43,0.7955,0.8500000000000001,0.0,8.36,4.863125,4.93
12,18,-,-0.03,0.11,0.015,0.01,0.0,0.08,0.006875,0.0,0.0,0.0,0.0,0.0,0.0,0.0,0.0,0.0,-0.03,0.09,0.0085,0.0,-269.77,-165.29,-242.49,-251.345,0.0,0.0,0.0,0.0,0.13,1.39,0.725,0.77,0.0,7.65,4.19,4.33
12,19,-,-0.02,0.04,0.0025,0.0,0.0,0.04,0.0025,0.0,0.0,0.0,0.0,0.0,0.0,0.0,0.0,0.0,-0.05,0.03,-0.004,0.0,-271.65,-165.19,-243.441,-253.235,0.0,0.0,0.0,0.0,0.09,1.41,0.7185,0.74,0.0,7.21,3.788125,3.695
12,20,-,-0.01,0.02,0.0,0.0,0.0,0.02,0.00125,0.0,0.0,0.0,0.0,0.0,0.0,0.0,0.0,0.0,-0.04,0.01,-0.0045,0.0,-272.87,-165.91,-244.046,-253.31,0.0,0.0,0.0,0.0,0.16,1.41,0.7395,0.745,0.0,6.93,3.526875,3.35
12,21,-,-0.02,0.01,-0.0015,0.0,0.0,0.01,0.000625,0.0,0.0,0.0,0.0,0.0,0.0,0.0,0.0,0.0,-0.03,0.0,-0.005,0.0,-270.91,-164.74,-243.3545,-252.485,0.0,0.0,0.0,0.0,0.13,1.51,0.7155,0.7050000000000001,0.0,6.68,3.311875,3.04
12,22,-,-0.01,0.0,-0.0005,0.0,0.0,0.02,0.00125,0.0,0.0,0.0,0.0,0.0,0.0,0.0,0.0,0.0,-0.02,0.0,-0.0035,0.0,-272.07,-164.42,-242.298,-251.975,0.0,0.0,0.0,0.0,0.09,1.55,0.7205,0.62,0.0,6.15,3.09,2.865
12,23,-,-0.01,0.0,-0.0005,0.0,0.0,0.02,0.00125,0.0,0.0,0.0,0.0,0.0,0.0,0.0,0.0,0.0,-0.02,0.0,-0.004,0.0,-270.94,-164.47,-241.7595,-250.62,0.0,0.0,0.0,0.0,0.08,1.55,0.6845,0.605,0.0,6.0,2.91375,2.625
12,24,-,-0.01,0.01,-0.0005,0.0,0.0,0.01,0.000625,0.0,0.0,0.0,0.0,0.0,0.0,0.0,0.0,0.0,-0.02,0.0,-0.004,0.0,-271.31,-164.55,-241.681,-250.10500000000002,0.0,0.0,0.0,0.0,0.12,1.45,0.681,0.64,0.0,5.82,2.73875,2.505
