Station_ID_Number:,94040,-,-,-,-,Type_of_Measurement:,GHI,GTI(15:180),DrHI_Calc,DNI,DHI,PV_Power,PV_Power,Wind_Speed,Temperature
Station_Name:,ASO,-,-,-,-,Element:,1000,1160,2000,2010,3000,5161,5162,9210,9300
Station_Location:,Ashland_Oregon_USA,-,-,-,-,Instrument_Serial_Number:,RSP(PY35563_GHI),LICOR(PY22981),RSP(PY35563_DNI),RSP(PY35563_DNI),RSP(PY35563_DHI),PV5kw(ASO),PV15kw(ASO),WindSpeed(ASO),Temperature(ASO)
Latitude_(+North):,42.19441,-,-,-,-,Instrument_Shorthand_Name:,RSP,GTI(15:180),-,RSP,RSP,PV5kw(ASO),PV15kw(ASO),WS(ASO),TEMP(ASO)
Longitude_(+East):,-122.698158,-,-,-,-,Responsivity:,9.8322,9.586300000000001,-,9.8322,9.8322,160.,2.7777800000000004,1308.9005200000001,1000.0000000000001
Altitude_(m):,594.,-,+-3_Degrees,+-7.5_Degrees,-,Estimated_Uncertainty_(U95%):,3.125,3.362,3.125,3.125,3.125,1.999,2.191,4.383,2.2
Time_Zone_(+East):,-8,-,DNI_WeightedSZA,Middle_of_hour,-,Sample_Method:,Avg,Avg,-,Avg,Avg,Avg,Avg,Avg,Avg
Time_Interval_(Minutes):,1,-,-,-,-,Units:,W/m^2,W/m^2,W/m^2,W/m^2,W/m^2,Watts,Watts,m/s,C
Year//Month,2020//06,-,-,-,-,Column_Notes:,AdjustedColumn,AdjustedColumn,CalculatedColumn,AdjustedColumn,AdjustedColumn,MeasuredColumn,MeasuredColumn,MeasuredColumn,MeasuredColumn
year.fractionofyear,dayofyear.fractionofday,YYYY-MM-DD--HH:MM:SS,SZA,AZM,ETR_(W/m^2),ETRn_(W/m^2),GHI,GTI(15:180),DrHI_Calc,DNI,DHI,PV_Power,PV_Power,Wind_Speed,Temperature
2020.4154143898,153.04166666666666,2020-06-01--01:00:00,115.49,5.34,0.0,0.0,0.0,0.0,0.0,0.0,0.0,-253.9,0.0,0.0283,13.62
2020.4155282331515,153.08333333333331,2020-06-01--02:00:00,113.01,20.33,0.0,0.0,0.0,0.0,0.0,0.0,0.0,-249.17,0.0,0.0093,12.92
2020.415642076503,153.125,2020-06-01--03:00:00,107.92,34.13,0.0,0.0,0.0,0.0,0.0,0.0,0.0,-266.12,0.0,0.019,12.6
2020.4157559198545,153.16666666666666,2020-06-01--04:00:00,100.72,46.4,0.0,0.0,0.0,0.0,0.0,0.0,0.0,-246.3,0.0,0.0063,12.56
2020.415869763206,153.20833333333331,2020-06-01--05:00:00,87.79,57.27,12.35,462.71,0.97,0.81,0.0,0.0,0.97,-258.18,0.0,0.0188,12.4
2020.4159836065576,153.25,2020-06-01--06:00:00,81.17,67.1,185.34,1322.02,26.42,24.58,0.0,0.0,26.42,-212.77,28.93,0.2248,12.33
2020.416097449909,153.29166666666666,2020-06-01--07:00:00,71.25,76.39,419.77,1322.01,71.64,66.39,0.0,0.0,71.64,-67.82,266.8,0.0623,12.78
2020.4162112932606,153.33333333333331,2020-06-01--08:00:00,60.45,85.73,649.57,1321.99,191.18,184.75,0.0,0.0,191.18,558.25,1574.85,0.0432,13.58
2020.4163251366122,153.375,2020-06-01--09:00:00,49.45,95.94,858.19,1321.97,547.6,562.3,226.13,328.35,321.47,2359.43,5640.33,0.3642,15.75
2020.4164389799637,153.41666666666666,2020-06-01--10:00:00,38.69,108.47,1031.27,1321.96,673.86,713.59,322.63,410.73,351.22,3096.15,7213.43,0.5637,18.1
2020.4165528233152,153.45833333333331,2020-06-01--11:00:00,28.91,126.22,1156.98,1321.94,881.33,955.63,778.8,888.55,102.52,4204.8,9870.72,0.6322,19.48
2020.4166666666667,153.5,2020-06-01--12:00:00,21.87,154.63,1226.74,1321.92,972.71,1049.38,871.49,939.06,101.22,4554.93,10592.83,0.6755,20.94
2020.4167805100185,153.54166666666666,2020-06-01--13:00:00,20.79,193.84,1235.8,1321.91,996.34,1070.72,883.02,944.51,113.32,4611.67,10617.33,1.112,22.57
2020.41689435337,153.58333333333331,2020-06-01--14:00:00,26.43,226.44,1183.55,1321.89,964.61,1046.7,831.58,928.63,133.02,4460.85,10244.0,1.4505,23.7
2020.4170081967216,153.625,2020-06-01--15:00:00,35.66,246.83,1073.57,1321.87,844.74,914.28,726.36,893.94,118.38,3805.12,8130.52,1.2952,24.79
2020.417122040073,153.66666666666666,2020-06-01--16:00:00,46.24,260.57,913.39,1321.86,673.73,707.41,589.82,852.76,83.91,2896.02,3018.32,1.301,25.02
2020.4172358834246,153.70833333333331,2020-06-01--17:00:00,57.21,271.3,713.95,1321.84,501.46,494.53,429.14,793.01,72.33,1748.12,868.35,1.2668,25.02
2020.4173497267761,153.75,2020-06-01--18:00:00,68.11,280.81,488.97,1321.83,323.12,275.54,263.55,707.44,59.57,544.95,240.68,1.0425,24.77
2020.4174635701277,153.79166666666666,2020-06-01--19:00:00,78.42,290.04,254.25,1321.81,143.61,80.3,98.4,485.61,45.21,-146.2,0.22,0.7293,24.09
2020.4175774134792,153.83333333333331,2020-06-01--20:00:00,85.94,299.66,43.59,859.17,19.17,8.93,6.37,79.96,12.8,-269.23,0.0,0.6892,21.63
2020.4176912568307,153.875,2020-06-01--21:00:00,98.09,310.16,0.0,0.0,0.02,0.0,0.0,0.0,0.02,-263.28,0.0,0.7908,19.89
2020.4178051001822,153.91666666666666,2020-06-01--22:00:00,105.8,321.96,0.0,0.0,0.0,0.0,0.0,0.0,0.0,-263.65,0.0,0.2657,17.83
2020.4179189435338,153.95833333333331,2020-06-01--23:00:00,111.59,335.29,0.0,0.0,0.0,0.0,0.0,0.0,0.0,-251.28,0.0,0.086,15.5
2020.4180327868855,154.0,2020-06-02--00:00:00,114.91,349.96,0.0,0.0,0.0,0.0,0.0,0.0,0.0,-252.95,0.0,0.2103,14.16
2020.418146630237,154.04166666666666,2020-06-02--01:00:00,115.37,5.29,0.0,0.0,0.0,0.0,0.0,0.0,0.0,-253.78,0.0,0.0122,12.52
2020.4182604735886,154.08333333333331,2020-06-02--02:00:00,112.9,20.26,0.0,0.0,0.0,0.0,0.0,0.0,0.0,-254.33,0.0,0.0582,11.92
2020.4183743169401,154.125,2020-06-02--03:00:00,107.82,34.03,0.0,0.0,0.0,0.0,0.0,0.0,0.0,-262.15,0.0,0.0542,11.16
2020.4184881602916,154.16666666666666,2020-06-02--04:00:00,100.64,46.29,0.0,0.0,0.0,0.0,0.0,0.0,0.0,-255.07,0.0,0.0022,10.13
2020.4186020036432,154.20833333333331,2020-06-02--05:00:00,87.75,57.15,12.84,484.6,4.5,3.54,0.0,0.0,4.5,-255.88,0.0,0.0802,9.82
2020.4187158469947,154.25,2020-06-02--06:00:00,81.12,66.98,186.61,1321.63,102.31,38.15,68.38,439.15,33.93,-213.08,10.62,0.0167,11.46
2020.4188296903462,154.29166666666666,2020-06-02--07:00:00,71.2,76.26,420.76,1321.62,274.81,207.3,221.97,690.73,52.84,348.0,1257.3,0.1152,15.67
2020.4189435336978,154.33333333333331,2020-06-02--08:00:00,60.41,85.59,650.32,1321.6,455.02,429.66,392.63,795.76,62.4,1518.92,3918.65,0.7163,16.3
2020.4190573770493,154.375,2020-06-02--09:00:00,49.41,95.78,858.77,1321.59,626.41,642.03,557.37,856.82,69.04,2724.0,6700.93,1.064,17.25
2020.4191712204008,154.41666666666666,2020-06-02--10:00:00,38.64,108.27,1031.75,1321.57,777.7,826.28,702.84,899.85,74.86,3621.1,8653.17,0.9737,19.36
2020.4192850637526,154.45833333333331,2020-06-02--11:00:00,28.84,126.0,1157.45,1321.55,890.98,958.3,811.24,926.11,79.74,4201.48,9780.67,1.0517,21.69
2020.419398907104,154.5,2020-06-02--12:00:00,21.77,154.42,1227.28,1321.54,956.71,1024.38,870.95,937.83,85.76,4464.68,10307.17,1.3898,23.29
2020.4195127504556,154.54166666666666,2020-06-02--13:00:00,20.66,193.8,1236.49,1321.52,966.84,1032.07,880.27,940.8,86.57,4409.4,10260.5,1.3893,25.08
2020.4196265938072,154.58333333333331,2020-06-02--14:00:00,26.31,226.54,1184.46,1321.51,913.62,982.67,827.12,922.71,86.5,4139.42,9675.0,1.6205,27.07
2020.4197404371587,154.625,2020-06-02--15:00:00,35.55,246.95,1074.76,1321.49,808.09,866.05,727.62,894.29,80.47,3628.92,7566.67,1.608,28.32
2020.4198542805102,154.66666666666666,2020-06-02--16:00:00,46.13,260.67,914.88,1321.47,667.62,697.62,592.95,855.46,74.67,2834.7,2712.15,1.5443,28.76
2020.4199681238617,154.70833333333331,2020-06-02--17:00:00,57.11,271.39,715.76,1321.46,504.69,496.26,437.41,806.13,67.29,1719.33,745.88,1.2255,29.02
2020.4200819672133,154.75,2020-06-02--18:00:00,68.0,280.89,491.09,1321.44,327.07,277.89,268.75,718.69,58.32,530.47,189.32,0.9687,28.95
2020.4201958105648,154.79166666666666,2020-06-02--19:00:00,78.32,290.11,256.64,1321.43,146.68,79.57,98.07,492.14,48.61,-151.82,0.0,0.9712,27.58
2020.4203096539163,154.83333333333331,2020-06-02--20:00:00,85.87,299.71,45.2,880.94,20.55,9.21,7.49,95.89,13.06,-248.18,0.0,1.0738,24.73
2020.4204234972678,154.875,2020-06-02--21:00:00,97.97,310.2,0.0,0.0,0.02,0.0,0.0,0.0,0.02,-253.02,0.0,0.8358,22.62
2020.4205373406196,154.91666666666666,2020-06-02--22:00:00,105.68,321.99,0.0,0.0,0.0,0.0,0.0,0.0,0.0,-249.55,0.0,0.3038,20.94
2020.4206511839711,154.95833333333331,2020-06-02--23:00:00,111.46,335.29,0.0,0.0,0.0,0.0,0.0,0.0,0.0,-254.33,0.0,0.05,17.61
2020.4207650273227,155.0,2020-06-03--00:00:00,114.79,349.94,0.0,0.0,0.0,0.0,0.0,0.0,0.0,-258.28,0.0,0.1702,15.95
2020.4208788706742,155.04166666666666,2020-06-03--01:00:00,115.25,5.23,0.0,0.0,0.0,0.0,0.0,0.0,0.0,-242.82,0.0,0.0795,14.8
2020.4209927140257,155.08333333333331,2020-06-03--02:00:00,112.8,20.18,0.0,0.0,0.0,0.0,0.0,0.0,0.0,-247.47,0.0,0.0003,13.45
2020.4211065573772,155.125,2020-06-03--03:00:00,107.73,33.94,0.0,0.0,0.0,0.0,0.0,0.0,0.0,-257.68,0.0,0.0132,12.65
2020.4212204007288,155.16666666666666,2020-06-03--04:00:00,100.57,46.19,0.0,0.0,0.0,0.0,0.0,0.0,0.0,-246.7,0.0,0.0007,11.76
2020.4213342440803,155.20833333333331,2020-06-03--05:00:00,87.71,57.05,13.3,484.46,4.01,3.29,0.0,0.0,4.01,-259.9,0.0,0.0003,11.03
2020.4214480874318,155.25,2020-06-03--06:00:00,81.08,66.87,187.76,1321.26,103.67,33.74,71.74,451.88,31.93,-228.08,43.48,0.0335,12.71
2020.4215619307834,155.29166666666666,2020-06-03--07:00:00,71.16,76.14,421.64,1321.24,276.15,210.42,227.04,705.68,49.11,353.7,1234.23,0.5458,14.56
2020.4216757741349,155.33333333333331,2020-06-03--08:00:00,60.37,85.45,650.97,1321.23,450.3,423.26,385.25,780.9,65.05,1480.65,3816.18,0.4068,16.8
2020.4217896174866,155.375,2020-06-03--09:00:00,49.37,95.62,859.26,1321.21,619.27,633.94,518.61,798.13,100.66,2655.7,6495.97,0.3882,19.92
2020.4219034608382,155.41666666666666,2020-06-03--10:00:00,38.59,108.09,1032.16,1321.19,740.5,783.59,585.32,749.7,155.18,3365.28,8097.17,0.8707,20.77
2020.4220173041897,155.45833333333331,2020-06-03--11:00:00,28.77,125.77,1157.85,1321.18,890.54,955.03,788.37,898.95,102.17,4096.47,9719.5,1.054,22.38
2020.4221311475412,155.5,2020-06-03--12:00:00,21.67,154.2,1227.76,1321.16,934.54,1000.12,781.98,842.55,152.56,4134.97,9665.4,0.9052,24.58
2020.4222449908928,155.54166666666666,2020-06-03--13:00:00,20.54,193.76,1237.13,1321.15,906.09,972.9,671.68,717.34,234.41,4062.5,9349.65,1.2038,26.08
2020.4223588342443,155.58333333333331,2020-06-03--14:00:00,26.19,226.62,1185.33,1321.13,923.0,996.68,841.06,937.26,81.95,4210.23,9627.67,1.5475,27.3
2020.4224726775958,155.625,2020-06-03--15:00:00,35.44,247.06,1075.9,1321.12,804.36,861.3,726.49,891.64,77.87,3608.68,7593.25,1.6355,27.51
2020.4225865209473,155.66666666666666,2020-06-03--16:00:00,46.03,260.77,916.33,1321.1,622.5,643.41,494.08,704.67,128.42,2588.4,2837.75,1.5632,28.04
2020.4227003642989,155.70833333333331,2020-06-03--17:00:00,57.01,271.48,717.53,1321.09,370.83,369.9,139.91,264.26,230.91,1284.63,1967.77,1.3795,27.51
2020.4228142076504,155.75,2020-06-03--18:00:00,67.9,280.96,493.15,1321.07,342.33,300.96,257.87,692.21,84.46,637.8,530.05,1.0617,27.99
2020.422928051002,155.79166666666666,2020-06-03--19:00:00,78.23,290.18,258.96,1321.06,152.72,81.16,115.06,569.75,37.66,-155.03,0.0,1.3798,26.52
2020.4230418943534,155.83333333333331,2020-06-03--20:00:00,85.81,299.77,46.78,902.71,19.95,8.13,8.56,103.07,11.39,-255.22,0.0,1.2595,23.48
2020.4231557377052,155.875,2020-06-03--21:00:00,97.86,310.25,0.0,0.0,0.02,0.0,0.0,0.0,0.02,-247.73,0.0,0.9518,21.58
2020.4232695810567,155.91666666666666,2020-06-03--22:00:00,105.56,322.02,0.0,0.0,0.0,0.0,0.0,0.0,0.0,-250.15,0.0,0.4792,20.3
2020.4233834244083,155.95833333333331,2020-06-03--23:00:00,111.34,335.29,0.0,0.0,0.0,0.0,0.0,0.0,0.0,-248.93,0.0,0.2098,18.98
2020.4234972677598,156.0,2020-06-04--00:00:00,114.67,349.91,0.0,0.0,0.0,0.0,0.0,0.0,0.0,-254.22,0.0,0.0002,16.19
2020.4236111111113,156.04166666666666,2020-06-04--01:00:00,115.14,5.18,0.0,0.0,0.0,0.0,0.0,0.0,0.0,-252.32,0.0,0.0003,14.65
2020.4237249544628,156.08333333333331,2020-06-04--02:00:00,112.7,20.1,0.0,0.0,0.0,0.0,0.0,0.0,0.0,-256.65,0.0,0.0297,13.83
2020.4238387978144,156.125,2020-06-04--03:00:00,107.64,33.85,0.0,0.0,0.0,0.0,0.0,0.0,0.0,-251.82,0.0,0.0262,12.98
2020.423952641166,156.16666666666666,2020-06-04--04:00:00,100.49,46.09,0.0,0.0,0.0,0.0,0.0,0.0,0.0,-253.32,0.0,0.0035,11.73
2020.4240664845174,156.20833333333331,2020-06-04--05:00:00,87.68,56.94,13.71,484.33,5.31,3.95,0.0,0.0,5.31,-250.32,0.0,0.0002,10.88
2020.424180327869,156.25,2020-06-04--06:00:00,81.04,66.76,188.79,1320.89,104.07,39.36,66.25,421.22,37.82,-219.9,45.9,0.0307,12.78
2020.4242941712205,156.29166666666666,2020-06-04--07:00:00,71.12,76.02,422.42,1320.88,277.01,211.6,218.69,676.32,58.32,365.9,1259.75,0.1722,15.69
2020.4244080145722,156.33333333333331,2020-06-04--08:00:00,60.33,85.32,651.53,1320.86,462.27,435.16,395.01,798.29,67.26,1514.58,3903.32,0.2778,18.55
2020.4245218579238,156.375,2020-06-04--09:00:00,49.33,95.47,859.66,1320.84,636.81,650.11,559.03,858.43,77.78,2752.58,6703.45,0.9945,18.54
2020.4246357012753,156.41666666666666,2020-06-04--10:00:00,38.55,107.91,1032.49,1320.83,789.8,836.55,708.17,905.36,81.62,3635.35,8665.0,0.9847,20.15
2020.4247495446268,156.45833333333331,2020-06-04--11:00:00,28.71,125.56,1158.19,1320.82,906.25,969.77,816.56,931.09,89.69,4212.92,9904.33,1.4593,21.43
2020.4248633879783,156.5,2020-06-04--12:00:00,21.58,153.99,1228.2,1320.8,973.26,1036.32,887.28,954.14,85.98,4481.82,10513.67,1.6543,22.98
2020.4249772313299,156.54166666666666,2020-06-04--13:00:00,20.43,193.7,1237.73,1320.79,981.04,1041.77,894.08,954.07,86.96,4477.63,10397.5,1.6062,24.59
2020.4250910746814,156.58333333333331,2020-06-04--14:00:00,26.08,226.7,1186.16,1320.77,932.0,996.78,843.23,938.62,88.78,4221.8,9803.33,1.7048,26.02
2020.425204918033,156.625,2020-06-04--15:00:00,35.34,247.15,1077.0,1320.76,825.26,878.93,743.02,910.31,82.24,3691.65,7708.15,1.5898,26.92
2020.4253187613845,156.66666666666666,2020-06-04--16:00:00,45.93,260.86,917.73,1320.74,623.62,644.68,515.74,741.59,107.88,2627.97,2790.15,1.5133,27.32
2020.425432604736,156.70833333333331,2020-06-04--17:00:00,56.91,271.56,719.23,1320.73,503.59,491.8,424.79,777.56,78.8,1736.58,844.93,1.4277,27.38
2020.4255464480875,156.75,2020-06-04--18:00:00,67.8,281.03,495.15,1320.71,334.63,283.51,275.76,730.76,58.87,567.75,220.63,1.4497,26.86
2020.4256602914393,156.79166666666666,2020-06-04--19:00:00,78.13,290.23,261.2,1320.7,142.24,77.95,99.99,481.91,42.24,-161.43,0.0,1.121,25.45
2020.4257741347908,156.83333333333331,2020-06-04--20:00:00,85.74,299.82,48.34,902.47,21.85,9.34,6.94,83.06,14.91,-243.7,0.0,1.1758,23.0
2020.4258879781423,156.875,2020-06-04--21:00:00,97.74,310.28,0.0,0.0,0.01,0.0,0.0,0.0,0.01,-254.25,0.0,0.8815,21.14
2020.4260018214939,156.91666666666666,2020-06-04--22:00:00,105.44,322.04,0.0,0.0,0.0,0.0,0.0,0.0,0.0,-257.87,0.0,0.1913,18.97
2020.4261156648454,156.95833333333331,2020-06-04--23:00:00,111.22,335.29,0.0,0.0,0.0,0.0,0.0,0.0,0.0,-249.57,0.0,0.036,16.65
2020.426229508197,157.0,2020-06-05--00:00:00,114.55,349.88,0.0,0.0,0.0,0.0,0.0,0.0,0.0,-258.8,0.0,0.0167,14.89
2020.4263433515484,157.04166666666666,2020-06-05--01:00:00,115.03,5.13,0.0,0.0,0.0,0.0,0.0,0.0,0.0,-253.12,0.0,0.016,14.06
2020.4264571949,157.08333333333331,2020-06-05--02:00:00,112.6,20.03,0.0,0.0,0.0,0.0,0.0,0.0,0.0,-252.78,0.0,0.021,12.32
2020.4265710382515,157.125,2020-06-05--03:00:00,107.56,33.76,0.0,0.0,0.0,0.0,0.0,0.0,0.0,-247.3,0.0,0.001,11.33
2020.426684881603,157.16666666666666,2020-06-05--04:00:00,100.43,45.99,0.0,0.0,0.0,0.0,0.0,0.0,0.0,-253.05,0.0,0.0067,11.05
2020.4267987249546,157.20833333333331,2020-06-05--05:00:00,87.65,56.84,14.1,506.21,5.08,3.97,0.0,0.0,5.08,-249.05,0.0,0.0003,9.82
2020.4269125683063,157.25,2020-06-05--06:00:00,81.0,66.65,189.7,1320.54,101.54,37.52,65.05,424.99,36.5,-219.23,36.97,0.0243,12.15
2020.4270264116578,157.29166666666666,2020-06-05--07:00:00,71.09,75.9,423.08,1320.52,271.24,206.44,210.18,646.79,61.06,360.42,1236.4,0.0547,14.92
2020.4271402550094,157.33333333333331,2020-06-05--08:00:00,60.3,85.19,651.99,1320.51,455.55,426.46,385.36,777.83,70.2,1492.92,3859.33,0.1655,17.44
2020.427254098361,157.375,2020-06-05--09:00:00,49.3,95.33,859.99,1320.49,631.47,640.91,550.23,843.78,81.25,2700.73,6605.38,0.5798,18.99
2020.4273679417124,157.41666666666666,2020-06-05--10:00:00,38.51,107.74,1032.76,1320.48,788.19,820.95,616.72,792.68,171.47,3571.92,8457.15,1.2268,20.09
2020.427481785064,157.45833333333331,2020-06-05--11:00:00,28.66,125.35,1158.48,1320.46,723.01,758.69,386.35,438.42,336.65,3279.53,7742.13,1.5623,20.92
2020.4275956284155,157.5,2020-06-05--12:00:00,21.49,153.78,1228.58,1320.45,957.33,1008.08,689.3,740.23,268.02,4332.63,10138.02,1.7443,22.24
2020.427709471767,157.54166666666666,2020-06-05--13:00:00,20.32,193.65,1238.29,1320.43,1247.35,1276.14,823.64,877.98,423.71,5189.4,11360.15,1.847,23.55
2020.4278233151185,157.58333333333331,2020-06-05--14:00:00,25.97,226.76,1186.94,1320.42,1080.42,1105.1,571.45,633.62,508.98,4511.07,10255.72,2.3058,22.97
2020.42793715847,157.625,2020-06-05--15:00:00,35.24,247.24,1078.06,1320.41,524.96,528.9,89.19,106.01,435.77,2119.65,5056.68,2.0497,22.27
2020.4280510018216,157.66666666666666,2020-06-05--16:00:00,45.83,260.94,919.08,1320.39,210.89,198.75,0.0,0.0,210.89,602.13,1687.5,1.7708,20.86
2020.4281648451731,157.70833333333331,2020-06-05--17:00:00,56.81,271.63,720.88,1320.38,161.71,146.38,0.0,0.0,161.71,348.78,1073.03,1.5663,19.88
2020.4282786885249,157.75,2020-06-05--18:00:00,67.71,281.09,497.08,1320.36,173.94,163.9,13.46,32.37,160.48,413.6,1112.42,1.6013,19.6
2020.4283925318764,157.79166666666666,2020-06-05--19:00:00,78.04,290.29,263.36,1320.35,45.08,36.73,0.02,0.09,45.06,-202.28,41.47,1.4045,18.22
2020.428506375228,157.83333333333331,2020-06-05--20:00:00,85.68,299.86,49.87,924.24,8.77,6.97,0.0,0.0,8.77,-253.18,0.0,0.6785,17.33
2020.4286202185795,157.875,2020-06-05--21:00:00,97.64,310.31,0.0,0.0,0.0,0.0,0.0,0.0,0.0,-257.65,0.0,1.2482,16.63
2020.428734061931,157.91666666666666,2020-06-05--22:00:00,105.33,322.05,0.0,0.0,0.0,0.0,0.0,0.0,0.0,-242.83,0.0,1.2027,15.46
2020.4288479052825,157.95833333333331,2020-06-05--23:00:00,111.11,335.29,0.0,0.0,0.0,0.0,0.0,0.0,0.0,-259.35,0.0,0.9812,14.56
2020.428961748634,158.0,2020-06-06--00:00:00,114.44,349.86,0.0,0.0,0.0,0.0,0.0,0.0,0.0,-260.38,0.0,0.7443,13.35
2020.4290755919856,158.04166666666666,2020-06-06--01:00:00,114.93,5.07,0.0,0.0,0.0,0.0,0.0,0.0,0.0,-252.68,0.0,0.3822,12.68
2020.429189435337,158.08333333333331,2020-06-06--02:00:00,112.52,19.96,0.0,0.0,0.0,0.0,0.0,0.0,0.0,-250.85,0.0,1.0832,12.23
2020.4293032786886,158.125,2020-06-06--03:00:00,107.49,33.68,0.0,0.0,0.0,0.0,0.0,0.0,0.0,-254.33,0.0,1.0635,11.42
2020.4294171220401,158.16666666666666,2020-06-06--04:00:00,100.37,45.9,0.0,0.0,0.0,0.0,0.0,0.0,0.0,-243.28,0.0,0.8643,10.93
2020.429530965392,158.20833333333331,2020-06-06--05:00:00,87.62,56.74,14.45,506.08,2.23,1.88,0.0,0.0,2.23,-263.28,0.0,0.873,10.43
2020.4296448087434,158.25,2020-06-06--06:00:00,80.97,66.54,190.49,1320.19,34.74,31.85,0.0,0.03,34.74,-213.55,0.0,0.8552,10.37
2020.429758652095,158.29166666666666,2020-06-06--07:00:00,71.06,75.79,423.64,1320.18,165.5,148.79,35.5,93.9,129.99,284.68,931.6,1.2648,10.49
2020.4298724954465,158.33333333333331,2020-06-06--08:00:00,60.27,85.07,652.36,1320.16,433.1,404.54,165.0,352.7,268.09,1485.4,3726.4,1.2083,11.26
2020.429986338798,158.375,2020-06-06--09:00:00,49.27,95.19,860.23,1320.15,439.82,442.44,172.0,264.24,267.82,1726.83,4355.5,1.3652,11.92
2020.4301001821495,158.41666666666666,2020-06-06--10:00:00,38.48,107.57,1032.95,1320.14,892.34,933.74,635.08,808.07,257.25,4103.82,9687.12,1.2805,13.86
2020.430214025501,158.45833333333331,2020-06-06--11:00:00,28.61,125.15,1158.71,1320.12,570.0,579.34,190.41,213.94,379.6,2332.63,5590.25,1.1675,14.87
2020.4303278688526,158.5,2020-06-06--12:00:00,21.42,153.58,1228.92,1320.11,864.1,899.4,530.04,571.75,334.06,3844.75,9003.25,1.4813,15.68
2020.4304417122041,158.54166666666666,2020-06-06--13:00:00,20.21,193.58,1238.8,1320.09,815.07,831.79,588.51,627.74,226.56,3690.35,8662.98,1.1953,14.53
2020.4305555555557,158.58333333333331,2020-06-06--14:00:00,25.87,226.82,1187.68,1320.08,434.02,426.38,109.41,124.53,324.61,1746.4,4294.42,1.5908,13.53
2020.4306693989072,158.625,2020-06-06--15:00:00,35.14,247.32,1079.07,1320.07,424.72,426.95,184.23,216.25,240.49,1746.05,4239.28,1.8343,13.22
2020.430783242259,158.66666666666666,2020-06-06--16:00:00,45.74,261.01,920.38,1320.05,403.24,398.62,133.37,179.29,269.87,1628.78,3490.9,1.5088,13.15
2020.4308970856105,158.70833333333331,2020-06-06--17:00:00,56.72,271.69,722.48,1320.04,372.57,353.52,110.16,218.35,262.41,1293.32,2342.12,1.7417,12.93
2020.431010928962,158.75,2020-06-06--18:00:00,67.61,281.14,498.94,1320.03,293.64,263.05,141.71,353.69,151.93,705.8,1127.7,2.2145,13.06
2020.4311247723135,158.79166666666666,2020-06-06--19:00:00,77.95,290.33,265.44,1320.01,124.04,93.02,45.24,207.17,78.8,-13.12,292.4,1.8953,11.42
2020.431238615665,158.83333333333331,2020-06-06--20:00:00,85.62,299.9,51.35,946.0,15.55,12.32,0.55,6.12,15.0,-250.32,0.0,1.057,9.86
2020.4313524590166,158.875,2020-06-06--21:00:00,97.54,310.34,0.0,0.0,0.0,0.0,0.0,0.0,0.0,-254.6,0.0,0.766,8.95
2020.431466302368,158.91666666666666,2020-06-06--22:00:00,105.23,322.06,0.0,0.0,0.0,0.0,0.0,0.0,0.0,-242.0,0.0,0.2235,7.72
2020.4315801457196,158.95833333333331,2020-06-06--23:00:00,111.01,335.28,0.0,0.0,0.0,0.0,0.0,0.0,0.0,-257.8,0.0,0.3953,7.64
2020.4316939890712,159.0,2020-06-07--00:00:00,114.34,349.82,0.0,0.0,0.0,0.0,0.0,0.0,0.0,-267.25,0.0,0.2865,6.7
2020.4318078324227,159.04166666666666,2020-06-07--01:00:00,114.84,5.02,0.0,0.0,0.01,0.0,0.0,0.0,0.01,-258.7,0.0,0.0893,6.62
2020.4319216757742,159.08333333333331,2020-06-07--02:00:00,112.44,19.88,0.0,0.0,0.01,0.0,0.0,0.0,0.01,-246.7,0.0,0.0507,7.08
2020.432035519126,159.125,2020-06-07--03:00:00,107.42,33.59,0.0,0.0,0.01,0.0,0.0,0.0,0.01,-242.52,0.0,0.021,6.68
2020.4321493624775,159.16666666666666,2020-06-07--04:00:00,100.32,45.81,0.0,0.0,0.01,0.0,0.0,0.0,0.01,-237.88,0.0,0.0643,6.59
2020.432263205829,159.20833333333331,2020-06-07--05:00:00,87.6,56.64,14.75,505.95,1.47,1.31,0.0,0.0,1.47,-245.98,0.0,0.0338,6.57
2020.4323770491806,159.25,2020-06-07--06:00:00,80.95,66.44,191.16,1319.86,26.5,24.96,0.0,0.0,26.5,-238.15,7.4,0.1507,6.36
2020.432490892532,159.29166666666666,2020-06-07--07:00:00,71.03,75.69,424.09,1319.85,83.43,80.25,0.0,0.0,83.43,20.35,443.38,0.4193,6.57
2020.4326047358836,159.33333333333331,2020-06-07--08:00:00,60.25,84.95,652.63,1319.83,179.85,173.55,0.0,0.0,179.85,518.13,1501.97,0.7067,7.19
2020.4327185792351,159.375,2020-06-07--09:00:00,49.25,95.06,860.4,1319.82,276.24,275.59,22.16,32.46,254.08,1037.47,2664.3,0.9225,8.0
2020.4328324225867,159.41666666666666,2020-06-07--10:00:00,38.45,107.41,1033.08,1319.81,362.73,355.43,84.29,105.85,278.45,1409.35,3534.87,1.3275,9.57
2020.4329462659382,159.45833333333331,2020-06-07--11:00:00,28.57,124.95,1158.88,1319.79,610.56,624.64,307.23,347.85,303.33,2726.65,6450.1,1.6898,10.61
2020.4330601092897,159.5,2020-06-07--12:00:00,21.35,153.37,1229.2,1319.78,555.86,558.95,255.38,276.2,300.48,2423.22,5706.65,1.6908,11.25
2020.4331739526413,159.54166666666666,2020-06-07--13:00:00,20.11,193.5,1239.27,1319.77,695.12,700.54,463.51,491.58,231.61,3117.28,7446.97,0.9292,10.9
2020.433287795993,159.58333333333331,2020-06-07--14:00:00,25.77,226.86,1188.38,1319.75,253.02,252.15,39.71,42.98,213.31,907.63,2451.33,0.8585,10.65
2020.4334016393445,159.625,2020-06-07--15:00:00,35.05,247.38,1080.04,1319.74,152.35,148.65,30.14,39.29,122.2,431.77,1277.5,0.9347,7.57
2020.433515482696,159.66666666666666,2020-06-07--16:00:00,45.65,261.08,921.64,1319.73,342.38,341.95,164.13,219.7,178.25,1430.42,3037.53,0.0873,9.19
2020.4336293260476,159.70833333333331,2020-06-07--17:00:00,56.63,271.75,724.02,1319.71,115.16,109.19,0.0,0.0,115.16,212.1,800.45,0.1297,8.52
2020.4337431693991,159.75,2020-06-07--18:00:00,67.53,281.19,500.74,1319.7,202.9,194.35,0.0,0.0,202.9,630.87,1733.68,0.0765,9.13
2020.4338570127507,159.79166666666666,2020-06-07--19:00:00,77.86,290.37,267.45,1319.69,46.46,44.64,0.0,0.0,46.46,-152.5,105.98,0.265,7.77
2020.4339708561022,159.83333333333331,2020-06-07--20:00:00,85.56,299.93,52.81,945.77,14.32,12.31,0.01,0.17,14.31,-249.78,0.0,0.0845,8.2
2020.4340846994537,159.875,2020-06-07--21:00:00,97.44,310.36,0.0,0.0,0.01,0.0,0.0,0.0,-0.07,-253.1,0.0,0.0442,8.16
2020.4341985428052,159.91666666666666,2020-06-07--22:00:00,105.13,322.07,0.0,0.0,-0.02,0.0,0.0,0.0,-0.17,-245.92,0.0,0.0463,8.02
2020.4343123861568,159.95833333333331,2020-06-07--23:00:00,110.91,335.27,0.0,0.0,-0.02,0.0,0.0,0.0,-0.18,-232.38,0.0,0.0728,7.74
2020.4344262295083,160.0,2020-06-08--00:00:00,114.25,349.79,0.0,0.0,-0.01,0.0,0.0,0.0,-0.15,-257.82,0.0,0.0257,7.66
2020.4345400728598,160.04166666666666,2020-06-08--01:00:00,114.75,4.96,0.0,0.0,-0.0,0.0,0.0,0.0,-0.08,-253.2,0.0,0.0078,7.51
2020.4346539162116,160.08333333333331,2020-06-08--02:00:00,112.36,19.81,0.0,0.0,-0.01,0.0,0.0,0.0,-0.1,-246.5,0.0,0.008,7.35
2020.434767759563,160.125,2020-06-08--03:00:00,107.36,33.51,0.0,0.0,0.01,0.0,0.0,0.0,-0.01,-245.13,0.0,0.02,7.21
2020.4348816029146,160.16666666666666,2020-06-08--04:00:00,100.27,45.72,0.0,0.0,0.01,0.0,0.0,0.0,-0.01,-254.35,0.0,0.0022,6.98
2020.4349954462662,160.20833333333331,2020-06-08--05:00:00,87.58,56.55,15.01,505.83,3.23,2.81,0.0,0.0,3.23,-263.3,0.0,0.0015,7.23
2020.4351092896177,160.25,2020-06-08--06:00:00,80.93,66.35,191.72,1319.54,51.83,45.94,0.0,0.0,51.83,-178.17,98.65,0.0033,7.55
2020.4352231329692,160.29166666666666,2020-06-08--07:00:00,71.01,75.59,424.43,1319.53,188.17,164.85,13.77,36.1,174.4,433.15,1320.02,0.0648,8.79
2020.4353369763207,160.33333333333331,2020-06-08--08:00:00,60.23,84.84,652.81,1319.52,339.52,318.7,51.52,101.77,287.99,1132.57,2987.25,0.2385,10.51
2020.4354508196723,160.375,2020-06-08--09:00:00,49.23,94.93,860.48,1319.5,513.24,504.07,133.15,199.3,380.09,2090.02,5052.0,0.3067,11.98
2020.4355646630238,160.41666666666666,2020-06-08--10:00:00,38.43,107.26,1033.15,1319.49,813.45,835.77,477.22,605.49,336.23,3680.95,8503.5,0.9373,13.01
2020.4356785063753,160.45833333333331,2020-06-08--11:00:00,28.54,124.76,1158.99,1319.48,891.22,922.34,549.1,620.03,342.12,4098.42,9508.9,0.836,14.54
2020.4357923497269,160.5,2020-06-08--12:00:00,21.28,153.17,1229.44,1319.46,999.91,1049.13,856.39,919.1,143.52,4722.88,10847.5,0.9233,15.51
2020.4359061930786,160.54166666666666,2020-06-08--13:00:00,20.02,193.42,1239.69,1319.45,998.72,1042.73,816.64,869.05,182.08,4629.58,10642.83,1.0017,16.71
2020.4360200364301,160.58333333333331,2020-06-08--14:00:00,25.67,226.89,1189.04,1319.44,904.08,952.72,584.37,650.44,319.71,4188.68,9297.33,1.3275,17.77
2020.4361338797817,160.625,2020-06-08--15:00:00,34.96,247.44,1080.97,1319.43,831.33,869.43,581.4,715.74,249.93,3766.25,7896.4,1.3068,18.49
2020.4362477231332,160.66666666666666,2020-06-08--16:00:00,45.56,261.13,922.85,1319.41,613.22,630.72,349.49,491.38,263.72,2645.07,3872.98,1.3498,18.61
2020.4363615664847,160.70833333333331,2020-06-08--17:00:00,56.55,271.8,725.5,1319.4,317.13,303.76,18.73,31.11,298.39,1091.13,2366.28,1.1228,18.47
2020.4364754098362,160.75,2020-06-08--18:00:00,67.44,281.24,502.47,1319.39,279.89,250.68,72.32,190.53,207.56,710.4,1421.92,0.9537,18.72
2020.4365892531878,160.79166666666666,2020-06-08--19:00:00,77.78,290.41,269.37,1319.37,53.13,52.27,0.0,0.0,53.13,-119.35,140.42,0.5475,17.79
2020.4367030965393,160.83333333333331,2020-06-08--20:00:00,85.51,299.95,54.22,967.53,7.4,7.15,0.0,0.0,7.4,-250.82,0.0,0.244,16.9
2020.4368169398908,160.875,2020-06-08--21:00:00,97.34,310.37,0.0,0.0,0.01,0.0,0.0,0.0,0.01,-251.88,0.0,0.2838,15.8
2020.4369307832424,160.91666666666666,2020-06-08--22:00:00,105.03,322.07,0.0,0.0,0.01,0.0,0.0,0.0,0.01,-254.62,0.0,0.0493,14.6
2020.437044626594,160.95833333333331,2020-06-08--23:00:00,110.82,335.25,0.0,0.0,0.01,0.0,0.0,0.0,0.01,-241.35,0.0,0.1233,13.13
2020.4371584699456,161.0,2020-06-09--00:00:00,114.16,349.75,0.0,0.0,0.01,0.0,0.0,0.0,0.01,-238.77,0.0,0.003,12.49
2020.4372723132972,161.04166666666666,2020-06-09--01:00:00,114.68,4.91,0.0,0.0,0.0,0.0,0.0,0.0,0.0,-250.28,0.0,0.0043,11.73
2020.4373861566487,161.08333333333331,2020-06-09--02:00:00,112.29,19.74,0.0,0.0,0.0,0.0,0.0,0.0,0.0,-254.38,0.0,0.0095,9.94
2020.4375000000002,161.125,2020-06-09--03:00:00,107.31,33.43,0.0,0.0,0.0,0.0,0.0,0.0,0.0,-255.25,0.0,0.0027,9.24
2020.4376138433518,161.16666666666666,2020-06-09--04:00:00,100.23,45.64,0.0,0.0,0.0,0.0,0.0,0.0,0.0,-249.83,0.0,0.0982,9.87
2020.4377276867033,161.20833333333331,2020-06-09--05:00:00,87.56,56.46,15.24,527.7,3.6,3.06,0.0,0.0,3.6,-254.63,0.0,0.0107,9.83
2020.4378415300548,161.25,2020-06-09--06:00:00,80.91,66.26,192.16,1319.23,68.16,39.45,25.91,124.48,42.25,-205.5,13.07,0.036,10.01
2020.4379553734063,161.29166666666666,2020-06-09--07:00:00,71.0,75.49,424.67,1319.22,245.64,193.89,81.11,293.75,164.53,473.35,231.47,0.3018,12.7
2020.4380692167579,161.33333333333331,2020-06-09--08:00:00,60.22,84.74,652.9,1319.21,360.87,339.88,131.04,245.04,229.84,1253.52,1391.37,0.1975,14.53
2020.4381830601094,161.375,2020-06-09--09:00:00,49.22,94.81,860.49,1319.2,604.63,605.2,421.6,652.47,183.02,2530.65,6185.57,0.249,17.81
2020.438296903461,161.41666666666666,2020-06-09--10:00:00,38.41,107.11,1033.14,1319.18,767.18,810.96,663.02,843.8,104.15,3602.68,8504.55,0.8075,18.54
2020.4384107468127,161.45833333333331,2020-06-09--11:00:00,28.51,124.58,1159.06,1319.17,883.88,944.53,785.38,894.64,98.5,4167.9,9689.83,1.1772,20.25
2020.4385245901642,161.5,2020-06-09--12:00:00,21.23,152.97,1229.64,1319.16,973.14,1036.45,891.18,956.01,81.96,4572.07,10585.5,1.5205,21.28
2020.4386384335157,161.54166666666666,2020-06-09--13:00:00,19.94,193.34,1240.07,1319.15,982.55,1041.48,902.65,960.2,79.9,4524.83,10514.83,1.6483,22.74
2020.4387522768673,161.58333333333331,2020-06-09--14:00:00,25.59,226.92,1189.66,1319.13,935.74,998.22,851.4,943.93,84.34,4271.18,9868.67,1.4992,24.13
2020.4388661202188,161.625,2020-06-09--15:00:00,34.87,247.49,1081.85,1319.12,832.32,886.42,751.7,916.21,80.61,3718.45,7835.13,1.2868,24.89
2020.4389799635703,161.66666666666666,2020-06-09--16:00:00,45.48,261.18,924.0,1319.11,688.71,714.49,611.91,872.77,76.8,2928.1,2945.1,1.5268,25.19
2020.4390938069218,161.70833333333331,2020-06-09--17:00:00,56.47,271.84,726.92,1319.1,462.91,453.47,386.94,690.68,75.97,1605.73,790.72,1.3367,25.07
2020.4392076502734,161.75,2020-06-09--18:00:00,67.36,281.27,504.12,1319.09,100.93,90.4,26.17,58.87,74.76,-3.12,115.78,0.9613,23.77
2020.439321493625,161.79166666666666,2020-06-09--19:00:00,77.7,290.44,271.21,1319.07,119.83,60.61,73.65,399.04,46.18,-168.13,1.07,0.6805,23.49
2020.4394353369764,161.83333333333331,2020-06-09--20:00:00,85.46,299.98,55.59,967.31,24.75,9.38,11.33,130.15,13.42,-246.73,0.0,0.3903,21.6
2020.439549180328,161.875,2020-06-09--21:00:00,97.26,310.39,0.0,0.0,0.04,0.0,0.0,0.0,0.04,-247.87,0.0,0.0102,18.9
2020.4396630236797,161.91666666666666,2020-06-09--22:00:00,104.94,322.07,0.0,0.0,0.0,0.0,0.0,0.0,0.0,-262.45,0.0,0.0543,17.22
2020.4397768670312,161.95833333333331,2020-06-09--23:00:00,110.73,335.23,0.0,0.0,0.0,0.0,0.0,0.0,0.0,-249.12,0.0,0.3562,16.36
2020.4398907103828,162.0,2020-06-10--00:00:00,114.08,349.72,0.0,0.0,0.0,0.0,0.0,0.0,0.0,-251.18,0.0,0.1827,14.97
2020.4400045537343,162.04166666666666,2020-06-10--01:00:00,114.6,4.85,0.0,0.0,0.0,0.0,0.0,0.0,0.0,-257.23,0.0,0.0863,14.24
2020.4401183970858,162.08333333333331,2020-06-10--02:00:00,112.23,19.67,0.0,0.0,0.0,0.0,0.0,0.0,0.0,-253.58,0.0,0.0247,12.86
2020.4402322404374,162.125,2020-06-10--03:00:00,107.26,33.35,0.0,0.0,0.0,0.0,0.0,0.0,0.0,-259.27,0.0,0.0008,12.08
2020.4403460837889,162.16666666666666,2020-06-10--04:00:00,100.2,45.55,0.0,0.0,0.0,0.0,0.0,0.0,0.0,-239.7,0.0,0.0092,11.48
2020.4404599271404,162.20833333333331,2020-06-10--05:00:00,87.55,56.38,15.41,527.58,4.82,3.83,0.0,0.0,4.82,-250.88,0.0,0.0002,10.88
2020.440573770492,162.25,2020-06-10--06:00:00,80.9,66.17,192.49,1318.94,111.21,37.26,79.08,512.69,32.13,-220.32,28.83,0.022,12.49
2020.4406876138435,162.29166666666666,2020-06-10--07:00:00,70.99,75.4,424.81,1318.93,277.19,212.48,228.82,704.69,48.36,361.43,1226.47,0.0705,16.15
2020.440801457195,162.33333333333331,2020-06-10--08:00:00,60.21,84.64,652.91,1318.91,454.85,424.27,396.65,799.21,58.19,1516.97,3847.15,0.2207,18.57
2020.4409153005465,162.375,2020-06-10--09:00:00,49.21,94.69,860.42,1318.9,625.03,635.91,561.36,859.6,63.67,2697.58,6556.08,0.3572,20.7
2020.4410291438983,162.41666666666666,2020-06-10--10:00:00,38.4,106.97,1033.08,1318.89,774.34,816.95,703.23,897.31,71.11,3550.75,8526.67,1.0447,20.93
2020.4411429872498,162.45833333333331,2020-06-10--11:00:00,28.48,124.4,1159.06,1318.88,891.95,952.15,808.32,919.8,83.63,4151.72,9771.83,1.438,22.4
2020.4412568306013,162.5,2020-06-10--12:00:00,21.18,152.78,1229.78,1318.87,878.34,936.13,754.71,810.21,123.63,4031.63,9399.02,1.683,23.85
2020.4413706739529,162.54166666666666,2020-06-10--13:00:00,19.86,193.24,1240.41,1318.85,1019.43,1082.98,816.74,868.32,202.69,4578.13,10429.17,1.8808,25.55
2020.4414845173044,162.58333333333331,2020-06-10--14:00:00,25.5,226.93,1190.24,1318.84,934.37,995.51,738.35,816.95,196.01,4193.43,9400.33,1.7787,26.16
2020.441598360656,162.625,2020-06-10--15:00:00,34.79,247.53,1082.69,1318.83,813.4,870.54,699.98,851.3,113.42,3620.88,7495.07,1.2437,27.28
2020.4417122040074,162.66666666666666,2020-06-10--16:00:00,45.4,261.22,925.11,1318.82,715.51,741.47,488.62,694.68,226.89,2991.42,3751.45,1.4467,27.42
2020.441826047359,162.70833333333331,2020-06-10--17:00:00,56.39,271.88,728.28,1318.81,488.69,474.55,245.06,439.08,243.63,1735.38,2232.0,1.6565,26.74
2020.4419398907105,162.75,2020-06-10--18:00:00,67.28,281.3,505.71,1318.8,368.93,326.51,152.96,384.7,215.97,913.63,1525.47,1.4942,26.03
2020.442053734062,162.79166666666666,2020-06-10--19:00:00,77.63,290.46,272.97,1318.78,145.54,111.19,27.91,141.35,117.63,88.33,432.95,0.9155,24.77
2020.4421675774136,162.83333333333331,2020-06-10--20:00:00,85.41,299.99,56.9,989.08,32.16,20.94,4.78,55.2,27.37,-234.6,1.38,0.5715,23.24
2020.4422814207653,162.875,2020-06-10--21:00:00,97.17,310.39,0.0,0.0,0.03,0.0,0.0,0.0,0.03,-263.1,0.0,0.0413,21.17
2020.4423952641168,162.91666666666666,2020-06-10--22:00:00,104.86,322.06,0.0,0.0,0.0,0.0,0.0,0.0,0.0,-248.72,0.0,0.0028,19.18
2020.4425091074684,162.95833333333331,2020-06-10--23:00:00,110.65,335.21,0.0,0.0,0.0,0.0,0.0,0.0,0.0,-240.67,0.0,0.0097,17.25
2020.44262295082,163.0,2020-06-11--00:00:00,114.0,349.68,0.0,0.0,0.0,0.0,0.0,0.0,0.0,-251.88,0.0,0.001,16.78
2020.4427367941714,163.04166666666666,2020-06-11--01:00:00,114.54,4.8,0.0,0.0,0.0,0.0,0.0,0.0,0.0,-241.18,0.0,0.0002,16.24
2020.442850637523,163.08333333333331,2020-06-11--02:00:00,112.18,19.6,0.0,0.0,0.0,0.0,0.0,0.0,0.0,-237.83,0.0,0.0002,15.48
2020.4429644808745,163.125,2020-06-11--03:00:00,107.22,33.28,0.0,0.0,0.0,0.0,0.0,0.0,0.0,-254.65,0.0,0.0,14.79
2020.443078324226,163.16666666666666,2020-06-11--04:00:00,100.17,45.48,0.0,0.0,0.0,0.0,0.0,0.0,0.0,-253.85,0.0,0.0013,13.86
2020.4431921675775,163.20833333333331,2020-06-11--05:00:00,87.54,56.3,15.55,527.46,4.72,3.97,0.0,0.0,4.72,-266.5,0.0,0.0165,13.33
2020.443306010929,163.25,2020-06-11--06:00:00,80.89,66.09,192.7,1318.65,55.94,35.47,20.44,95.45,35.5,-226.95,6.52,0.0017,13.97
2020.4434198542806,163.29166666666666,2020-06-11--07:00:00,70.98,75.31,424.84,1318.64,257.27,198.84,187.47,561.65,69.8,344.42,190.9,0.0677,17.9
2020.4435336976323,163.33333333333331,2020-06-11--08:00:00,60.21,84.54,652.82,1318.63,458.13,428.18,390.32,783.73,67.81,1486.1,3337.6,0.1222,21.16
2020.4436475409839,163.375,2020-06-11--09:00:00,49.21,94.59,860.28,1318.62,627.2,639.64,532.94,817.52,94.26,2645.27,6485.87,0.3212,22.43
2020.4437613843354,163.41666666666666,2020-06-11--10:00:00,38.39,106.84,1032.95,1318.61,733.0,776.92,584.21,747.05,148.79,3317.05,7925.07,0.7583,22.73
2020.443875227687,163.45833333333331,2020-06-11--11:00:00,28.46,124.24,1159.02,1318.6,881.78,944.13,675.14,767.13,206.64,3964.3,9294.83,0.7655,24.55
2020.4439890710385,163.5,2020-06-11--12:00:00,21.13,152.59,1229.88,1318.59,859.94,915.52,541.62,582.49,318.32,3694.32,8549.85,1.1117,25.46
2020.44410291439,163.54166666666666,2020-06-11--13:00:00,19.79,193.14,1240.71,1318.57,753.19,782.25,289.09,307.42,464.1,3308.15,7702.3,1.7172,25.63
2020.4442167577415,163.58333333333331,2020-06-11--14:00:00,25.42,226.93,1190.78,1318.56,535.13,540.54,78.85,86.62,456.28,2197.35,5185.27,1.5177,25.85
2020.444330601093,163.625,2020-06-11--15:00:00,34.71,247.56,1083.48,1318.55,396.51,394.83,23.22,27.42,373.29,1472.78,3596.72,1.351,25.84
2020.4444444444446,163.66666666666666,2020-06-11--16:00:00,45.32,261.26,926.16,1318.54,417.27,417.11,54.64,79.43,362.63,1616.32,3435.08,1.3055,25.89
2020.444558287796,163.70833333333331,2020-06-11--17:00:00,56.31,271.91,729.58,1318.53,209.02,202.77,3.97,7.59,205.05,581.93,1601.72,1.2682,24.89
2020.4446721311476,163.75,2020-06-11--18:00:00,67.2,281.32,507.22,1318.52,78.05,75.56,0.0,0.0,78.05,8.43,355.7,0.7217,20.67
2020.4447859744994,163.79166666666666,2020-06-11--19:00:00,77.55,290.48,274.64,1318.51,58.19,52.26,1.42,10.22,56.77,-127.8,164.35,0.5138,18.18
2020.444899817851,163.83333333333331,2020-06-11--20:00:00,85.36,300.0,58.16,988.87,9.74,8.81,0.0,0.0,9.74,-251.83,0.0,0.0113,17.04
2020.4450136612024,163.875,2020-06-11--21:00:00,97.09,310.39,0.0,0.0,0.03,0.0,0.0,0.0,0.03,-259.23,0.0,0.0002,16.59
2020.445127504554,163.91666666666666,2020-06-11--22:00:00,104.78,322.05,0.0,0.0,0.0,0.0,0.0,0.0,0.0,-248.32,0.0,0.0957,15.61
2020.4452413479055,163.95833333333331,2020-06-11--23:00:00,110.57,335.19,0.0,0.0,0.0,0.0,0.0,0.0,0.0,-257.0,0.0,0.0112,15.89
2020.445355191257,164.0,2020-06-12--00:00:00,113.94,349.64,0.0,0.0,0.0,0.0,0.0,0.0,0.0,-248.77,0.0,0.0087,15.44
2020.4454690346085,164.04166666666666,2020-06-12--01:00:00,114.48,4.74,0.0,0.0,0.0,0.0,0.0,0.0,0.0,-248.27,0.0,0.0103,15.68
2020.44558287796,164.08333333333331,2020-06-12--02:00:00,112.13,19.53,0.0,0.0,0.0,0.0,0.0,0.0,0.0,-272.73,0.0,0.0843,15.6
2020.4456967213116,164.125,2020-06-12--03:00:00,107.19,33.2,0.0,0.0,0.0,0.0,0.0,0.0,0.0,-244.53,0.0,0.6672,15.94
2020.4458105646631,164.16666666666666,2020-06-12--04:00:00,100.14,45.4,0.0,0.0,0.0,0.0,0.0,0.0,0.0,-254.87,0.0,0.533,15.71
2020.4459244080147,164.20833333333331,2020-06-12--05:00:00,87.54,56.22,15.64,527.36,0.94,0.82,0.0,0.0,0.94,-266.78,0.0,0.57,15.17
2020.4460382513664,164.25,2020-06-12--06:00:00,80.88,66.01,192.8,1318.38,21.25,20.81,0.0,0.0,21.25,-236.0,0.0,0.5818,14.98
2020.446152094718,164.29166666666666,2020-06-12--07:00:00,70.98,75.23,424.78,1318.37,49.35,47.67,0.0,0.0,49.35,-194.57,9.32,0.4823,14.91
2020.4462659380695,164.33333333333331,2020-06-12--08:00:00,60.21,84.46,652.64,1318.36,93.46,90.13,0.0,0.0,93.46,78.35,553.8,0.6918,14.45
2020.446379781421,164.375,2020-06-12--09:00:00,49.21,94.49,860.06,1318.35,188.24,180.62,0.0,0.0,188.24,586.13,1669.97,1.1728,13.95
2020.4464936247728,164.41666666666666,2020-06-12--10:00:00,38.39,106.72,1032.76,1318.34,203.05,194.75,0.18,0.21,202.88,676.7,1815.62,1.7058,13.56
2020.446607468124,164.45833333333331,2020-06-12--11:00:00,28.45,124.08,1158.92,1318.33,271.07,256.11,0.0,0.0,271.07,958.7,2504.5,1.5628,13.59
2020.446721311476,164.5,2020-06-12--12:00:00,21.09,152.4,1229.94,1318.32,252.02,235.05,0.05,0.05,251.97,869.0,2299.92,1.3685,13.54
2020.4468351548269,164.54166666666666,2020-06-12--13:00:00,19.72,193.03,1240.97,1318.31,323.38,311.64,11.86,12.57,311.52,1269.6,3212.43,1.4352,13.65
2020.4469489981784,164.58333333333331,2020-06-12--14:00:00,25.35,226.92,1191.27,1318.29,60.65,57.53,0.0,0.0,60.65,-49.08,316.5,0.9748,12.42
2020.4470628415304,164.625,2020-06-12--15:00:00,34.64,247.58,1084.23,1318.28,51.3,50.86,0.0,0.0,51.3,-99.68,227.35,0.426,11.95
2020.4471766848817,164.66666666666666,2020-06-12--16:00:00,45.25,261.28,927.17,1318.27,122.79,114.69,0.0,0.0,122.79,204.57,864.78,0.3313,12.15
2020.4472905282328,164.70833333333331,2020-06-12--17:00:00,56.24,271.93,730.82,1318.26,268.98,254.04,17.36,29.21,251.62,938.82,2137.4,0.2105,13.45
2020.447404371585,164.75,2020-06-12--18:00:00,67.13,281.34,508.66,1318.25,125.76,116.57,11.56,27.51,114.2,218.6,678.55,0.3222,13.6
2020.4475182149365,164.79166666666666,2020-06-12--19:00:00,77.48,290.49,276.23,1318.24,38.85,35.53,0.0,0.0,38.85,-219.53,19.93,0.4467,13.24
2020.447632058288,164.83333333333331,2020-06-12--20:00:00,85.31,300.01,59.37,1010.64,4.06,3.68,0.0,0.0,4.06,-272.0,0.0,1.1875,12.04
2020.44774590164,164.875,2020-06-12--21:00:00,97.02,310.39,0.0,0.0,0.0,0.0,0.0,0.0,0.0,-251.65,0.0,0.9618,10.87
2020.447859744991,164.91666666666666,2020-06-12--22:00:00,104.71,322.04,0.0,0.0,0.0,0.0,0.0,0.0,0.0,-258.2,0.0,0.8213,10.79
2020.4479735883426,164.95833333333331,2020-06-12--23:00:00,110.5,335.16,0.0,0.0,0.0,0.0,0.0,0.0,0.0,-262.82,0.0,0.8052,10.19
2020.448087431694,165.0,2020-06-13--00:00:00,113.87,349.59,0.0,0.0,0.0,0.0,0.0,0.0,0.0,-248.03,0.0,0.3568,10.24
2020.4482012750454,165.04166666666666,2020-06-13--01:00:00,114.43,4.68,0.0,0.0,0.0,0.0,0.0,0.0,0.0,-244.58,0.0,0.5255,9.76
2020.4483151183965,165.08333333333331,2020-06-13--02:00:00,112.09,19.47,0.0,0.0,0.0,0.0,0.0,0.0,0.0,-265.98,0.0,0.4393,9.3
2020.4484289617487,165.125,2020-06-13--03:00:00,107.16,33.13,0.0,0.0,0.0,0.0,0.0,0.0,0.0,-236.02,0.0,0.3967,9.35
2020.4485428051005,165.16666666666666,2020-06-13--04:00:00,100.13,45.33,0.0,0.0,0.0,0.0,0.0,0.0,0.0,-242.37,0.0,0.6583,8.92
2020.4486566484522,165.20833333333331,2020-06-13--05:00:00,87.53,56.15,15.68,527.25,2.32,2.05,0.0,0.0,2.32,-243.22,0.0,0.6958,8.38
2020.4487704918035,165.25,2020-06-13--06:00:00,80.88,65.94,192.78,1318.12,22.39,20.64,0.0,0.0,22.39,-226.33,0.75,0.9113,8.39
2020.448884335155,165.29166666666666,2020-06-13--07:00:00,70.98,75.16,424.61,1318.11,79.53,75.74,0.07,0.2,79.46,21.17,462.3,0.38,8.54
2020.4489981785064,165.33333333333331,2020-06-13--08:00:00,60.22,84.37,652.38,1318.1,216.05,212.15,4.28,7.92,211.77,730.08,2009.2,0.1235,9.44
2020.449112021858,165.375,2020-06-13--09:00:00,49.22,94.39,859.77,1318.09,482.91,495.07,189.75,272.61,293.16,2074.55,5094.65,0.3947,11.3
2020.4492258652094,165.41666666666666,2020-06-13--10:00:00,38.39,106.61,1032.5,1318.08,754.81,786.83,439.75,568.53,315.06,3311.67,8053.93,0.9047,13.47
2020.4493397085607,165.45833333333331,2020-06-13--11:00:00,28.44,123.93,1158.77,1318.07,685.21,701.21,147.33,167.71,537.88,2995.37,7095.95,0.9247,14.09
2020.449453551913,165.5,2020-06-13--12:00:00,21.06,152.22,1229.95,1318.06,901.72,952.9,461.98,492.78,439.74,4160.52,9791.33,1.0177,14.87
2020.449567395264,165.54166666666666,2020-06-13--13:00:00,19.66,192.91,1241.19,1318.05,577.71,593.65,121.0,127.97,456.71,2482.28,6006.2,1.1043,15.5
2020.449681238616,165.58333333333331,2020-06-13--14:00:00,25.28,226.9,1191.72,1318.04,621.71,626.51,141.93,160.58,479.79,2701.22,6439.78,1.1293,15.83
2020.4497950819675,165.625,2020-06-13--15:00:00,34.57,247.59,1084.94,1318.03,591.11,606.94,226.98,266.53,364.14,2533.88,5941.82,1.1413,16.42
2020.4499089253188,165.66666666666666,2020-06-13--16:00:00,45.18,261.3,928.12,1318.02,494.68,493.44,126.39,172.1,368.29,1977.3,4079.57,1.07,16.43
2020.4500227686704,165.70833333333331,2020-06-13--17:00:00,56.17,271.94,732.0,1318.01,488.07,470.76,217.79,396.26,270.27,1757.77,2454.42,0.8977,16.63
2020.450136612022,165.75,2020-06-13--18:00:00,67.06,281.35,510.03,1318.0,204.25,183.49,22.86,58.77,181.4,463.97,1129.83,0.8412,15.91
2020.4502504553736,165.79166666666666,2020-06-13--19:00:00,77.42,290.5,277.72,1317.99,80.83,72.03,2.85,11.24,77.99,-24.65,242.7,0.8652,15.28
2020.4503642987247,165.83333333333331,2020-06-13--20:00:00,85.27,300.01,60.52,1010.45,13.0,12.23,0.0,0.0,13.0,-254.88,0.0,0.3525,14.7
2020.4504781420767,165.875,2020-06-13--21:00:00,96.95,310.38,0.0,0.0,0.06,0.0,0.0,0.0,0.05,-246.22,0.0,0.1552,14.02
2020.4505919854278,165.91666666666666,2020-06-13--22:00:00,104.64,322.02,0.0,0.0,0.0,0.0,0.0,0.0,0.0,-228.32,0.0,0.024,13.23
2020.45070582878,165.95833333333331,2020-06-13--23:00:00,110.44,335.13,0.0,0.0,0.0,0.0,0.0,0.0,0.0,-258.07,0.0,0.0215,12.55
2020.4508196721313,166.0,2020-06-14--00:00:00,113.82,349.55,0.0,0.0,0.0,0.0,0.0,0.0,0.0,-251.37,0.0,0.002,11.82
2020.4509335154828,166.04166666666666,2020-06-14--01:00:00,114.38,4.63,0.0,0.0,0.0,0.0,0.0,0.0,0.0,-240.8,0.0,0.039,11.64
2020.4510473588346,166.08333333333331,2020-06-14--02:00:00,112.06,19.4,0.0,0.0,0.0,0.0,0.0,0.0,0.0,-251.92,0.0,0.0142,11.54
2020.451161202186,166.125,2020-06-14--03:00:00,107.14,33.06,0.0,0.0,0.0,0.0,0.0,0.0,0.0,-245.85,0.0,0.0,11.55
2020.4512750455374,166.16666666666666,2020-06-14--04:00:00,100.12,45.26,0.0,0.0,0.0,0.0,0.0,0.0,0.0,-249.65,0.0,0.0023,11.25
2020.451388888889,166.20833333333331,2020-06-14--05:00:00,87.53,56.08,15.68,527.15,3.23,3.02,0.0,0.0,3.23,-265.18,0.0,0.002,10.97
2020.4515027322407,166.25,2020-06-14--06:00:00,80.89,65.87,192.66,1317.88,46.05,42.14,0.0,0.0,46.05,-185.65,86.58,0.0058,11.13
2020.451616575592,166.29166666666666,2020-06-14--07:00:00,70.99,75.09,424.34,1317.87,242.5,206.08,108.41,292.08,134.09,476.57,1452.67,0.1153,13.12
2020.4517304189442,166.33333333333331,2020-06-14--08:00:00,60.23,84.3,652.03,1317.86,478.8,453.83,372.05,749.97,106.75,1603.6,4099.7,0.2982,15.75
2020.4518442622955,166.375,2020-06-14--09:00:00,49.23,94.31,859.41,1317.85,654.26,673.11,535.71,821.02,118.56,2807.72,6892.35,0.5488,16.78
2020.4519581056466,166.41666666666666,2020-06-14--10:00:00,38.4,106.5,1032.19,1317.84,785.86,833.56,579.09,734.42,206.78,3559.43,8522.2,0.4908,18.79
2020.4520719489983,166.45833333333331,2020-06-14--11:00:00,28.44,123.79,1158.57,1317.83,917.92,989.67,795.08,904.38,122.84,4221.63,10003.83,0.9372,19.17
2020.4521857923496,166.5,2020-06-14--12:00:00,21.04,152.05,1229.92,1317.82,990.11,1063.52,846.44,907.18,143.67,4481.67,10518.83,1.0227,19.86
2020.4522996357014,166.54166666666666,2020-06-14--13:00:00,19.61,192.79,1241.36,1317.81,842.66,907.47,490.28,520.96,352.38,3773.78,8934.58,1.0103,20.63
2020.4524134790527,166.58333333333331,2020-06-14--14:00:00,25.21,226.87,1192.14,1317.8,992.16,1053.21,744.22,821.7,247.93,4349.47,10129.43,0.9702,21.95
2020.4525273224049,166.625,2020-06-14--15:00:00,34.5,247.59,1085.59,1317.79,687.99,718.18,308.9,373.28,379.1,2945.4,6543.43,1.2913,22.21
2020.452641165756,166.66666666666666,2020-06-14--16:00:00,45.12,261.3,929.02,1317.78,557.5,563.71,210.45,296.38,347.05,2271.73,3987.63,1.0668,22.28
2020.452755009108,166.70833333333331,2020-06-14--17:00:00,56.11,271.95,733.11,1317.77,419.51,404.91,143.03,260.86,276.48,1462.43,2314.78,0.871,22.29
2020.452868852459,166.75,2020-06-14--18:00:00,67.0,281.36,511.32,1317.76,207.68,194.75,21.0,46.06,186.68,543.75,1297.43,1.1712,21.67
2020.4529826958108,166.79166666666666,2020-06-14--19:00:00,77.36,290.5,279.13,1317.75,87.65,80.73,0.0,0.0,87.65,-12.15,324.53,0.9345,20.46
2020.4530965391625,166.83333333333331,2020-06-14--20:00:00,85.23,300.0,61.6,1032.23,17.61,15.83,0.0,0.0,17.61,-251.23,0.0,0.5755,18.6
2020.4532103825134,166.875,2020-06-14--21:00:00,96.89,310.37,0.0,0.0,0.05,0.0,0.0,0.0,0.04,-243.7,0.0,0.3168,17.24
2020.4533242258651,166.91666666666666,2020-06-14--22:00:00,104.58,322.0,0.0,0.0,0.0,0.0,0.0,0.0,0.0,-258.37,0.0,0.1913,16.5
2020.4534380692166,166.95833333333331,2020-06-14--23:00:00,110.38,335.1,0.0,0.0,0.0,0.0,0.0,0.0,0.0,-250.25,0.0,0.081,15.23
2020.4535519125684,167.0,2020-06-15--00:00:00,113.77,349.5,0.0,0.0,0.0,0.0,0.0,0.0,0.0,-250.17,0.0,0.0025,14.72
2020.4536657559197,167.04166666666666,2020-06-15--01:00:00,114.34,4.57,0.0,0.0,0.0,0.0,0.0,0.0,0.0,-262.63,0.0,0.0015,13.39
2020.453779599272,167.08333333333331,2020-06-15--02:00:00,112.03,19.34,0.0,0.0,0.0,0.0,0.0,0.0,0.0,-238.5,0.0,0.0063,12.91
2020.4538934426232,167.125,2020-06-15--03:00:00,107.12,33.0,0.0,0.0,0.0,0.0,0.0,0.0,0.0,-253.45,0.0,0.0013,12.4
2020.4540072859747,167.16666666666666,2020-06-15--04:00:00,100.11,45.2,0.0,0.0,0.0,0.0,0.0,0.0,0.0,-267.55,0.0,0.0068,11.97
2020.4541211293265,167.20833333333331,2020-06-15--05:00:00,87.54,56.02,15.64,527.06,2.18,1.92,0.0,0.0,2.17,-256.72,0.0,0.0218,12.02
2020.4542349726776,167.25,2020-06-15--06:00:00,80.89,65.81,192.42,1317.64,24.28,22.5,0.0,0.0,24.28,-228.15,0.0,0.019,12.08
2020.4543488160293,167.29166666666666,2020-06-15--07:00:00,71.0,75.02,423.98,1317.63,62.4,58.11,0.0,0.0,62.4,-123.02,144.02,0.0473,13.07
2020.4544626593809,167.33333333333331,2020-06-15--08:00:00,60.25,84.23,651.6,1317.62,158.91,150.64,0.0,0.0,158.91,387.37,1223.53,0.1787,14.06
2020.4545765027326,167.375,2020-06-15--09:00:00,49.25,94.22,858.97,1317.61,211.6,201.95,0.8,1.29,210.81,644.5,1810.32,0.3228,15.07
2020.454690346084,167.41666666666666,2020-06-15--10:00:00,38.42,106.4,1031.82,1317.6,332.29,324.38,0.37,0.45,331.92,1259.33,3217.23,0.481,15.03
2020.4548041894354,167.45833333333331,2020-06-15--11:00:00,28.45,123.66,1158.32,1317.59,383.3,371.29,0.21,0.24,383.09,1433.2,3621.88,0.383,16.49
2020.454918032787,167.5,2020-06-15--12:00:00,21.02,151.88,1229.84,1317.58,309.28,305.4,0.0,0.0,309.28,1140.75,2952.02,0.4083,16.86
2020.4550318761387,167.54166666666666,2020-06-15--13:00:00,19.56,192.67,1241.5,1317.57,243.35,232.09,0.01,0.01,243.34,793.98,2153.55,1.094,16.5
2020.4551457194902,167.58333333333331,2020-06-15--14:00:00,25.15,226.83,1192.51,1317.56,251.16,235.89,0.0,0.0,251.16,814.63,2197.07,1.4192,15.47
2020.4552595628415,167.625,2020-06-15--15:00:00,34.44,247.59,1086.21,1317.55,208.83,200.78,0.0,0.0,208.83,708.92,1934.47,1.3255,12.96
2020.4553734061933,167.66666666666666,2020-06-15--16:00:00,45.06,261.3,929.86,1317.55,172.08,163.86,0.0,0.0,172.08,502.75,1479.4,1.0658,12.52
2020.4554872495446,167.70833333333331,2020-06-15--17:00:00,56.04,271.95,734.16,1317.54,144.79,143.07,0.0,0.0,144.79,396.63,1239.33,0.9258,12.31
2020.4556010928964,167.75,2020-06-15--18:00:00,66.94,281.36,512.53,1317.53,70.46,70.55,0.0,0.0,70.46,-26.52,321.18,0.5175,12.42
2020.455714936248,167.79166666666666,2020-06-15--19:00:00,77.3,290.49,280.45,1317.52,43.26,42.56,0.0,0.0,43.26,-197.55,6.93,0.4705,12.17
2020.4558287795996,167.83333333333331,2020-06-15--20:00:00,85.2,299.99,62.62,1032.05,7.53,7.43,0.06,2.07,7.47,-257.77,0.0,0.7527,11.82
2020.455942622951,167.875,2020-06-15--21:00:00,96.83,310.35,0.0,0.0,0.07,0.0,0.0,0.0,0.07,-253.98,0.0,0.3463,11.23
2020.4560564663025,167.91666666666666,2020-06-15--22:00:00,104.52,321.97,0.0,0.0,0.0,0.0,0.0,0.0,0.0,-252.73,0.0,0.2212,10.78
2020.456170309654,167.95833333333331,2020-06-15--23:00:00,110.33,335.06,0.0,0.0,0.0,0.0,0.0,0.0,0.0,-252.92,0.0,0.2758,10.56
2020.4562841530053,168.0,2020-06-16--00:00:00,113.73,349.45,0.0,0.0,0.0,0.0,0.0,0.0,0.0,-243.57,0.0,0.0813,9.99
2020.456397996357,168.04166666666666,2020-06-16--01:00:00,114.31,4.51,0.0,0.0,0.0,0.0,0.0,0.0,0.0,-256.05,0.0,0.214,9.37
2020.4565118397088,168.08333333333331,2020-06-16--02:00:00,112.01,19.28,0.0,0.0,0.0,0.0,0.0,0.0,0.0,-260.8,0.0,0.069,9.3
2020.4566256830606,168.125,2020-06-16--03:00:00,107.12,32.94,0.0,0.0,0.0,0.0,0.0,0.0,0.0,-244.65,0.0,0.0407,9.04
2020.456739526412,168.16666666666666,2020-06-16--04:00:00,100.11,45.13,0.0,0.0,0.0,0.0,0.0,0.0,0.0,-260.85,0.0,0.0183,8.58
2020.4568533697634,168.20833333333331,2020-06-16--05:00:00,87.54,55.96,15.55,526.97,2.74,2.58,0.0,0.0,2.74,-261.15,0.0,0.0372,8.45
2020.456967213115,168.25,2020-06-16--06:00:00,80.91,65.75,192.08,1317.42,29.91,28.14,0.0,0.0,29.91,-236.92,11.25,0.0038,8.65
2020.4570810564664,168.29166666666666,2020-06-16--07:00:00,71.02,74.96,423.52,1317.41,90.56,83.17,0.0,0.0,90.56,53.02,476.05,0.0525,9.24
2020.4571948998182,168.33333333333331,2020-06-16--08:00:00,60.27,84.16,651.09,1317.4,281.28,270.4,7.61,15.24,273.67,1008.57,2638.73,0.0747,10.95
2020.4573087431693,168.375,2020-06-16--09:00:00,49.27,94.15,858.47,1317.39,395.52,384.77,29.31,46.28,366.21,1504.88,3812.23,0.519,11.81
2020.457422586521,168.41666666666666,2020-06-16--10:00:00,38.43,106.31,1031.39,1317.38,566.99,573.07,145.27,179.31,421.71,2483.35,6034.43,0.9083,12.22
2020.4575364298728,168.45833333333331,2020-06-16--11:00:00,28.45,123.53,1158.03,1317.37,801.93,844.56,553.59,634.63,248.33,3717.27,8827.57,1.0905,13.93
2020.4576502732245,168.5,2020-06-16--12:00:00,21.01,151.71,1229.72,1317.36,700.97,706.23,328.86,354.01,372.11,3093.12,7388.58,1.3533,14.23
2020.4577641165758,168.54166666666666,2020-06-16--13:00:00,19.52,192.53,1241.59,1317.35,777.64,803.08,427.39,453.93,350.25,3565.6,8508.57,1.2087,14.86
2020.4578779599274,168.58333333333331,2020-06-16--14:00:00,25.1,226.77,1192.83,1317.34,746.66,777.05,546.51,597.65,200.15,3285.2,7795.1,1.2078,16.02
2020.4579918032791,168.625,2020-06-16--15:00:00,34.38,247.57,1086.77,1317.34,643.2,653.12,419.89,500.45,223.31,2945.7,6792.57,0.8577,14.35
2020.4581056466307,168.66666666666666,2020-06-16--16:00:00,45.0,261.3,930.65,1317.33,202.37,202.38,31.85,41.45,170.51,674.25,1814.23,0.7925,12.46
2020.458219489982,168.70833333333331,2020-06-16--17:00:00,55.99,271.94,735.14,1317.32,98.18,90.19,0.0,0.0,98.18,93.88,564.68,0.5545,11.41
2020.458333333333,168.75,2020-06-16--18:00:00,66.88,281.35,513.66,1317.31,119.77,109.13,1.29,2.86,118.48,200.65,744.83,0.1805,11.67
2020.4584471766848,168.79166666666666,2020-06-16--19:00:00,77.25,290.48,281.67,1317.3,55.98,46.97,0.93,5.58,55.06,-171.6,61.4,0.1265,11.51
2020.4585610200365,168.83333333333331,2020-06-16--20:00:00,85.16,299.98,63.56,1031.88,12.22,11.07,0.0,0.0,12.22,-251.07,0.0,0.2115,11.02
2020.458674863388,168.875,2020-06-16--21:00:00,96.77,310.33,0.0,0.0,0.09,0.0,0.0,0.0,0.09,-258.45,0.0,0.0043,10.72
2020.45878870674,168.91666666666666,2020-06-16--22:00:00,104.48,321.94,0.0,0.0,0.0,0.0,0.0,0.0,0.0,-250.22,0.0,0.0093,9.99
2020.4589025500916,168.95833333333331,2020-06-16--23:00:00,110.29,335.02,0.0,0.0,0.0,0.0,0.0,0.0,0.0,-258.95,0.0,0.006,9.65
2020.4590163934427,169.0,2020-06-17--00:00:00,113.69,349.4,0.0,0.0,0.0,0.0,0.0,0.0,0.0,-241.53,0.0,0.025,9.38
2020.4591302367944,169.04166666666666,2020-06-17--01:00:00,114.29,4.46,0.0,0.0,0.0,0.0,0.0,0.0,0.0,-249.45,0.0,0.0002,9.08
2020.459244080146,169.08333333333331,2020-06-17--02:00:00,112.0,19.22,0.0,0.0,0.0,0.0,0.0,0.0,0.0,-251.82,0.0,0.0013,7.93
2020.4593579234972,169.125,2020-06-17--03:00:00,107.11,32.88,0.0,0.0,0.0,0.0,0.0,0.0,-0.01,-252.45,0.0,0.0,7.11
2020.459471766849,169.16666666666666,2020-06-17--04:00:00,100.12,45.08,0.0,0.0,0.0,0.0,0.0,0.0,-0.0,-242.68,0.0,0.0,6.64
2020.4595856102005,169.20833333333331,2020-06-17--05:00:00,87.55,55.9,15.42,526.88,3.43,2.9,0.0,0.0,3.43,-249.4,0.0,0.1385,7.63
2020.459699453552,169.25,2020-06-17--06:00:00,80.92,65.69,191.63,1317.21,51.63,35.75,6.89,47.57,44.75,-221.5,1.28,0.1237,8.34
2020.459813296904,169.29166666666666,2020-06-17--07:00:00,71.04,74.91,422.96,1317.2,263.3,201.5,206.73,609.32,56.57,339.43,908.1,0.097,10.91
2020.459927140255,169.33333333333331,2020-06-17--08:00:00,60.29,84.1,650.49,1317.19,469.59,433.73,409.95,828.47,59.63,1554.38,3981.07,0.2163,13.5
2020.4600409836066,169.375,2020-06-17--09:00:00,49.29,94.09,857.9,1317.18,641.69,647.56,574.93,881.83,66.76,2812.23,6883.12,0.8068,13.61
2020.4601548269586,169.41666666666666,2020-06-17--10:00:00,38.46,106.23,1030.91,1317.17,791.28,828.75,720.39,920.0,70.89,3725.95,8940.17,1.0903,14.66
2020.4602686703101,169.45833333333331,2020-06-17--11:00:00,28.47,123.42,1157.68,1317.16,909.21,962.93,835.31,950.19,73.91,4346.92,10306.5,1.4107,15.85
2020.4603825136612,169.5,2020-06-17--12:00:00,21.01,151.56,1229.56,1317.15,977.79,1031.28,900.7,964.85,77.09,4623.35,10910.67,1.5673,17.48
2020.460496357013,169.54166666666666,2020-06-17--13:00:00,19.49,192.4,1241.65,1317.15,987.6,1038.52,909.09,964.37,78.51,4552.77,10766.0,1.3702,19.4
2020.4606102003643,169.58333333333331,2020-06-17--14:00:00,25.05,226.71,1193.12,1317.14,939.57,992.32,863.45,953.07,76.12,4327.83,10201.67,1.5362,20.7
2020.460724043716,169.625,2020-06-17--15:00:00,34.33,247.54,1087.29,1317.13,832.95,880.52,760.94,921.39,72.0,3781.47,8240.65,1.393,22.02
2020.4608378870678,169.66666666666666,2020-06-17--16:00:00,44.94,261.28,931.38,1317.12,684.07,706.08,613.82,867.08,70.25,2969.43,3395.88,1.5868,22.67
2020.460951730419,169.70833333333331,2020-06-17--17:00:00,55.93,271.93,736.06,1317.11,524.55,510.26,453.94,811.37,70.61,1865.42,976.88,1.6172,23.04
2020.4610655737704,169.75,2020-06-17--18:00:00,66.83,281.34,514.71,1317.1,350.52,296.78,293.69,747.73,56.84,637.47,269.35,1.2907,23.14
2020.461179417122,169.79166666666666,2020-06-17--19:00:00,77.2,290.47,282.81,1317.1,157.88,86.43,114.36,528.14,43.51,-140.83,7.6,1.0008,22.4
2020.4612932604737,169.83333333333331,2020-06-17--20:00:00,85.13,299.96,64.43,1053.67,28.35,10.27,13.28,141.07,15.08,-256.43,0.0,0.4762,20.0
2020.4614071038254,169.875,2020-06-17--21:00:00,96.73,310.31,0.0,0.0,0.09,0.0,0.0,0.0,0.09,-254.53,0.0,0.4438,18.08
2020.4615209471772,169.91666666666666,2020-06-17--22:00:00,104.43,321.91,0.0,0.0,0.0,0.0,0.0,0.0,0.0,-250.77,0.0,0.0643,16.17
2020.4616347905285,169.95833333333331,2020-06-17--23:00:00,110.25,334.98,0.0,0.0,0.0,0.0,0.0,0.0,0.0,-247.27,0.0,0.0122,14.4
2020.46174863388,170.0,2020-06-18--00:00:00,113.66,349.35,0.0,0.0,0.0,0.0,0.0,0.0,0.0,-245.37,0.0,0.0578,13.03
2020.4618624772315,170.04166666666666,2020-06-18--01:00:00,114.27,4.4,0.0,0.0,0.0,0.0,0.0,0.0,0.0,-252.38,0.0,0.0012,11.74
2020.4619763205828,170.08333333333331,2020-06-18--02:00:00,111.99,19.16,0.0,0.0,0.0,0.0,0.0,0.0,0.0,-253.28,0.0,0.0133,11.02
2020.4620901639346,170.125,2020-06-18--03:00:00,107.12,32.82,0.0,0.0,0.0,0.0,0.0,0.0,0.0,-263.2,0.0,0.0005,10.31
2020.4622040072861,170.16666666666666,2020-06-18--04:00:00,100.13,45.02,0.0,0.0,0.0,0.0,0.0,0.0,0.0,-236.48,0.0,0.0,9.77
2020.4623178506374,170.20833333333331,2020-06-18--05:00:00,87.57,55.85,15.24,526.8,4.52,3.48,0.0,0.0,4.52,-253.92,0.0,0.0,9.25
2020.4624316939887,170.25,2020-06-18--06:00:00,80.94,65.65,191.07,1317.01,119.24,35.07,85.69,553.7,33.54,-220.92,5.12,0.0003,11.36
2020.4625455373407,170.29166666666666,2020-06-18--07:00:00,71.07,74.86,422.32,1317.0,280.9,209.03,234.68,727.01,46.22,326.08,1146.15,0.0515,14.62
2020.4626593806925,170.33333333333331,2020-06-18--08:00:00,60.32,84.05,649.82,1316.99,454.03,420.11,400.81,810.23,53.22,1491.35,3820.28,0.2902,16.85
2020.462773224044,170.375,2020-06-18--09:00:00,49.32,94.03,857.27,1316.98,627.97,634.77,570.06,874.89,57.91,2732.65,6678.87,0.9473,17.38
2020.4628870673957,170.41666666666666,2020-06-18--10:00:00,38.48,106.15,1030.37,1316.97,775.93,816.98,712.28,910.16,63.65,3590.27,8632.33,0.7852,19.27
2020.463000910747,170.45833333333331,2020-06-18--11:00:00,28.49,123.32,1157.29,1316.97,892.84,951.02,825.05,938.73,67.79,4123.85,9779.5,0.9087,21.17
2020.4631147540986,170.5,2020-06-18--12:00:00,21.01,151.41,1229.36,1316.96,961.71,1013.53,885.85,949.0,75.86,4446.97,10365.5,1.6768,22.37
2020.4632285974499,170.54166666666666,2020-06-18--13:00:00,19.47,192.25,1241.66,1316.95,977.52,1026.32,895.0,949.27,82.51,4442.17,10334.5,1.5877,24.53
2020.4633424408014,170.58333333333331,2020-06-18--14:00:00,25.01,226.64,1193.36,1316.94,929.59,989.77,859.18,948.03,70.41,4183.87,9605.83,1.6762,26.75
2020.463456284153,170.625,2020-06-18--15:00:00,34.28,247.5,1087.76,1316.93,820.73,873.45,734.33,887.46,86.41,3590.45,7508.53,1.1113,28.27
2020.463570127505,170.66666666666666,2020-06-18--16:00:00,44.89,261.26,932.05,1316.93,621.45,646.93,450.57,636.82,170.88,2570.5,3018.52,1.2008,28.94
2020.463683970856,170.70833333333331,2020-06-18--17:00:00,55.88,271.91,736.9,1316.92,520.51,511.35,434.56,777.09,85.94,1793.32,975.37,1.1728,29.32
2020.463797814208,170.75,2020-06-18--18:00:00,66.78,281.32,515.68,1316.91,341.74,292.69,284.54,722.83,57.2,596.47,219.58,1.111,29.04
2020.4639116575595,170.79166666666666,2020-06-18--19:00:00,77.15,290.44,283.84,1316.9,169.18,94.03,126.2,576.26,42.98,-146.28,0.0,0.6953,28.36
2020.464025500911,170.83333333333331,2020-06-18--20:00:00,85.1,299.93,65.23,1053.52,29.97,11.03,14.59,158.5,15.38,-242.2,0.0,1.119,25.06
2020.4641393442623,170.875,2020-06-18--21:00:00,96.68,310.28,0.0,0.0,0.07,0.0,0.0,0.0,0.07,-254.3,0.0,0.8313,23.22
2020.464253187614,170.91666666666666,2020-06-18--22:00:00,104.39,321.87,0.0,0.0,0.0,0.0,0.0,0.0,0.0,-252.43,0.0,0.0213,19.94
2020.4643670309656,170.95833333333331,2020-06-18--23:00:00,110.22,334.93,0.0,0.0,0.0,0.0,0.0,0.0,0.0,-239.85,0.0,0.0433,17.68
2020.4644808743167,171.0,2020-06-19--00:00:00,113.64,349.3,0.0,0.0,0.0,0.0,0.0,0.0,0.0,-248.77,0.0,0.1762,16.52
2020.4645947176687,171.04166666666666,2020-06-19--01:00:00,114.26,4.34,0.0,0.0,0.0,0.0,0.0,0.0,0.0,-242.25,0.0,0.1033,15.67
2020.46470856102,171.08333333333331,2020-06-19--02:00:00,111.99,19.11,0.0,0.0,0.0,0.0,0.0,0.0,0.0,-252.98,0.0,0.0187,14.29
2020.464822404372,171.125,2020-06-19--03:00:00,107.13,32.77,0.0,0.0,0.0,0.0,0.0,0.0,0.0,-246.72,0.0,0.0407,13.88
2020.4649362477235,171.16666666666666,2020-06-19--04:00:00,100.15,44.97,0.0,0.0,0.0,0.0,0.0,0.0,0.0,-228.53,0.0,0.0023,12.42
2020.4650500910748,171.20833333333331,2020-06-19--05:00:00,87.58,55.81,15.03,526.73,4.97,3.98,0.0,0.0,4.97,-263.32,0.0,0.0002,12.09
2020.4651639344265,171.25,2020-06-19--06:00:00,80.97,65.6,190.41,1316.82,106.79,38.01,72.8,458.43,33.99,-228.47,10.6,0.0008,14.14
2020.465277777778,171.29166666666666,2020-06-19--07:00:00,71.1,74.81,421.58,1316.81,275.0,203.55,222.06,687.42,52.95,336.3,1106.32,0.0173,17.97
2020.4653916211294,171.33333333333331,2020-06-19--08:00:00,60.35,84.01,649.07,1316.81,448.01,415.3,378.82,768.46,69.19,1419.63,3704.75,0.2357,20.18
2020.4655054644809,171.375,2020-06-19--09:00:00,49.36,93.97,856.56,1316.8,620.93,627.72,543.91,835.37,77.02,2612.12,6433.88,0.803,20.96
2020.4656193078326,171.41666666666666,2020-06-19--10:00:00,38.51,106.09,1029.77,1316.79,751.42,785.39,652.56,838.06,98.86,3347.4,8062.03,0.9202,22.74
2020.4657331511842,171.45833333333331,2020-06-19--11:00:00,28.51,123.22,1156.85,1316.78,888.88,946.15,795.08,904.85,93.8,4053.8,9526.85,1.1895,24.41
2020.4658469945362,171.5,2020-06-19--12:00:00,21.02,151.26,1229.11,1316.78,957.79,1019.1,856.88,918.18,100.92,4288.58,9876.67,1.318,26.33
2020.4659608378872,171.54166666666666,2020-06-19--13:00:00,19.45,192.11,1241.64,1316.77,973.17,1031.87,856.35,908.2,116.82,4285.52,9724.33,1.3175,28.34
2020.4660746812388,171.58333333333331,2020-06-19--14:00:00,24.97,226.56,1193.56,1316.76,890.85,951.9,733.38,809.0,157.47,3906.73,8886.83,1.5043,30.23
2020.4661885245905,171.625,2020-06-19--15:00:00,34.24,247.46,1088.18,1316.75,806.07,856.75,634.13,767.69,171.95,3485.13,7213.7,1.3797,31.54
2020.4663023679416,171.66666666666666,2020-06-19--16:00:00,44.85,261.22,932.67,1316.75,639.92,662.18,467.02,656.27,172.9,2597.83,3060.77,1.2355,31.72
2020.4664162112933,171.70833333333331,2020-06-19--17:00:00,55.84,271.89,737.68,1316.74,446.7,433.23,245.13,434.83,201.56,1496.97,1637.47,1.2178,31.51
2020.466530054645,171.75,2020-06-19--18:00:00,66.74,281.29,516.57,1316.73,307.73,265.96,141.31,352.14,166.42,636.17,913.58,0.8985,30.91
2020.4666438979968,171.79166666666666,2020-06-19--19:00:00,77.11,290.42,284.78,1316.72,133.44,92.32,59.7,244.56,73.74,-82.8,87.53,0.4857,29.94
2020.466757741348,171.83333333333331,2020-06-19--20:00:00,85.07,299.9,65.95,1053.38,16.07,12.82,0.0,0.0,16.07,-253.5,0.0,0.8895,27.31
2020.4668715847,171.875,2020-06-19--21:00:00,96.64,310.24,0.0,0.0,0.04,0.0,0.0,0.0,0.04,-263.03,0.0,0.2737,25.28
2020.4669854280512,171.91666666666663,2020-06-19--22:00:00,104.36,321.83,0.0,0.0,0.0,0.0,0.0,0.0,0.0,-238.77,0.0,0.0363,22.8
2020.467099271403,171.95833333333331,2020-06-19--23:00:00,110.2,334.88,0.0,0.0,0.0,0.0,0.0,0.0,0.0,-243.35,0.0,0.0097,22.32
2020.4672131147547,172.0,2020-06-20--00:00:00,113.63,349.25,0.0,0.0,0.0,0.0,0.0,0.0,0.0,-230.17,0.0,0.0038,20.93
2020.4673269581056,172.04166666666663,2020-06-20--01:00:00,114.25,4.29,0.0,0.0,0.0,0.0,0.0,0.0,0.0,-247.23,0.0,0.1008,20.06
2020.4674408014573,172.08333333333331,2020-06-20--02:00:00,112.0,19.05,0.0,0.0,0.0,0.0,0.0,0.0,0.0,-260.85,0.0,0.065,19.06
2020.4675546448086,172.125,2020-06-20--03:00:00,107.14,32.72,0.0,0.0,0.0,0.0,0.0,0.0,0.0,-261.68,0.0,0.0,18.02
2020.4676684881604,172.16666666666663,2020-06-20--04:00:00,100.17,44.93,0.0,0.0,0.0,0.0,0.0,0.0,0.0,-258.6,0.0,0.0247,16.79
2020.4677823315121,172.20833333333331,2020-06-20--05:00:00,87.6,55.77,14.78,504.72,4.97,3.91,0.0,0.0,4.97,-255.82,0.0,0.0002,15.41
2020.4678961748639,172.25,2020-06-20--06:00:00,81.0,65.56,189.65,1316.65,92.02,33.63,58.79,352.95,33.23,-227.18,40.38,0.1097,16.78
2020.4680100182154,172.29166666666663,2020-06-20--07:00:00,71.14,74.78,420.75,1316.64,273.75,202.18,211.88,657.98,61.87,330.83,1160.05,0.1848,20.26
2020.4681238615667,172.33333333333331,2020-06-20--08:00:00,60.39,83.97,648.24,1316.63,452.25,418.45,377.27,764.23,74.98,1415.83,3656.75,0.1718,23.53
2020.4682377049185,172.375,2020-06-20--09:00:00,49.39,93.93,855.8,1316.62,579.77,575.44,397.38,615.96,182.39,2314.98,5676.67,0.7357,23.69
2020.4683515482693,172.41666666666663,2020-06-20--10:00:00,38.55,106.03,1029.13,1316.62,752.14,792.19,564.54,720.05,187.6,3363.33,8012.25,1.4028,24.61
2020.4684653916213,172.45833333333331,2020-06-20--11:00:00,28.54,123.14,1156.36,1316.61,880.37,945.4,770.19,875.96,110.18,3985.08,9304.83,1.2363,26.04
2020.4685792349728,172.5,2020-06-20--12:00:00,21.04,151.13,1228.83,1316.6,849.83,900.34,700.25,751.74,149.58,3741.92,8522.43,1.2943,27.06
2020.4686930783246,172.54166666666663,2020-06-20--13:00:00,19.44,191.96,1241.57,1316.6,930.25,970.95,741.35,786.36,188.9,4089.08,9240.77,1.4195,28.05
2020.468806921676,172.58333333333331,2020-06-20--14:00:00,24.94,226.46,1193.72,1316.59,974.52,1027.25,810.18,893.07,164.34,4148.5,9384.33,1.6353,29.08
2020.4689207650274,172.625,2020-06-20--15:00:00,34.2,247.4,1088.55,1316.58,820.91,873.7,692.45,836.55,128.46,3593.68,7474.6,1.5233,29.5
2020.4690346083792,172.66666666666663,2020-06-20--16:00:00,44.81,261.18,933.23,1316.58,535.09,556.56,382.51,535.27,152.58,2166.9,2688.38,1.6805,29.04
2020.4691484517307,172.70833333333331,2020-06-20--17:00:00,55.8,271.85,738.38,1316.57,260.93,256.36,131.23,220.72,129.7,793.53,819.08,1.4772,27.84
2020.4692622950824,172.75,2020-06-20--18:00:00,66.69,281.26,517.37,1316.56,91.13,85.44,0.0,0.0,91.13,34.1,405.33,1.1807,26.74
2020.4693761384335,172.79166666666663,2020-06-20--19:00:00,77.07,290.39,285.62,1316.56,52.77,45.59,2.94,19.87,49.83,-164.23,89.75,1.2865,25.83
2020.4694899817853,172.83333333333331,2020-06-20--20:00:00,85.05,299.87,66.58,1075.18,14.99,13.92,0.0,0.0,14.99,-227.72,0.0,0.777,24.37
2020.4696038251368,172.875,2020-06-20--21:00:00,96.61,310.2,0.0,0.0,0.08,0.0,0.0,0.0,0.08,-252.73,0.0,0.689,22.96
2020.4697176684886,172.91666666666663,2020-06-20--22:00:00,104.33,321.79,0.0,0.0,0.0,0.0,0.0,0.0,0.0,-247.57,0.0,0.6265,22.22
2020.4698315118399,172.95833333333331,2020-06-20--23:00:00,110.18,334.83,0.0,0.0,0.0,0.0,0.0,0.0,0.0,-257.82,0.0,0.8365,21.45
2020.4699453551916,173.0,2020-06-21--00:00:00,113.62,349.2,0.0,0.0,0.0,0.0,0.0,0.0,0.0,-240.68,0.0,0.5968,20.64
2020.4700591985431,173.04166666666663,2020-06-21--01:00:00,114.26,4.23,0.0,0.0,0.0,0.0,0.0,0.0,0.0,-259.33,0.0,0.456,20.12
2020.4701730418944,173.08333333333331,2020-06-21--02:00:00,112.01,19.0,0.0,0.0,0.0,0.0,0.0,0.0,0.0,-252.15,0.0,0.3955,19.52
2020.4702868852467,173.125,2020-06-21--03:00:00,107.16,32.67,0.0,0.0,0.0,0.0,0.0,0.0,0.0,-252.73,0.0,0.2747,19.06
2020.4704007285975,173.16666666666663,2020-06-21--04:00:00,100.2,44.89,0.0,0.0,0.0,0.0,0.0,0.0,0.0,-253.25,0.0,0.4387,18.98
2020.4705145719493,173.20833333333331,2020-06-21--05:00:00,87.63,55.73,14.49,504.65,4.79,4.31,0.0,0.0,4.79,-244.03,0.0,0.4165,18.62
2020.4706284153006,173.25,2020-06-21--06:00:00,81.03,65.53,188.78,1316.48,46.99,39.27,0.8,3.6,46.19,-219.58,0.0,0.6265,18.52
2020.4707422586525,173.29166666666663,2020-06-21--07:00:00,71.18,74.74,419.83,1316.48,184.9,158.93,49.91,150.46,134.99,316.07,859.48,0.6378,19.1
2020.470856102004,173.33333333333331,2020-06-21--08:00:00,60.43,83.94,647.34,1316.47,407.55,385.56,293.39,576.39,114.16,1312.1,3426.48,0.7045,20.29
2020.4709699453556,173.375,2020-06-21--09:00:00,49.43,93.89,854.97,1316.46,647.78,664.35,546.16,839.95,101.62,2753.82,6676.08,0.5263,22.53
2020.471083788707,173.41666666666663,2020-06-21--10:00:00,38.59,105.98,1028.43,1316.46,777.16,821.53,696.63,890.9,80.53,3472.48,8356.67,0.8392,23.48
2020.4711976320584,173.45833333333331,2020-06-21--11:00:00,28.58,123.06,1155.84,1316.45,897.46,958.15,825.98,940.57,71.49,4099.48,9609.83,1.3418,24.47
2020.4713114754102,173.5,2020-06-21--12:00:00,21.06,151.0,1228.5,1316.45,963.71,1023.83,896.17,960.28,67.54,4331.9,9953.17,1.3598,25.57
2020.4714253187612,173.54166666666663,2020-06-21--13:00:00,19.43,191.81,1241.46,1316.44,975.23,1030.62,908.26,963.11,66.97,4380.28,9898.67,1.5887,26.61
2020.4715391621128,173.58333333333331,2020-06-21--14:00:00,24.91,226.36,1193.83,1316.43,932.33,991.57,867.63,956.67,64.69,4181.38,9506.33,1.6885,27.52
2020.4716530054648,173.625,2020-06-21--15:00:00,34.17,247.34,1088.87,1316.43,836.35,885.57,775.33,937.08,61.02,3683.28,7854.13,1.686,28.17
2020.4717668488165,173.66666666666663,2020-06-21--16:00:00,44.77,261.14,933.72,1316.42,695.6,719.06,638.29,899.21,57.3,2929.17,2983.5,1.6655,28.75
2020.471880692168,173.70833333333331,2020-06-21--17:00:00,55.76,271.81,739.01,1316.41,530.63,517.42,477.95,849.9,52.68,1840.1,785.78,1.6213,28.98
2020.4719945355193,173.75,2020-06-21--18:00:00,66.66,281.22,518.09,1316.41,350.43,297.61,303.53,767.36,46.91,616.67,179.15,1.5023,28.56
2020.4721083788709,173.79166666666663,2020-06-21--19:00:00,77.04,290.35,286.36,1316.4,176.38,96.52,140.19,632.33,36.19,-132.77,0.0,1.3022,26.89
2020.4722222222226,173.83333333333331,2020-06-21--20:00:00,85.03,299.83,67.13,1075.06,32.66,10.22,18.31,201.51,14.35,-249.73,0.0,0.7498,24.83
2020.472336065574,173.875,2020-06-21--21:00:00,96.59,310.16,0.0,0.0,0.26,0.14,0.0,0.0,0.26,-243.55,0.0,0.4023,22.64
2020.4724499089252,173.91666666666663,2020-06-21--22:00:00,104.31,321.74,0.0,0.0,0.0,0.0,0.0,0.0,0.0,-254.08,0.0,0.0575,20.14
2020.472563752277,173.95833333333331,2020-06-21--23:00:00,110.17,334.78,0.0,0.0,0.0,0.0,0.0,0.0,0.0,-254.35,0.0,0.0068,18.07
2020.4726775956283,174.0,2020-06-22--00:00:00,113.62,349.14,0.0,0.0,0.0,0.0,0.0,0.0,0.0,-255.87,0.0,0.0038,16.54
2020.47279143898,174.04166666666663,2020-06-22--01:00:00,114.27,4.18,0.0,0.0,0.0,0.0,0.0,0.0,0.0,-248.53,0.0,0.0165,15.48
2020.4729052823318,174.08333333333331,2020-06-22--02:00:00,112.03,18.95,0.0,0.0,0.0,0.0,0.0,0.0,0.0,-259.07,0.0,0.0493,14.45
2020.4730191256835,174.125,2020-06-22--03:00:00,107.19,32.63,0.0,0.0,0.0,0.0,0.0,0.0,0.0,-231.98,0.0,0.0035,13.3
2020.4731329690346,174.16666666666663,2020-06-22--04:00:00,100.23,44.85,0.0,0.0,0.0,0.0,0.0,0.0,0.0,-238.52,0.0,0.0002,12.55
2020.4732468123864,174.20833333333331,2020-06-22--05:00:00,87.65,55.7,14.16,504.6,4.16,3.51,0.0,0.0,4.16,-243.45,0.0,0.0005,11.56
2020.473360655738,174.25,2020-06-22--06:00:00,81.07,65.5,187.82,1316.33,107.29,32.11,78.57,503.52,28.73,-218.87,10.82,0.0067,14.05
2020.4734744990894,174.29166666666663,2020-06-22--07:00:00,71.22,74.72,418.83,1316.33,279.59,204.84,235.82,735.68,43.77,326.07,1153.43,0.087,17.47
2020.4735883424412,174.33333333333331,2020-06-22--08:00:00,60.48,83.91,646.37,1316.32,458.61,425.11,407.96,828.81,50.65,1448.45,3747.47,0.1573,20.59
2020.4737021857925,174.375,2020-06-22--09:00:00,49.48,93.86,854.08,1316.32,631.16,639.45,576.46,887.57,54.71,2650.8,6488.95,0.3075,22.42
2020.473816029144,174.41666666666663,2020-06-22--10:00:00,38.63,105.94,1027.68,1316.31,782.53,823.28,722.81,925.4,59.73,3505.35,8410.0,0.7265,23.57
2020.4739298724953,174.45833333333331,2020-06-22--11:00:00,28.62,123.0,1155.26,1316.31,899.83,957.3,835.81,952.15,64.02,4095.9,9612.0,1.3762,24.51
2020.4740437158468,174.5,2020-06-22--12:00:00,21.09,150.88,1228.13,1316.3,968.81,1027.17,901.08,965.74,67.73,4375.28,10014.0,1.341,26.18
2020.4741575591986,174.54166666666663,2020-06-22--13:00:00,19.43,191.65,1241.31,1316.29,982.21,1037.02,913.61,968.79,68.6,4369.08,9918.5,1.643,27.97
2020.4742714025504,174.58333333333331,2020-06-22--14:00:00,24.89,226.25,1193.9,1316.29,931.26,990.78,864.15,952.59,67.11,4062.83,9353.17,1.6038,29.94
2020.4743852459014,174.625,2020-06-22--15:00:00,34.14,247.26,1089.13,1316.28,831.11,884.03,767.74,927.59,63.36,3576.88,7351.37,1.4363,32.4
2020.4744990892532,174.66666666666663,2020-06-22--16:00:00,44.74,261.08,934.16,1316.28,693.58,721.28,634.11,892.88,59.47,2845.43,2614.8,1.4515,33.45
2020.474612932605,174.70833333333331,2020-06-22--17:00:00,55.72,271.77,739.57,1316.27,529.38,520.22,475.1,844.13,54.28,1787.57,664.83,1.3705,33.95
2020.4747267759565,174.75,2020-06-22--18:00:00,66.63,281.18,518.72,1316.26,351.17,301.24,302.24,763.02,48.93,604.53,138.83,1.0785,33.87
2020.4748406193078,174.79166666666663,2020-06-22--19:00:00,77.01,290.31,287.0,1316.26,173.7,97.54,135.57,607.28,38.12,-142.53,0.0,0.8032,32.9
2020.4749544626595,174.83333333333331,2020-06-22--20:00:00,85.01,299.78,67.6,1074.94,31.52,10.74,16.32,175.07,15.19,-249.53,0.0,0.763,30.19
2020.475068306011,174.875,2020-06-22--21:00:00,96.56,310.11,0.0,0.0,0.24,0.14,0.0,0.0,0.24,-251.03,0.0,0.3295,27.75
2020.4751821493626,174.91666666666663,2020-06-22--22:00:00,104.3,321.69,0.0,0.0,0.0,0.0,0.0,0.0,0.0,-246.43,0.0,0.2328,25.49
2020.4752959927139,174.95833333333331,2020-06-22--23:00:00,110.16,334.73,0.0,0.0,0.0,0.0,0.0,0.0,0.0,-259.78,0.0,0.0352,22.36
2020.4754098360654,175.0,2020-06-23--00:00:00,113.62,349.08,0.0,0.0,0.0,0.0,0.0,0.0,0.0,-255.72,0.0,0.0965,20.69
2020.4755236794172,175.04166666666663,2020-06-23--01:00:00,114.28,4.13,0.0,0.0,0.0,0.0,0.0,0.0,0.0,-267.48,0.0,0.006,19.27
2020.475637522769,175.08333333333331,2020-06-23--02:00:00,112.06,18.9,0.0,0.0,0.0,0.0,0.0,0.0,0.0,-247.07,0.0,0.0,17.62
2020.4757513661207,175.125,2020-06-23--03:00:00,107.23,32.58,0.0,0.0,0.0,0.0,0.0,0.0,0.0,-244.67,0.0,0.0,16.72
2020.475865209472,175.16666666666663,2020-06-23--04:00:00,100.27,44.82,0.0,0.0,0.0,0.0,0.0,0.0,0.0,-260.35,0.0,0.0,15.98
2020.4759790528235,175.20833333333331,2020-06-23--05:00:00,87.68,55.67,13.8,504.54,4.43,3.69,0.0,0.0,4.43,-234.15,0.0,0.001,15.29
2020.476092896175,175.25,2020-06-23--06:00:00,81.11,65.48,186.75,1316.2,101.34,32.45,70.8,450.88,30.54,-222.03,3.32,0.0073,17.65
2020.4762067395263,175.29166666666663,2020-06-23--07:00:00,71.27,74.7,417.74,1316.19,272.02,201.03,224.92,702.56,47.1,305.0,1098.2,0.0645,21.87
2020.476320582878,175.33333333333331,2020-06-23--08:00:00,60.52,83.89,645.32,1316.19,447.77,416.41,392.09,797.45,55.68,1388.35,3619.1,0.3462,23.21
2020.4764344262296,175.375,2020-06-23--09:00:00,49.53,93.84,853.14,1316.18,620.79,629.95,557.5,859.21,63.29,2572.63,6328.5,0.6168,24.16
2020.4765482695807,175.41666666666663,2020-06-23--10:00:00,38.68,105.91,1026.88,1316.18,760.44,801.22,681.81,873.31,78.63,3371.53,8102.67,0.7067,25.97
2020.4766621129331,175.45833333333331,2020-06-23--11:00:00,28.67,122.95,1154.65,1316.17,885.69,945.38,815.34,929.2,70.35,3907.3,9151.0,0.9073,27.95
2020.4767759562844,175.5,2020-06-23--12:00:00,21.12,150.77,1227.73,1316.17,955.41,1015.85,882.6,946.16,72.81,4161.48,9541.17,1.3547,29.52
2020.476889799636,175.54166666666663,2020-06-23--13:00:00,19.44,191.49,1241.12,1316.16,965.66,1022.48,891.8,945.7,73.86,4156.28,9397.33,1.4553,31.19
2020.4770036429873,175.58333333333331,2020-06-23--14:00:00,24.88,226.13,1193.92,1316.16,912.33,974.85,837.03,922.57,75.3,3899.12,8825.17,1.5873,33.26
2020.477117486339,175.625,2020-06-23--15:00:00,34.11,247.18,1089.35,1316.15,813.97,868.05,739.95,893.69,74.02,3470.38,7095.28,1.7367,34.67
2020.4772313296905,175.66666666666663,2020-06-23--16:00:00,44.71,261.02,934.53,1316.14,676.38,704.84,606.4,853.23,69.99,2788.03,2619.12,1.7215,35.37
2020.477345173042,175.70833333333331,2020-06-23--17:00:00,55.7,271.71,740.05,1316.14,513.67,505.67,449.49,797.56,64.18,1737.18,758.48,1.6345,36.22
2020.4774590163934,175.75,2020-06-23--18:00:00,66.6,281.13,519.26,1316.13,334.17,287.79,276.32,696.22,57.86,570.67,222.0,1.7673,35.34
2020.477572859745,175.79166666666663,2020-06-23--19:00:00,76.99,290.26,287.53,1316.13,165.0,95.94,121.68,542.31,43.31,-127.1,0.0,1.552,33.06
2020.4776867030967,175.83333333333331,2020-06-23--20:00:00,85.0,299.74,67.98,1074.83,29.45,11.37,13.56,145.98,15.89,-245.57,0.0,1.442,30.36
2020.477800546448,175.875,2020-06-23--21:00:00,96.55,310.06,0.0,0.0,0.14,0.01,0.0,0.0,0.14,-257.18,0.0,0.332,27.89
2020.4779143898002,175.91666666666663,2020-06-23--22:00:00,104.29,321.63,0.0,0.0,0.0,0.0,0.0,0.0,0.0,-247.22,0.0,0.0437,25.91
2020.4780282331515,175.95833333333331,2020-06-23--23:00:00,110.16,334.67,0.0,0.0,0.0,0.0,0.0,0.0,0.0,-242.6,0.0,0.0737,24.41
2020.478142076503,176.0,2020-06-24--00:00:00,113.63,349.03,0.0,0.0,0.0,0.0,0.0,0.0,0.0,-248.42,0.0,0.0002,22.09
2020.4782559198545,176.04166666666663,2020-06-24--01:00:00,114.31,4.07,0.0,0.0,0.0,0.0,0.0,0.0,0.0,-246.75,0.0,0.0037,20.19
2020.4783697632058,176.08333333333331,2020-06-24--02:00:00,112.09,18.85,0.0,0.0,0.0,0.0,0.0,0.0,0.0,-257.62,0.0,0.0108,19.16
2020.4784836065576,176.125,2020-06-24--03:00:00,107.27,32.55,0.0,0.0,0.0,0.0,0.0,0.0,0.0,-257.62,0.0,0.1578,18.54
2020.478597449909,176.16666666666663,2020-06-24--04:00:00,100.32,44.79,0.0,0.0,0.0,0.0,0.0,0.0,0.0,-245.35,0.0,0.0108,17.53
2020.4787112932609,176.20833333333331,2020-06-24--05:00:00,87.71,55.65,13.41,482.56,3.66,3.07,0.0,0.0,3.66,-248.03,0.0,0.0008,16.78
2020.478825136612,176.25,2020-06-24--06:00:00,81.15,65.46,185.59,1316.07,95.84,32.79,64.33,405.38,31.52,-213.22,9.22,0.0133,18.17
2020.478938979964,176.29166666666663,2020-06-24--07:00:00,71.32,74.68,416.57,1316.07,269.02,199.32,217.13,680.26,51.89,281.53,1089.13,0.0923,21.68
2020.4790528233152,176.33333333333331,2020-06-24--08:00:00,60.58,83.88,644.2,1316.06,449.3,416.2,383.69,781.78,65.61,1380.93,3595.4,0.6048,22.73
2020.479166666667,176.375,2020-06-24--09:00:00,49.58,93.83,852.13,1316.06,636.43,637.57,541.89,836.17,94.53,2590.97,6380.35,1.1257,24.19
2020.4792805100187,176.41666666666663,2020-06-24--10:00:00,38.74,105.89,1026.03,1316.05,774.66,797.46,509.79,651.99,264.86,3305.57,7873.45,1.2587,25.67
2020.47939435337,176.45833333333331,2020-06-24--11:00:00,28.72,122.9,1153.99,1316.05,788.42,807.69,398.55,459.1,389.87,3341.33,7806.15,1.843,26.53
2020.4795081967216,176.5,2020-06-24--12:00:00,21.16,150.67,1227.28,1316.04,558.86,565.41,97.38,105.29,461.48,2261.13,5409.85,1.9197,26.37
2020.4796220400729,176.54166666666663,2020-06-24--13:00:00,19.45,191.33,1240.9,1316.04,384.27,375.53,3.21,3.39,381.06,1397.35,3476.53,1.5972,26.03
2020.4797358834246,176.58333333333331,2020-06-24--14:00:00,24.87,226.0,1193.9,1316.04,514.61,516.49,55.3,62.04,459.31,2042.1,4960.82,1.529,26.36
2020.4798497267761,176.625,2020-06-24--15:00:00,34.09,247.09,1089.51,1316.03,535.05,544.97,153.12,191.72,381.93,2149.02,4837.98,1.32,26.85
2020.479963570128,176.66666666666663,2020-06-24--16:00:00,44.68,260.95,934.84,1316.03,658.89,679.43,488.07,694.9,170.81,2718.55,3334.22,1.379,27.94
2020.4800774134794,176.70833333333331,2020-06-24--17:00:00,55.67,271.65,740.46,1316.02,530.52,517.84,462.67,820.92,67.85,1829.53,862.35,1.4565,28.6
2020.4801912568307,176.75,2020-06-24--18:00:00,66.58,281.08,519.7,1316.02,347.47,295.75,289.13,725.84,58.33,611.52,229.93,1.2507,28.59
2020.4803051001825,176.79166666666663,2020-06-24--19:00:00,76.97,290.21,287.96,1316.01,141.7,78.03,91.98,435.89,49.72,-171.58,0.0,1.1605,27.1
2020.4804189435336,176.83333333333331,2020-06-24--20:00:00,84.99,299.68,68.27,1074.74,36.45,13.24,17.07,184.73,19.38,-252.5,0.0,0.902,24.99
2020.4805327868853,176.875,2020-06-24--21:00:00,96.54,310.01,0.0,0.0,0.46,0.31,0.0,0.0,0.46,-266.78,0.0,0.178,22.89
2020.480646630237,176.91666666666663,2020-06-24--22:00:00,104.29,321.58,0.0,0.0,0.0,0.0,0.0,0.0,0.0,-252.98,0.0,0.0287,20.3
2020.4807604735888,176.95833333333331,2020-06-24--23:00:00,110.17,334.61,0.0,0.0,0.0,0.0,0.0,0.0,0.0,-244.13,0.0,0.0382,18.22
2020.48087431694,177.0,2020-06-25--00:00:00,113.65,348.97,0.0,0.0,0.0,0.0,0.0,0.0,0.0,-248.4,0.0,0.0292,17.02
2020.480988160292,177.04166666666663,2020-06-25--01:00:00,114.34,4.02,0.0,0.0,0.0,0.0,0.0,0.0,0.0,-247.07,0.0,0.021,15.62
2020.4811020036432,177.08333333333331,2020-06-25--02:00:00,112.13,18.81,0.0,0.0,0.0,0.0,0.0,0.0,0.0,-247.12,0.0,0.0392,14.8
2020.4812158469947,177.125,2020-06-25--03:00:00,107.31,32.51,0.0,0.0,0.0,0.0,0.0,0.0,0.0,-257.72,0.0,0.0043,14.23
2020.4813296903465,177.16666666666663,2020-06-25--04:00:00,100.37,44.76,0.0,0.0,0.0,0.0,0.0,0.0,0.0,-232.08,0.0,0.0277,13.77
2020.4814435336975,177.20833333333331,2020-06-25--05:00:00,87.75,55.63,12.99,482.52,4.84,4.0,0.0,0.0,4.84,-238.48,0.0,0.0,12.96
2020.4815573770493,177.25,2020-06-25--06:00:00,81.2,65.45,184.34,1315.96,103.11,36.72,69.62,446.92,33.49,-230.0,18.95,0.0777,14.95
2020.4816712204006,177.29166666666663,2020-06-25--07:00:00,71.37,74.67,415.31,1315.96,272.54,202.36,222.02,697.49,50.52,298.03,1119.83,0.1687,18.15
2020.4817850637528,177.33333333333331,2020-06-25--08:00:00,60.63,83.87,643.02,1315.95,453.44,421.57,394.08,804.13,59.35,1402.8,3663.5,0.255,21.32
2020.4818989071039,177.375,2020-06-25--09:00:00,49.64,93.82,851.07,1315.95,626.96,634.69,561.3,867.01,65.66,2610.25,6429.08,0.9202,21.18
2020.4820127504559,177.41666666666663,2020-06-25--10:00:00,38.79,105.88,1025.13,1315.94,778.74,818.35,706.65,906.71,72.09,3509.75,8418.83,1.275,22.48
2020.4821265938074,177.45833333333331,2020-06-25--11:00:00,28.77,122.87,1153.29,1315.94,897.93,954.65,820.69,936.28,77.24,4091.13,9647.67,1.5143,23.9
2020.482240437159,177.5,2020-06-25--12:00:00,21.21,150.58,1226.79,1315.94,965.66,1022.77,877.36,941.2,88.3,4322.5,10091.33,1.6213,25.81
2020.4823542805107,177.54166666666663,2020-06-25--13:00:00,19.48,191.17,1240.62,1315.93,974.57,1028.53,882.1,935.65,92.47,4331.87,9964.0,1.5928,27.46
2020.4824681238613,177.58333333333331,2020-06-25--14:00:00,24.86,225.86,1193.83,1315.93,934.63,994.4,854.61,942.0,80.01,4110.8,9410.67,1.6538,29.49
2020.482581967213,177.625,2020-06-25--15:00:00,34.07,246.99,1089.61,1315.92,836.63,888.65,764.8,923.38,71.83,3613.1,7490.82,1.5707,31.23
2020.4826958105648,177.66666666666663,2020-06-25--16:00:00,44.66,260.87,935.08,1315.92,698.79,725.7,631.73,888.3,67.06,2879.25,2799.15,1.5447,32.08
2020.4828096539165,177.70833333333331,2020-06-25--17:00:00,55.65,271.59,740.78,1315.92,538.29,528.13,477.41,846.84,60.88,1832.27,761.15,1.3787,32.24
2020.482923497268,177.75,2020-06-25--18:00:00,66.56,281.02,520.06,1315.91,356.95,306.29,302.71,761.66,54.24,617.88,196.23,1.1865,32.18
2020.48303734062,177.79166666666663,2020-06-25--19:00:00,76.95,290.15,288.29,1315.91,177.81,101.61,135.76,605.63,42.05,-130.87,0.0,1.2082,30.92
2020.4831511839714,177.83333333333331,2020-06-25--20:00:00,84.98,299.62,68.46,1074.65,33.09,11.79,15.94,168.78,17.15,-243.65,0.0,0.8822,28.13
2020.4832650273227,177.875,2020-06-25--21:00:00,96.53,309.95,0.0,0.0,0.26,0.15,0.0,0.0,0.25,-247.43,0.0,0.294,25.41
2020.4833788706744,177.91666666666663,2020-06-25--22:00:00,104.3,321.52,0.0,0.0,0.0,0.0,0.0,0.0,0.0,-249.97,0.0,0.06,23.31
2020.4834927140255,177.95833333333331,2020-06-25--23:00:00,110.19,334.55,0.0,0.0,0.0,0.0,0.0,0.0,0.0,-252.07,0.0,0.002,20.4
2020.4836065573768,178.0,2020-06-26--00:00:00,113.68,348.91,0.0,0.0,0.0,0.0,0.0,0.0,0.0,-251.7,0.0,0.0002,18.31
2020.4837204007288,178.04166666666663,2020-06-26--01:00:00,114.37,3.97,0.0,0.0,0.0,0.0,0.0,0.0,0.0,-250.2,0.0,0.0037,17.27
2020.4838342440805,178.08333333333331,2020-06-26--02:00:00,112.18,18.77,0.0,0.0,0.0,0.0,0.0,0.0,0.0,-247.43,0.0,0.013,16.58
2020.483948087432,178.125,2020-06-26--03:00:00,107.36,32.48,0.0,0.0,0.0,0.0,0.0,0.0,0.0,-243.02,0.0,0.004,15.39
2020.4840619307834,178.16666666666663,2020-06-26--04:00:00,100.43,44.74,0.0,0.0,0.0,0.0,0.0,0.0,0.0,-244.4,0.0,0.0,14.44
2020.4841757741349,178.20833333333331,2020-06-26--05:00:00,87.78,55.62,12.54,482.49,4.16,3.5,0.0,0.0,4.16,-252.4,0.0,0.004,13.85
2020.4842896174866,178.25,2020-06-26--06:00:00,81.25,65.44,183.0,1315.86,97.38,34.84,62.77,396.4,34.61,-228.12,22.72,0.0017,15.34
2020.4844034608386,178.29166666666663,2020-06-26--07:00:00,71.43,74.67,413.98,1315.86,266.19,199.0,212.79,670.0,53.41,306.63,1096.85,0.0175,20.05
2020.4845173041895,178.33333333333331,2020-06-26--08:00:00,60.69,83.87,641.77,1315.86,443.94,413.62,380.74,778.41,63.19,1366.67,3565.92,0.2135,22.33
2020.484631147541,178.375,2020-06-26--09:00:00,49.7,93.82,849.95,1315.85,615.75,624.69,545.38,843.37,70.37,2549.02,6263.87,0.5482,23.11
2020.4847449908928,178.41666666666663,2020-06-26--10:00:00,38.85,105.88,1024.19,1315.85,766.58,807.75,691.94,888.52,74.64,3387.12,8164.17,0.6325,25.11
2020.4848588342443,178.45833333333331,2020-06-26--11:00:00,28.83,122.85,1152.55,1315.84,887.19,947.02,808.96,923.32,78.23,3872.0,9119.83,0.5677,27.45
2020.484972677596,178.5,2020-06-26--12:00:00,21.26,150.5,1226.27,1315.84,958.68,1019.45,878.28,942.36,80.4,4095.68,9378.0,1.0028,28.64
2020.4850865209476,178.54166666666663,2020-06-26--13:00:00,19.51,191.01,1240.31,1315.84,975.39,1031.42,897.3,951.93,78.09,4175.05,9488.0,1.4168,30.13
2020.4852003642986,178.58333333333331,2020-06-26--14:00:00,24.87,225.71,1193.72,1315.83,929.28,990.17,853.56,940.78,75.72,4005.5,9099.33,1.683,31.89
2020.4853142076504,178.625,2020-06-26--15:00:00,34.06,246.88,1089.67,1315.83,832.99,885.97,762.1,920.05,70.89,3585.68,7353.38,1.665,33.14
2020.485428051002,178.66666666666663,2020-06-26--16:00:00,44.65,260.79,935.25,1315.83,697.95,726.08,634.26,891.71,63.69,2851.78,2660.38,1.6672,34.16
2020.4855418943534,178.70833333333331,2020-06-26--17:00:00,55.63,271.52,741.03,1315.82,525.96,517.33,467.22,827.58,58.74,1785.18,692.77,1.1237,34.47
2020.4856557377047,178.75,2020-06-26--18:00:00,66.54,280.95,520.32,1315.82,351.74,302.28,300.7,757.43,51.03,611.8,183.05,1.5297,33.66
2020.4857695810567,178.79166666666663,2020-06-26--19:00:00,76.94,290.09,288.51,1315.81,178.36,100.9,140.49,627.7,37.87,-133.98,0.0,1.579,31.86
2020.4858834244085,178.83333333333331,2020-06-26--20:00:00,84.97,299.56,68.56,1074.58,32.73,10.2,18.7,203.61,14.04,-251.22,0.0,1.2283,28.93
2020.48599726776,178.875,2020-06-26--21:00:00,96.54,309.88,0.0,0.0,0.14,0.05,0.0,0.0,0.14,-254.95,0.0,0.8817,26.84
2020.4861111111115,178.91666666666663,2020-06-26--22:00:00,104.31,321.45,0.0,0.0,0.0,0.0,0.0,0.0,0.0,-244.67,0.0,0.0677,23.57
2020.4862249544628,178.95833333333331,2020-06-26--23:00:00,110.21,334.49,0.0,0.0,0.0,0.0,0.0,0.0,0.0,-245.48,0.0,0.0102,21.48
2020.4863387978146,179.0,2020-06-27--00:00:00,113.71,348.85,0.0,0.0,0.0,0.0,0.0,0.0,0.0,-251.33,0.0,0.1115,19.8
2020.4864526411661,179.04166666666663,2020-06-27--01:00:00,114.42,3.92,0.0,0.0,0.0,0.0,0.0,0.0,0.0,-238.12,0.0,0.1262,18.44
2020.4865664845172,179.08333333333331,2020-06-27--02:00:00,112.23,18.73,0.0,0.0,0.0,0.0,0.0,0.0,0.0,-259.9,0.0,0.0013,16.61
2020.486680327869,179.125,2020-06-27--03:00:00,107.42,32.46,0.0,0.0,0.0,0.0,0.0,0.0,0.0,-256.82,0.0,0.035,16.24
2020.4867941712205,179.16666666666663,2020-06-27--04:00:00,100.49,44.73,0.0,0.0,0.0,0.0,0.0,0.0,0.0,-258.25,0.0,0.0017,15.09
2020.4869080145722,179.20833333333331,2020-06-27--05:00:00,87.82,55.61,12.07,460.52,3.63,3.08,0.0,0.0,3.63,-247.4,0.0,0.005,14.2
2020.487021857924,179.25,2020-06-27--06:00:00,81.3,65.44,181.56,1315.78,90.55,36.51,49.39,333.85,41.15,-234.3,33.53,0.0013,16.3
2020.4871357012757,179.29166666666663,2020-06-27--07:00:00,71.49,74.67,412.57,1315.77,234.75,184.14,142.35,452.66,92.39,290.82,1063.82,0.0083,19.43
2020.4872495446268,179.33333333333331,2020-06-27--08:00:00,60.76,83.88,640.46,1315.77,438.2,412.37,367.7,754.21,70.5,1342.62,3512.93,0.6415,21.61
2020.4873633879786,179.375,2020-06-27--09:00:00,49.76,93.83,848.78,1315.77,591.11,602.56,447.96,699.29,143.15,2447.43,5992.18,1.7362,21.92
2020.4874772313296,179.41666666666663,2020-06-27--10:00:00,38.92,105.88,1023.2,1315.76,600.41,640.75,323.11,407.54,277.29,2675.2,6479.57,1.6332,22.68
2020.4875910746814,179.45833333333331,2020-06-27--11:00:00,28.89,122.84,1151.77,1315.76,867.11,925.25,726.28,831.27,140.83,3958.48,9331.5,1.8288,24.45
2020.4877049180332,179.5,2020-06-27--12:00:00,21.32,150.42,1225.71,1315.76,923.88,982.87,736.69,790.5,187.19,4161.05,9691.83,1.586,25.59
2020.4878187613847,179.54166666666663,2020-06-27--13:00:00,19.54,190.85,1239.96,1315.75,975.26,1035.75,872.82,926.22,102.44,4343.32,9992.5,1.7713,26.6
2020.487932604736,179.58333333333331,2020-06-27--14:00:00,24.88,225.56,1193.56,1315.75,932.76,997.48,838.6,924.28,94.16,4194.03,9703.33,2.0972,27.38
2020.4880464480875,179.625,2020-06-27--15:00:00,34.06,246.76,1089.66,1315.75,841.78,897.57,740.76,894.75,101.02,3724.22,7966.33,2.0825,27.98
2020.4881602914395,179.66666666666663,2020-06-27--16:00:00,44.64,260.69,935.36,1315.74,667.25,692.32,518.01,731.26,149.24,2768.32,3436.33,2.1982,27.51
2020.4882741347906,179.70833333333331,2020-06-27--17:00:00,55.62,271.44,741.2,1315.74,508.23,500.02,374.68,665.41,133.54,1755.73,1390.77,1.985,27.1
2020.4883879781423,179.75,2020-06-27--18:00:00,66.53,280.88,520.48,1315.74,362.02,313.87,287.62,726.46,74.4,670.18,413.28,1.8635,26.34
2020.4885018214936,179.79166666666663,2020-06-27--19:00:00,76.94,290.02,288.61,1315.73,181.11,107.78,134.14,599.08,46.97,-106.8,8.45,1.4007,24.91
2020.4886156648454,179.83333333333331,2020-06-27--20:00:00,84.97,299.5,68.57,1074.51,30.56,10.98,15.63,150.67,14.93,-251.25,0.0,0.8575,22.5
2020.488729508197,179.875,2020-06-27--21:00:00,96.54,309.82,0.0,0.0,0.38,0.24,0.0,0.0,0.38,-256.67,0.0,1.1718,20.47
2020.4888433515484,179.91666666666663,2020-06-27--22:00:00,104.32,321.39,0.0,0.0,0.0,0.0,0.0,0.0,0.0,-247.37,0.0,1.377,18.74
2020.4889571949,179.95833333333331,2020-06-27--23:00:00,110.24,334.42,0.0,0.0,0.0,0.0,0.0,0.0,0.0,-251.0,0.0,0.9695,17.49
2020.4890710382517,180.0,2020-06-28--00:00:00,113.75,348.79,0.0,0.0,0.0,0.0,0.0,0.0,0.0,-247.22,0.0,0.6798,16.37
2020.489184881603,180.04166666666663,2020-06-28--01:00:00,114.47,3.87,0.0,0.0,0.0,0.0,0.0,0.0,0.0,-250.85,0.0,0.6228,15.48
2020.4892987249546,180.08333333333331,2020-06-28--02:00:00,112.29,18.7,0.0,0.0,0.0,0.0,0.0,0.0,0.0,-262.92,0.0,1.1048,14.87
2020.4894125683065,180.125,2020-06-28--03:00:00,107.49,32.44,0.0,0.0,0.0,0.0,0.0,0.0,0.0,-245.52,0.0,1.3045,14.27
2020.4895264116574,180.16666666666663,2020-06-28--04:00:00,100.55,44.71,0.0,0.0,0.0,0.0,0.0,0.0,0.0,-247.78,0.0,1.642,13.24
2020.4896402550091,180.2083333333333,2020-06-28--05:00:00,87.87,55.61,11.58,460.5,1.12,0.99,0.0,0.0,1.12,-247.78,0.0,1.3155,12.01
2020.489754098361,180.25,2020-06-28--06:00:00,81.36,65.44,180.04,1315.7,14.13,13.97,0.0,0.0,14.13,-231.23,0.0,1.0378,12.08
2020.4898679417126,180.29166666666663,2020-06-28--07:00:00,71.56,74.68,411.09,1315.7,56.47,55.78,0.0,0.0,56.47,-153.97,68.68,1.3688,12.11
2020.4899817850642,180.3333333333333,2020-06-28--08:00:00,60.82,83.89,639.08,1315.7,138.37,133.36,0.0,0.0,138.37,250.62,926.7,1.4225,12.36
2020.4900956284155,180.375,2020-06-28--09:00:00,49.83,93.85,847.56,1315.69,258.85,259.09,21.51,32.51,237.34,869.8,2288.17,1.4707,13.27
2020.490209471767,180.41666666666663,2020-06-28--10:00:00,38.98,105.9,1022.17,1315.69,457.39,464.35,84.01,104.52,373.38,1857.65,4456.52,1.7288,14.02
2020.4903233151183,180.4583333333333,2020-06-28--11:00:00,28.96,122.84,1150.95,1315.69,567.5,588.3,181.16,203.81,386.34,2390.18,5728.85,1.7277,15.18
2020.4904371584698,180.5,2020-06-28--12:00:00,21.38,150.36,1225.1,1315.69,561.68,576.45,189.66,202.98,372.02,2393.17,5344.47,1.7793,16.1
2020.4905510018216,180.54166666666663,2020-06-28--13:00:00,19.58,190.68,1239.57,1315.68,872.62,904.06,542.78,576.51,329.84,3876.02,8856.5,1.9562,17.38
2020.4906648451727,180.5833333333333,2020-06-28--14:00:00,24.89,225.4,1193.35,1315.68,881.95,918.58,625.49,685.23,256.46,3878.55,8962.52,2.1568,18.3
2020.4907786885249,180.625,2020-06-28--15:00:00,34.06,246.64,1089.6,1315.68,584.46,610.78,313.25,378.07,271.22,2490.87,5628.3,2.262,17.8
2020.4908925318766,180.66666666666663,2020-06-28--16:00:00,44.63,260.6,935.4,1315.68,453.74,465.5,230.34,318.06,223.4,1777.98,3223.2,2.0498,17.61
2020.491006375228,180.7083333333333,2020-06-28--17:00:00,55.62,271.35,741.28,1315.67,447.45,440.79,335.74,609.4,111.7,1538.6,1199.52,1.8995,17.24
2020.4911202185795,180.75,2020-06-28--18:00:00,66.53,280.8,520.55,1315.67,206.25,192.49,97.93,213.01,108.32,430.75,634.32,1.611,16.94
2020.4912340619312,180.79166666666663,2020-06-28--19:00:00,76.93,289.95,288.61,1315.67,57.94,54.86,0.31,1.48,57.62,-143.83,81.0,1.1732,15.83
2020.4913479052825,180.8333333333333,2020-06-28--20:00:00,84.97,299.43,68.48,1074.46,11.01,10.16,0.1,1.99,10.91,-248.47,0.0,1.0088,15.43
2020.491461748634,180.875,2020-06-28--21:00:00,96.56,309.75,0.0,0.0,0.19,0.11,0.0,0.0,0.18,-254.63,0.0,0.4228,14.78
2020.4915755919856,180.91666666666663,2020-06-28--22:00:00,104.35,321.32,0.0,0.0,0.0,0.0,0.0,0.0,0.0,-258.05,0.0,0.495,14.45
2020.4916894353369,180.9583333333333,2020-06-28--23:00:00,110.27,334.36,0.0,0.0,0.0,0.0,0.0,0.0,0.0,-250.62,0.0,0.5943,14.2
2020.4918032786886,181.0,2020-06-29--00:00:00,113.8,348.74,0.0,0.0,0.0,0.0,0.0,0.0,0.0,-259.37,0.0,0.5738,13.77
2020.4919171220401,181.04166666666663,2020-06-29--01:00:00,114.52,3.82,0.0,0.0,0.0,0.0,0.0,0.0,0.0,-240.28,0.0,0.3035,13.22
2020.4920309653921,181.0833333333333,2020-06-29--02:00:00,112.35,18.66,0.0,0.0,0.0,0.0,0.0,0.0,0.0,-239.78,0.0,0.9818,13.0
2020.4921448087437,181.125,2020-06-29--03:00:00,107.56,32.42,0.0,0.0,0.0,0.0,0.0,0.0,0.0,-267.97,0.0,0.8572,12.72
2020.492258652095,181.16666666666663,2020-06-29--04:00:00,100.63,44.71,0.0,0.0,0.0,0.0,0.0,0.0,0.0,-242.37,0.0,0.7075,12.27
2020.4923724954465,181.2083333333333,2020-06-29--05:00:00,87.91,55.61,11.06,438.55,2.23,2.15,0.0,0.0,2.22,-259.7,0.0,0.4565,12.11
2020.492486338798,181.25,2020-06-29--06:00:00,81.42,65.45,178.43,1315.64,35.64,32.83,1.28,5.83,34.36,-224.25,4.93,0.5203,12.13
2020.4926001821493,181.29166666666663,2020-06-29--07:00:00,71.63,74.7,409.52,1315.64,244.7,213.12,80.82,226.37,163.87,515.1,1530.57,0.9068,12.9
2020.492714025501,181.3333333333333,2020-06-29--08:00:00,60.89,83.91,637.64,1315.64,421.81,396.31,198.76,413.4,223.04,1312.77,3462.32,1.1822,14.12
2020.4928278688528,181.375,2020-06-29--09:00:00,49.9,93.87,846.29,1315.63,634.46,647.24,554.98,861.83,79.48,2664.67,6535.8,0.7113,16.17
2020.492941712204,181.41666666666663,2020-06-29--10:00:00,39.05,105.92,1021.09,1315.63,782.83,826.13,703.22,905.53,79.6,3537.85,8505.83,0.999,17.65
2020.493055555556,181.4583333333333,2020-06-29--11:00:00,29.03,122.85,1150.09,1315.63,900.06,961.55,824.66,943.17,75.4,4158.38,9854.67,1.4872,18.98
2020.4931693989072,181.5,2020-06-29--12:00:00,21.45,150.31,1224.46,1315.63,976.07,1036.78,891.59,957.95,84.48,4510.87,10569.0,1.9545,20.12
2020.493283242259,181.54166666666663,2020-06-29--13:00:00,19.63,190.52,1239.13,1315.63,994.58,1048.47,903.59,959.37,90.98,4521.48,10517.67,1.8947,21.4
2020.4933970856102,181.5833333333333,2020-06-29--14:00:00,24.91,225.23,1193.09,1315.62,932.3,976.49,782.85,860.86,149.45,4099.33,9311.52,1.757,23.05
2020.493510928962,181.625,2020-06-29--15:00:00,34.07,246.51,1089.48,1315.62,859.09,901.79,661.58,796.92,197.51,3680.1,7984.98,1.8045,24.08
2020.4936247723133,181.66666666666663,2020-06-29--16:00:00,44.63,260.49,935.36,1315.62,662.11,688.62,521.05,736.22,141.07,2782.9,3446.43,1.9558,24.16
2020.493738615665,181.7083333333333,2020-06-29--17:00:00,55.62,271.26,741.28,1315.62,493.79,488.69,418.61,738.61,75.18,1723.07,955.88,1.8787,24.15
2020.4938524590168,181.75,2020-06-29--18:00:00,66.53,280.72,520.52,1315.62,295.38,256.44,228.73,592.92,66.65,497.17,298.18,1.9058,23.52
2020.4939663023679,181.79166666666663,2020-06-29--19:00:00,76.94,289.87,288.49,1315.61,180.91,104.69,140.58,627.61,40.33,-109.45,0.52,1.6297,22.6
2020.4940801457199,181.8333333333333,2020-06-29--20:00:00,84.98,299.35,68.3,1074.41,34.12,11.61,17.63,188.99,16.49,-258.75,0.0,1.1433,20.84
2020.4941939890714,181.875,2020-06-29--21:00:00,96.58,309.68,0.0,0.0,0.29,0.17,0.0,0.0,0.29,-253.5,0.0,0.4558,19.21
2020.4943078324227,181.91666666666663,2020-06-29--22:00:00,104.37,321.25,0.0,0.0,0.0,0.0,0.0,0.0,0.0,-250.85,0.0,0.2158,17.58
2020.4944216757744,181.9583333333333,2020-06-29--23:00:00,110.31,334.29,0.0,0.0,0.0,0.0,0.0,0.0,0.0,-244.47,0.0,0.006,15.37
2020.494535519126,182.0,2020-06-30--00:00:00,113.85,348.68,0.0,0.0,0.0,0.0,0.0,0.0,0.0,-247.07,0.0,0.0002,13.83
2020.494649362477,182.04166666666663,2020-06-30--01:00:00,114.59,3.78,0.0,0.0,0.0,0.0,0.0,0.0,0.0,-234.35,0.0,0.0155,13.2
2020.4947632058288,182.0833333333333,2020-06-30--02:00:00,112.42,18.63,0.0,0.0,0.0,0.0,0.0,0.0,0.0,-266.22,0.0,0.0032,12.19
2020.4948770491806,182.125,2020-06-30--03:00:00,107.63,32.4,0.0,0.0,0.0,0.0,0.0,0.0,0.0,-232.92,0.0,0.0025,10.89
2020.494990892532,182.16666666666663,2020-06-30--04:00:00,100.7,44.71,0.0,0.0,0.0,0.0,0.0,0.0,0.0,-243.87,0.0,0.0002,10.06
2020.495104735884,182.2083333333333,2020-06-30--05:00:00,87.96,55.62,10.53,438.53,3.58,2.92,0.0,0.0,3.57,-252.18,0.0,0.0002,9.54
2020.4952185792351,182.25,2020-06-30--06:00:00,81.48,65.47,176.74,1315.59,91.17,35.3,55.58,354.53,35.59,-220.78,5.55,0.0028,11.02
2020.4953324225867,182.29166666666663,2020-06-30--07:00:00,71.7,74.72,407.89,1315.59,266.38,201.08,206.21,657.64,60.17,309.52,952.8,0.0838,14.5
2020.4954462659384,182.3333333333333,2020-06-30--08:00:00,60.96,83.94,636.14,1315.59,449.04,421.92,376.95,777.22,72.09,1376.88,3604.1,0.2728,16.65
2020.4955601092895,182.375,2020-06-30--09:00:00,49.97,93.9,844.96,1315.59,623.73,637.37,543.8,845.49,79.93,2610.4,6394.1,0.7932,17.82
2020.4956739526413,182.41666666666663,2020-06-30--10:00:00,39.13,105.96,1019.97,1315.59,787.78,834.07,683.05,880.77,104.74,3558.17,8469.17,1.287,19.26
2020.495787795993,182.4583333333333,2020-06-30--11:00:00,29.11,122.87,1149.19,1315.58,902.4,966.9,814.92,932.66,87.48,4167.2,9784.17,1.6958,20.74
2020.4959016393445,182.5,2020-06-30--12:00:00,21.53,150.27,1223.78,1315.58,976.21,1042.15,891.86,958.69,84.35,4470.62,10446.17,1.6902,21.52
2020.4960154826958,182.54166666666663,2020-06-30--13:00:00,19.69,190.36,1238.65,1315.58,992.85,1053.82,910.51,967.05,82.34,4495.58,10525.0,1.9498,22.26
2020.496129326048,182.5833333333333,2020-06-30--14:00:00,24.94,225.05,1192.79,1315.58,943.02,1009.0,862.45,951.09,80.58,4284.98,9973.0,1.9035,23.25
2020.4962431693991,182.625,2020-06-30--15:00:00,34.08,246.37,1089.3,1315.58,841.4,898.92,762.41,920.48,78.99,3737.78,8141.75,1.6595,24.17
2020.4963570127509,182.66666666666663,2020-06-30--16:00:00,44.64,260.38,935.26,1315.58,700.45,732.38,626.36,880.22,74.09,2949.87,3382.18,1.717,24.73
2020.4964708561026,182.7083333333333,2020-06-30--17:00:00,55.62,271.17,741.19,1315.57,532.76,527.36,464.73,823.33,68.04,1873.5,932.75,1.7202,24.82
2020.4965846994535,182.75,2020-06-30--18:00:00,66.53,280.64,520.39,1315.57,346.81,302.09,287.38,724.11,59.43,630.7,280.43,1.6888,23.97
2020.4966985428048,182.79166666666663,2020-06-30--19:00:00,76.95,289.79,288.27,1315.57,176.96,104.46,133.28,594.79,43.68,-105.1,3.95,1.7078,22.28
2020.4968123861565,182.8333333333333,2020-06-30--20:00:00,84.99,299.27,68.02,1074.38,31.22,11.91,14.73,153.69,16.49,-248.92,0.0,1.6188,19.97
2020.4969262295083,182.875,2020-06-30--21:00:00,96.6,309.6,0.0,0.0,0.26,0.15,0.0,0.0,0.26,-257.98,0.0,1.0823,17.95
2020.49704007286,182.91666666666663,2020-06-30--22:00:00,104.41,321.17,0.0,0.0,0.0,0.0,0.0,0.0,0.0,-242.98,0.0,1.1385,16.84
2020.4971539162118,182.9583333333333,2020-06-30--23:00:00,110.36,334.22,0.0,0.0,0.0,0.0,0.0,0.0,0.0,-250.32,0.0,0.5022,15.73
2020.497267759563,183.0,2020-07-01--00:00:00,113.91,348.62,0.0,0.0,0.0,0.0,0.0,0.0,0.0,-254.95,0.0,0.0048,13.42
