Station ID Number:,94169,-,-.1,-.2,-.3,Type of Measurement:,GHI,GHI_Flag,DrHI_Calc,DrHI_Calc_Flag,DNI,DNI_Flag,DHI_Calc,DHI_Calc_Flag,Temperature,Temperature_Flag,GHI_original,GHI_original_Flag,DNI_original,DNI_original_Flag,NOTES
Station Name:,HEO,-,-,-,-,Element:,1000,-,2000,-,2010,-,3000,-,9300,-,1000_original,-,2010_original,-,Contact Info: http://solardat.uoregon.edu
Station Location:,Hermiston_Oregon_USA,-,-,-,-,Instrument Serial Number:,PSP(17854F3),-,NIP(17668E6),-,NIP(17668E6),-,Computed from GHI and DNI,-,TEMP(HEO),-,PSP(17854F3),-,NIP(17668E6),-,File format description at: http://solardat.uoregon.edu/download/Papers/Structure_of_a_comprehensive_solar_radiation_dataset_ASES_2017_Final.pdf
Latitude:,45.818441,-,-,-,-,Instrument Shorthand Name:,PSP5,-,-,-,NIP4,-,-,-,TEMP(HEO),-,PSP5,-,NIP4,-,Flag description at: http://solardat.uoregon.edu/QualityControlFlags.html
Longitude (+ East):,-119.284721,-,-,-,-,Responsivity:,7.390000000000001,microV/(W/m^2),-,-,8.72,microV/(W/m^2),-,-,36.111110000000004,microV?/C,7.390000000000001,microV/(W/m^2),8.72,microV/(W/m^2),Data has been calibrated using the responsivity values listed 
Altitude (m):,188.,-,-,-,-,Estimated Uncertainty (U95%):,2.8000000000000003,-,2.5300000000000002,-,2.5300000000000002,-,3.774,-,2.2,-,2.8000000000000003,-,2.5300000000000002,-,The phrase (_original) means the data has not had the nighttime offset subtracted (or any other adjustments).
Time Zone (+ East):,-8.,-,-,-,-,Sample Method:,Avg,-,-,-,Avg,-,-,-,Avg,-,Avg,-,Avg,-,Data that has been (computed) was calculated from measured columns.
Time Interval (Minutes):,5,-,-,-,-,Units:,W/m^2,-,W/m^2,-,W/m^2,-,W/m^2,-,C,-,W/m^2,-,W/m^2,-,Date this file was created: 2019-7-16
Year//Month,1981//01,-,-,-,-,Column Notes:,AdjustedColumn,-,CalculatedColumn,-,AdjustedColumn,-,CalculatedColumn,-,MeasuredColumn,-,MeasuredColumn,-,MeasuredColumn,-,This file was created using code: AAA Check data (2019-07-10).nb
-,-,-,-,-,-,-,-,-,-,-,-,-,-,-,-,-,-,-,-,-,SZA horizon boundaries (East/West): 88/89
YYYY//MM//DD,Day of year,Time Sunrise (HH::MM:SS),Time Sunset (HH::MM:SS),Time Solar Noon (HH::MM:SS),Daily Total Energy ETR (kW h/m^2),Daily Total Energy ETRn (kW h/m^2),Daily Total Energy (kWh/m^2),Daily Total Uncertainty (U95%),Daily Total Energy (kWh/m^2),Daily Total Uncertainty (U95%),Daily Total Energy (kWh/m^2),Daily Total Uncertainty (U95%),Daily Total Energy (kWh/m^2),Daily Total Uncertainty (U95%),Minimum daily value,Maximum daily value,Average Nighttime Value,Standard Deviation Nighttime,Average Nighttime Value,Standard Deviation Nighttime,Assorted Daily Values (Rows 12 - 42)
1981//1//1,1,07::39:38,16::22:43,12::00:55,2.865,12.157,0.23800000000000002,5.804,0.001,2060.255,0.002,1073.05,0.23800000000000002,20.786,7.04,8.61,1.1878,0.2245,2.4805,0.2167,-
1981//1//2,2,07::39:38,16::23:49,12::01:23,2.882,12.274000000000001,0.834,3.3970000000000002,0.108,30.836000000000002,0.41500000000000004,10.,0.726,7.304,3.0300000000000002,11.15,0.8559,0.5729000000000001,2.5384,0.3326,-
1981//1//3,3,07::39:36,16::24:30,12::01:51,2.9,12.275,0.645,3.561,0.002,1459.347,0.006,500.75600000000003,0.643,7.917,5.37,9.19,1.1007,0.29100000000000004,2.5538000000000003,0.262,-
1981//1//4,4,07::39:30,16::25:19,12::02:18,2.919,12.277000000000001,0.833,3.391,0.003,1044.435,0.01,317.623,0.8300000000000001,6.462,2.34,9.98,0.5248,0.7993,2.4941,0.38630000000000003,-
1981//1//5,5,07::39:22,16::26:23,12::02:45,2.94,12.280000000000001,0.725,3.553,0.085,37.672000000000004,0.23700000000000002,15.377,0.639,8.387,0.87,12.620000000000001,-0.0356,1.1216000000000002,2.6095,0.5657,-
1981//1//6,6,07::39:12,16::27:49,12::03:11,2.962,12.284,1.691,3.111,1.016,4.655,3.524,2.912,0.676,7.594,-0.79,14.48,-0.18000000000000002,0.6973,2.7229,0.3556,-
1981//1//7,7,07::38:58,16::28:58,12::03:37,2.986,12.406,0.7010000000000001,3.4490000000000003,0.003,1330.5810000000001,0.028,144.095,0.6980000000000001,7.45,-1.18,7.43,-0.2912,1.0954000000000002,2.3811,0.41390000000000005,-
1981//1//8,8,07::38:39,16::29:47,12::04:02,3.011,12.413,0.555,3.709,0.002,1931.489,0.017,233.284,0.553,9.352,-3.24,3.3200000000000003,-0.2624,0.9607,2.6154,0.32130000000000003,-
1981//1//9,9,07::38:16,16::30:49,12::04:27,3.0380000000000003,12.421,0.759,3.553,0.019,137.802,0.066,43.587,0.739,7.377,1.75,6.75,0.6419,0.2273,2.6218,0.2359,-
1981//1//10,10,07::37:47,16::32:15,12::04:52,3.065,12.432,0.35100000000000003,4.551,0.,100,0.001,858.44,0.35100000000000003,14.607000000000001,2.44,4.,0.6792,0.2258,2.7383,0.22640000000000002,-
1981//1//11,11,07::37:13,16::33:45,12::05:15,3.094,12.438,0.199,7.014,0.,100,0.001,2832.851,0.199,25.764,1.95,2.73,0.5457000000000001,0.24330000000000002,2.6407000000000003,0.22590000000000002,-
1981//1//12,12,07::36:40,16::34:37,12::05:38,3.125,12.554,0.256,5.6000000000000005,0.001,2961.617,0.002,2038.794,0.256,20.028,1.75,3.0300000000000002,0.5531,0.2359,2.6943,0.17020000000000002,-
1981//1//13,13,07::36:10,16::35:41,12::06:01,3.157,12.583,0.209,6.6160000000000005,0.001,3133.3050000000003,0.016,214.09300000000002,0.20800000000000002,24.217,0.58,2.14,0.36010000000000003,0.24730000000000002,2.6211,0.18860000000000002,-
1981//1//14,14,07::35:48,16::37:12,12::06:23,3.19,12.59,0.269,5.556,0.001,2146.099,0.002,1094.511,0.269,19.231,-0.11,1.6500000000000001,0.0229,0.234,2.7640000000000002,0.1917,-
1981//1//15,15,07::35:23,16::38:47,12::06:44,3.224,12.716000000000001,0.222,6.3500000000000005,0.001,2489.475,0.004,633.099,0.221,23.199,0.09,1.26,0.1637,0.2336,2.8498,0.2049,-
1981//1//16,16,07::34:54,16::39:42,12::07:04,3.2600000000000002,12.726,0.225,6.203,0.,100,0.001,557.986,0.225,22.587,-0.01,1.26,0.012100000000000001,0.3045,2.7482,0.21150000000000002,-
1981//1//17,17,07::34:18,16::40:53,12::07:24,3.297,12.738,0.609,3.725,0.008,354.106,0.022,136.57,0.601,9.347,0.58,4.4,0.0098,0.4828,2.6332,0.2137,-
1981//1//18,18,07::33:33,16::42:36,12::07:43,3.335,12.754,0.36,4.465,0.001,3004.539,0.003,1073.05,0.36,14.517,1.26,3.22,0.5398000000000001,0.2432,2.6165000000000003,0.17,-
1981//1//19,19,07::32:32,16::44:00,12::08:01,3.375,12.892,0.594,3.708,0.002,965.745,0.013000000000000001,238.088,0.592,9.200000000000001,2.24,5.86,0.509,0.3618,2.7003,0.23070000000000002,-
1981//1//20,20,07::31:33,16::45:02,12::08:19,3.416,12.891,0.315,4.833,0.001,3219.149,0.002,1673.957,0.315,16.705000000000002,-0.6,3.42,0.2669,0.9314,2.6293,0.3896,-
1981//1//21,21,07::30:54,16::46:24,12::08:36,3.458,12.926,0.6990000000000001,3.632,0.004,708.213,0.01,300.454,0.6950000000000001,8.118,2.73,7.43,0.8373,0.2461,2.5906000000000002,0.21630000000000002,-
1981//1//22,22,07::30:17,16::48:15,12::08:52,3.501,12.938,0.791,3.448,0.004,826.248,0.011,312.16,0.787,7.155,4.79,9.98,0.9853000000000001,0.25170000000000003,2.6189,0.2162,-
1981//1//23,23,07::29:31,16::49:24,12::09:07,3.545,13.07,0.605,3.754,0.003,1244.738,0.008,488.238,0.602,9.121,5.28,10.370000000000001,0.8115,0.41000000000000003,2.5344,0.2765,-
1981//1//24,24,07::28:33,16::50:35,12::09:22,3.591,13.09,2.392,3.1270000000000002,-,-,-,-,-,-,4.49,11.44,0.1326,0.41100000000000003,2.3588,0.2267,-
1981//1//25,25,07::27:15,16::52:17,12::09:35,3.638,13.112,2.286,3.104,1.839,3.247,5.795,2.794,0.447,11.8,-0.4,15.65,-0.5707,0.6691,2.2993,0.447,-
1981//1//26,26,07::26:09,16::53:54,12::09:48,3.686,13.257,1.281,3.322,0.356,12.498000000000001,1.365,4.7860000000000005,0.925,6.829,0.19,10.56,-0.1414,0.7072,2.4481,0.5483,-
1981//1//27,27,07::25:26,16::54:59,12::10:00,3.735,13.271,0.607,3.71,0.002,836.979,0.006,278.993,0.605,9.105,-0.5,6.3500000000000005,-0.09870000000000001,0.8048000000000001,2.7436000000000003,0.5019,-
1981//1//28,28,07::24:32,16::56:24,12::10:12,3.785,13.289,0.717,3.56,0.005,583.739,0.014,223.80700000000002,0.712,7.994,2.24,7.140000000000001,0.32830000000000004,0.5724,2.6507,0.3468,-
1981//1//29,29,07::23:21,16::58:20,12::10:22,3.837,13.313,1.343,3.23,0.225,16.332,0.58,7.304,1.118,5.896,-0.7000000000000001,10.56,-0.0329,0.9251,2.4057,0.4723,-
1981//1//30,30,07::21:50,16::59:29,12::10:32,3.8890000000000002,13.446,1.1360000000000001,3.343,0.13,29.411,0.51,8.795,1.006,6.389,2.24,11.35,0.1744,0.7165,2.43,0.2624,-
1981//1//31,31,07::20:49,17::00:45,12::10:41,3.943,13.481,2.68,3.098,2.195,3.261,6.464,2.786,0.485,11.318,1.26,11.64,-0.6566000000000001,0.6967,2.3328,0.44160000000000005,-
1981//2//1,32,07::19:54,17::02:35,12::10:49,3.998,13.499,2.658,3.108,2.007,3.4410000000000003,5.611,2.827,0.651,8.242,-2.65,13.01,-1.4263000000000001,0.4708,2.1608,0.4375,-
1981//2//2,33,07::18:41,17::04:03,12::10:56,4.053,13.64,2.5220000000000002,3.138,1.3880000000000001,3.724,4.006,2.898,1.1340000000000001,5.704,-3.63,9.39,-0.313,0.936,2.5958,0.33480000000000004,-
1981//2//3,34,07::17:02,17::05:12,12::11:02,4.11,13.664,0.529,4.1370000000000005,0.002,773.076,0.005,577.772,0.528,10.246,1.6500000000000001,3.91,0.5589000000000001,0.2596,2.6964,0.22760000000000002,-
1981//2//4,35,07::15:51,17::06:46,12::11:08,4.168,13.698,0.611,3.8810000000000002,0.002,1851.313,0.006,637.448,0.609,8.998,0.77,4.59,0.42310000000000003,0.248,2.632,0.21730000000000002,-
1981//2//5,36,07::14:50,17::08:41,12::11:13,4.226,13.834,0.518,4.196,0.002,1892.001,0.005,813.764,0.516,10.563,0.38,3.42,0.3428,0.2632,2.6279000000000003,0.2003,-
1981//2//6,37,07::13:28,17::09:44,12::11:17,4.2860000000000005,13.861,1.05,3.4330000000000003,0.003,1234.209,0.014,276.098,1.047,6.009,1.26,4.69,0.5166000000000001,0.2569,2.5732,0.21760000000000002,-
1981//2//7,38,07::11:38,17::11:06,12::11:20,4.347,13.879,0.626,3.84,0.002,1790.28,0.01,362.125,0.625,8.955,-3.83,2.93,-0.5091,0.9985,2.4614000000000003,0.3574,-
1981//2//8,39,07::10:33,17::13:02,12::11:22,4.408,13.919,0.489,4.401,0.002,1830.969,0.006,623.886,0.487,11.428,-5.,2.14,-0.8169000000000001,0.9717,2.6380000000000003,0.37260000000000004,-
1981//2//9,40,07::09:21,17::14:19,12::11:24,4.471,14.059000000000001,0.855,3.775,0.013000000000000001,237.869,0.027,117.544,0.843,7.577,-4.71,4.79,-0.44170000000000004,0.9286000000000001,2.4770000000000003,0.26480000000000004,-
1981//2//10,41,07::07:36,17::15:32,12::11:25,4.534,14.094,3.231,3.115,2.723,3.148,7.096,3.092,0.514,10.871,-10.58,2.93,-2.2618,0.9750000000000001,2.4594,0.3695,-
1981//2//11,42,07::06:02,17::17:17,12::11:25,4.598,14.126,0.9570000000000001,3.4370000000000003,0.002,1586.8400000000001,0.004,793.4200000000001,0.9550000000000001,6.251,-6.28,-0.99,-0.5162,0.7781,2.7874000000000003,0.28140000000000004,-
1981//2//12,43,07::04:54,17::18:54,12::11:24,4.663,14.263,0.906,3.603,0.005,740.525,0.017,227.375,0.901,6.938,-1.87,3.5100000000000002,-0.4449,0.38170000000000004,2.6083000000000003,0.2957,-
1981//2//13,44,07::03:20,17::20:01,12::11:22,4.729,14.294,0.526,4.0760000000000005,0.002,1179.958,0.011,218.237,0.524,10.853,-0.4,2.83,0.4136,0.5077,2.5153000000000003,0.2514,-
1981//2//14,45,07::01:20,17::21:29,12::11:20,4.796,14.334,2.253,3.169,0.755,6.32,1.977,3.886,1.498,5.2250000000000005,1.85,16.34,0.1865,0.7399,2.4087,0.6303000000000001,-
1981//2//15,46,07::00:13,17::23:26,12::11:17,4.863,14.354000000000001,0.72,3.886,0.002,1729.248,0.006,630.667,0.718,8.245000000000001,7.23,13.4,0.5690000000000001,0.6115,2.6619,0.652,-
1981//2//16,47,06::58:44,17::24:32,12::11:13,4.931,14.499,1.195,3.326,0.169,25.583000000000002,0.861,6.5760000000000005,1.026,6.336,6.84,19.77,0.4808,0.9614,2.4653,0.67,-
1981//2//17,48,06::56:38,17::25:49,12::11:09,5.,14.522,2.2,3.138,0.767,5.998,2.22,3.5300000000000002,1.432,5.3950000000000005,6.26,16.44,0.2538,0.868,2.4708,0.5538000000000001,-
1981//2//18,49,06::55:23,17::27:39,12::11:04,5.069,14.565,1.331,3.376,0.149,18.569,0.37,7.816,1.182,5.93,6.55,17.32,1.2925,0.4904,2.7535000000000003,0.36410000000000003,-
1981//2//19,50,06::53:54,17::29:04,12::10:58,5.139,14.709,1.808,3.209,0.41600000000000004,10.665000000000001,1.3940000000000001,4.68,1.393,5.354,4.4,15.56,0.48000000000000004,1.2641,2.7694,0.7988000000000001,-
1981//2//20,51,06::51:45,17::30:12,12::10:52,5.21,14.735,3.577,3.104,2.778,3.225,6.386,2.862,0.799,7.5040000000000004,3.3200000000000003,11.540000000000001,-0.3385,0.6243000000000001,2.3971,0.36660000000000004,-
1981//2//21,52,06::50:25,17::31:43,12::10:45,5.281,14.776,2.342,3.14,0.523,9.486,1.2670000000000001,4.988,1.819,4.8580000000000005,2.05,14.97,-0.2782,0.8587,2.2074000000000003,0.5992000000000001,-
1981//2//22,53,06::48:53,17::33:37,12::10:37,5.352,14.805,3.3160000000000003,3.073,2.178,3.372,5.152,2.7960000000000003,1.1380000000000001,5.66,-0.79,19.37,-0.5539000000000001,0.6317,2.3868,0.5059,-
1981//2//23,54,06::46:40,17::34:38,12::10:29,5.425,14.946,3.3080000000000003,3.106,1.809,3.8080000000000003,3.904,2.982,1.499,4.978,0.09,18.2,-0.48300000000000004,0.9011,2.3722000000000003,0.641,-
1981//2//24,55,06::45:20,17::35:55,12::10:20,5.498,14.989,2.346,3.1670000000000003,0.89,5.835,2.248,3.763,1.456,5.421,0.38,15.26,-0.5661,0.6008,2.4131,0.42960000000000004,-
1981//2//25,56,06::43:42,17::37:44,12::10:10,5.571,15.02,3.596,3.084,2.827,3.2840000000000003,6.438,2.853,0.769,8.067,-0.7000000000000001,17.71,-0.9611000000000001,0.9166000000000001,2.305,0.8118000000000001,-
1981//2//26,57,06::41:24,17::39:05,12::10:00,5.6450000000000005,15.156,3.7840000000000003,3.078,2.705,3.374,5.956,2.916,1.08,5.968,-2.36,18.400000000000002,-0.8941,0.8988,2.4330000000000003,0.6817000000000001,-
1981//2//27,58,06::40:08,17::40:12,12::09:50,5.719,15.203000000000001,3.987,3.077,3.249,3.093,7.51,2.779,0.738,8.274000000000001,-2.07,17.12,-1.338,0.8176,2.0913,0.9476,-
1981//2//28,59,06::38:21,17::41:41,12::09:39,5.793,15.237,4.109,3.0700000000000003,3.372,3.052,7.672000000000001,2.782,0.737,8.135,-3.04,17.32,-1.2142000000000002,0.515,2.29,0.5534,-
1981//3//1,60,06::36:11,17::43:34,12::09:27,5.868,15.279,4.1370000000000005,3.096,3.4130000000000003,3.088,7.712,2.789,0.725,8.596,-1.67,18.,-1.234,0.6687000000000001,2.3738,0.6236,-
1981//3//2,61,06::34:49,17::44:33,12::09:15,5.944,15.418000000000001,4.192,3.113,3.318,3.083,7.406000000000001,2.793,0.873,7.266,-3.14,20.06,-1.248,0.6616000000000001,2.2626,0.6867000000000001,-
1981//3//3,62,06::32:48,17::45:46,12::09:02,6.019,15.457,2.701,3.17,0.34400000000000003,13.374,0.604,8.084,2.357,4.723,-0.7000000000000001,16.63,-0.3068,0.9436,2.4852000000000003,0.43460000000000004,-
1981//3//4,63,06::30:54,17::47:32,12::08:49,6.095,15.493,1.195,3.622,0.005,765.813,0.01,387.024,1.19,6.0600000000000005,4.3,9.,0.36860000000000004,0.7916000000000001,2.5484,0.3417,-
1981//3//5,64,06::29:23,17::48:57,12::08:35,6.171,15.635,3.846,3.133,2.708,3.575,5.364,3.0580000000000003,1.1380000000000001,6.393,-1.48,16.14,-0.9511000000000001,0.8496,2.3484000000000003,0.462,-
1981//3//6,65,06::27:07,17::50:00,12::08:21,6.248,15.67,4.526,3.092,3.488,3.101,7.496,2.8040000000000003,1.038,6.244,-4.51,13.89,-1.8035,0.5932000000000001,2.1451000000000002,0.8363,-
1981//3//7,66,06::25:30,17::51:21,12::08:07,6.325,15.708,2.481,3.209,0.432,12.486,1.026,6.293,2.049,4.749,-3.14,13.6,-1.0468,0.6836,2.2262,0.5135000000000001,-
1981//3//8,67,06::23:49,17::53:11,12::07:52,6.401,15.738,4.393,3.094,3.4330000000000003,3.164,7.192,2.82,0.961,6.878,-1.28,17.32,-1.1447,0.7406,2.0348,0.8566,-
1981//3//9,68,06::21:24,17::54:18,12::07:37,6.479,15.875,4.538,3.089,3.507,3.136,7.261,2.801,1.031,6.399,-2.36,18.2,-1.0508,0.6385000000000001,2.3651,0.636,-
1981//3//10,69,06::20:01,17::55:26,12::07:22,6.556,15.923,4.702,3.084,3.883,3.017,8.176,2.778,0.8180000000000001,7.9190000000000005,-1.67,19.96,-1.1695,0.5984,2.2124,0.6472,-
1981//3//11,70,06::18:02,17::56:57,12::07:06,6.633,15.96,4.702,3.091,3.727,3.086,7.757000000000001,2.795,0.975,6.8020000000000005,-1.48,20.84,-1.0929,0.6591,2.1073,0.6583,-
1981//3//12,71,06::15:58,17::58:40,12::06:50,6.71,16.114,4.6610000000000005,3.104,3.493,3.138,6.965,2.842,1.169,5.8420000000000005,-1.3800000000000001,21.04,-0.9235000000000001,0.7076,2.1243000000000003,0.7194,-
1981//3//13,72,06::14:25,17::59:38,12::06:33,6.788,16.14,4.561,3.096,3.345,3.1270000000000002,6.788,2.807,1.216,5.7170000000000005,0.38,22.7,-0.671,0.45,2.5057,0.45470000000000005,-
1981//3//14,73,06::12:05,18::00:50,12::06:17,6.865,16.176000000000002,4.8870000000000005,3.091,4.131,2.994,8.427,2.777,0.757,8.65,3.42,22.31,-1.0237,0.6749,2.2213000000000003,0.6970000000000001,-
1981//3//15,74,06::10:27,18::02:33,12::06:00,6.9430000000000005,16.213,3.959,3.1350000000000002,2.114,3.767,3.98,3.053,1.845,5.033,0.48,21.14,0.025400000000000002,1.0752000000000002,2.7733000000000003,0.5485,-
1981//3//16,75,06::08:40,18::03:56,12::05:43,7.0200000000000005,16.359,4.22,3.1470000000000002,2.579,3.419,4.601,2.982,1.641,5.103,4.1,15.46,-0.1683,1.0698,2.8619000000000003,0.5634,-
1981//3//17,76,06::06:17,18::04:56,12::05:26,7.098,16.405,5.19,3.075,4.47,2.96,9.095,2.763,0.719,9.217,0.58,17.91,-1.5869,0.5066,2.3892,0.49300000000000005,-
1981//3//18,77,06::04:51,18::06:14,12::05:08,7.175,16.428,4.087,3.114,2.024,4.144,4.0680000000000005,3.295,2.063,4.908,-4.42,16.73,-1.1932,1.0042,2.2880000000000003,0.7855000000000001,-
1981//3//19,78,06::02:41,18::08:00,12::04:50,7.252,16.468,3.798,3.134,1.635,4.553,2.532,3.83,2.1630000000000003,4.748,4.49,19.37,0.07200000000000001,1.1666,2.5467,0.653,-
1981//3//20,79,06::00:46,18::09:10,12::04:33,7.329,16.617,2.958,3.153,0.47800000000000004,12.642,1.416,5.8660000000000005,2.48,4.6690000000000005,6.55,14.58,0.1752,0.7498,2.6154,0.2913,-
1981//3//21,80,05::59:07,18::10:13,12::04:15,7.407,16.645,4.502,3.162,3.406,3.172,6.032,2.947,1.095,7.2090000000000005,2.73,23.29,0.09050000000000001,1.0472000000000001,2.432,0.644,-
1981//3//22,81,05::56:40,18::11:37,12::03:57,7.484,16.673000000000002,3.4450000000000003,3.169,1.457,5.186,3.126,3.708,1.989,5.221,2.73,17.42,-0.3924,1.1442,2.3481,0.6261,-
1981//3//23,82,05::55:11,18::13:24,12::03:39,7.5600000000000005,16.716,2.391,3.239,0.171,33.508,0.365,16.138,2.221,4.915,1.6500000000000001,17.32,-0.5853,0.8279000000000001,2.556,0.678,-
1981//3//24,83,05::53:14,18::14:23,12::03:20,7.6370000000000005,16.864,4.541,3.117,2.193,3.781,4.234,3.078,2.349,4.724,1.17,20.26,-0.18460000000000001,1.3167,2.4787,0.7676000000000001,-
1981//3//25,84,05::51:02,18::15:29,12::03:02,7.713,16.905,1.286,3.579,0.006,679.35,0.015,277.23,1.28,6.054,8.21,13.11,1.218,0.7892,2.7825,0.3608,-
1981//3//26,85,05::49:30,18::16:59,12::02:44,7.789000000000001,16.93,1.264,3.725,0.008,622.738,0.014,361.732,1.256,6.319,6.75,14.58,0.5822,0.44880000000000003,2.6466000000000003,0.3536,-
1981//3//27,86,05::47:10,18::18:39,12::02:26,7.865,17.079,5.59,3.093,4.325,3.088,7.883,2.88,1.2650000000000001,6.188,3.91,23.,-0.5630000000000001,0.5697,2.4690000000000003,0.5083,-
1981//3//28,87,05::45:29,18::19:35,12::02:08,7.94,17.115000000000002,5.0040000000000004,3.075,2.556,3.515,5.252,2.8890000000000002,2.448,4.796,7.63,20.06,-0.5518000000000001,0.5048,2.5644,0.5758,-
1981//3//29,88,05::43:43,18::20:45,12::01:49,8.015,17.145,3.09,3.235,0.802,7.396,1.29,5.798,2.287,4.916,6.55,15.16,0.4687,0.5642,2.7011000000000003,0.3598,-
1981//3//30,89,05::41:19,18::22:22,12::01:31,8.09,17.19,5.142,3.113,2.906,3.244,4.66,2.997,2.236,4.673,6.65,15.950000000000001,0.2373,0.6643,2.7198,0.39980000000000004,-
1981//3//31,90,05::39:53,18::23:49,12::01:13,8.164,17.325,1.986,3.347,0.111,42.656,0.318,16.618000000000002,1.875,5.1370000000000005,5.67,14.77,0.12430000000000001,0.4801,2.6497,0.3562,-
1981//4//1,91,05::37:46,18::24:47,12::00:55,8.239,17.363,5.41,2.856,3.718,3.14,6.234,2.7720000000000002,1.692,5.1690000000000005,1.17,17.32,-1.0974000000000002,0.5372,2.6508000000000003,0.6244000000000001,-
1981//4//2,92,05::35:49,18::26:00,12::00:38,8.312,17.397000000000002,4.675,2.866,1.71,4.522,3.567,3.208,2.965,4.407,2.44,15.26,-0.8698,0.8374,2.6143,0.3733,-
1981//4//3,93,05::34:14,18::27:42,12::00:20,8.386000000000001,17.423000000000002,5.792,2.864,4.159,3.005,7.1450000000000005,2.694,1.6320000000000001,5.2940000000000005,4.69,15.65,-0.5171,0.6918000000000001,2.68,0.4611,-
1981//4//4,94,05::31:50,18::28:59,12::00:03,8.459,17.565,4.7700000000000005,2.88,-,-,-,-,-,-,2.24,19.37,-1.2606000000000002,0.6362,2.3312,0.5859,-
1981//4//5,95,05::30:19,18::29:59,11::59:45,8.531,17.604,3.571,2.884,1.351,5.907,2.845,3.83,2.221,4.595,-0.11,16.93,-0.7596,0.5910000000000001,2.6529000000000003,0.5277000000000001,-
1981//4//6,96,05::28:30,18::31:16,11::59:28,8.603,17.635,4.753,2.872,2.593,3.864,3.9050000000000002,3.205,2.1590000000000003,4.545,2.05,16.14,-0.7672,0.8214,2.6107,0.4233,-
1981//4//7,97,05::26:13,18::33:00,11::59:11,8.674,17.676000000000002,5.5440000000000005,2.869,3.9530000000000003,3.194,6.047,2.894,1.591,5.555,2.44,16.73,-0.2818,0.6267,2.7424,0.6014,-
1981//4//8,98,05::24:48,18::34:09,11::58:54,8.745000000000001,17.811,1.475,3.213,0.005,1161.896,0.009000000000000001,660.746,1.47,5.683,3.71,15.07,-0.0008,0.7719,2.5416000000000003,0.6617000000000001,-
1981//4//9,99,05::22:43,18::35:11,11::58:38,8.816,17.848,6.308,2.848,4.9910000000000005,2.841,8.938,2.608,1.317,6.417,3.5100000000000002,16.44,-0.8479,0.6043000000000001,2.6221,0.5802,-
1981//4//10,100,05::20:50,18::36:32,11::58:22,8.885,17.88,5.904,2.857,3.742,2.923,6.561,2.656,2.162,5.0440000000000005,-0.4,18.400000000000002,-0.48310000000000003,0.9592,2.6034,0.63,-
1981//4//11,101,05::19:18,18::38:18,11::58:06,8.954,17.904,4.377,2.8970000000000002,1.563,4.589,2.908,3.4090000000000003,2.814,4.468,5.08,16.54,0.6692,0.7033,2.9287,0.899,-
1981//4//12,102,05::17:01,18::39:19,11::57:50,9.023,18.047,5.523,2.874,2.894,3.725,4.793,3.036,2.629,4.5120000000000005,2.54,16.73,-0.87,0.9163,2.7345,0.4007,-
1981//4//13,103,05::15:28,18::40:24,11::57:35,9.091,18.082,6.248,2.838,3.617,3.116,6.424,2.668,2.6310000000000002,4.535,-3.73,17.61,-1.4443000000000001,1.1053,2.357,0.8582000000000001,-
1981//4//14,104,05::13:50,18::41:50,11::57:20,9.159,18.109,6.63,2.842,4.747,2.926,7.796,2.641,1.8840000000000001,4.791,-1.87,22.41,-0.7925000000000001,0.9728,2.2122,1.193,-
1981//4//15,105,05::11:29,18::43:35,11::57:05,9.226,18.129,5.4590000000000005,2.866,2.966,3.21,5.174,2.757,2.493,4.8,1.46,25.44,0.0362,0.8785000000000001,2.7956000000000003,0.5389,-
1981//4//16,106,05::10:10,18::44:30,11::56:51,9.292,18.283,6.659,2.853,4.841,2.924,7.104,2.705,1.818,4.898,5.96,22.7,-0.5737,1.0893000000000002,2.5327,0.9245000000000001,-
1981//4//17,107,05::08:26,18::45:37,11::56:37,9.357,18.312,6.607,2.846,4.785,2.874,7.872,2.615,1.821,5.082,1.46,24.86,-1.1433,0.755,2.2884,1.0364,-
1981//4//18,108,05::06:15,18::47:08,11::56:24,9.422,18.35,6.843,2.845,5.363,2.802,8.935,2.594,1.48,5.703,1.46,28.87,-0.2001,1.6563,2.7516000000000003,1.4454,-
1981//4//19,109,05::04:57,18::48:44,11::56:11,9.486,18.481,2.7520000000000002,3.0380000000000003,0.126,44.678000000000004,0.176,32.786,2.626,4.822,7.72,25.740000000000002,0.6895,0.8343,2.9267000000000003,0.6508,-
1981//4//20,110,05::03:08,18::49:40,11::55:58,9.55,18.512,4.798,2.9,2.218,3.801,3.003,3.333,2.58,4.626,9.39,20.75,1.2348000000000001,0.9672000000000001,3.5303,0.8586,-
1981//4//21,111,05::01:07,18::50:50,11::55:46,9.613,18.547,6.345,2.862,3.592,2.991,5.144,2.777,2.753,4.41,6.75,23.,1.0236,0.4621,3.7800000000000002,1.0921,-
1981//4//22,112,04::59:50,18::52:28,11::55:34,9.674,18.565,3.919,2.939,0.629,11.065,0.886,8.382,3.29,4.413,12.33,24.37,0.4817,0.7304,2.9033,0.6954,-
1981//4//23,113,04::58:01,18::53:53,11::55:23,9.736,18.708000000000002,5.992,2.918,5.079,2.822,7.623,2.684,0.913,9.01,10.370000000000001,33.37,1.0521,0.6809000000000001,3.0329,0.5657,-
1981//4//24,114,04::56:05,18::54:50,11::55:12,9.796,18.741,6.432,2.858,3.481,3.361,4.946,2.967,2.951,4.285,9.68,20.84,0.0936,0.5996,3.0584000000000002,0.539,-
1981//4//25,115,04::54:50,18::56:02,11::55:01,9.856,18.759,5.5360000000000005,2.882,2.564,3.731,4.1610000000000005,3.109,2.973,4.499,2.93,21.330000000000002,0.15480000000000002,1.1875,2.9586,0.6245,-
1981//4//26,116,04::53:06,18::57:43,11::54:51,9.915000000000001,18.788,3.649,2.914,0.306,18.121,0.642,9.257,3.343,4.385,10.76,20.26,-0.3219,1.4431,3.7226000000000004,1.3747,-
1981//4//27,117,04::51:10,18::59:00,11::54:42,9.973,18.933,4.3100000000000005,2.931,0.809,6.2860000000000005,1.025,5.237,3.501,4.481,5.28,21.53,-1.0185,1.6801000000000001,4.0031,1.1458000000000002,-
1981//4//28,118,04::49:58,18::59:59,11::54:33,10.03,18.949,4.864,2.9010000000000002,1.188,6.373,1.68,5.005,3.6750000000000003,4.339,10.66,27.11,0.3034,0.6715,3.1420000000000003,0.4723,-
1981//4//29,119,04::48:23,19::01:14,11::54:25,10.086,18.975,6.105,2.858,2.888,3.459,4.532,2.915,3.217,4.319,13.3,32.2,0.3986,0.6513,2.9181000000000004,0.5595,-
1981//4//30,120,04::46:20,19::02:55,11::54:17,10.142,18.985,6.801,2.85,4.875,3.0020000000000002,7.61,2.68,1.927,5.2170000000000005,11.84,36.21,0.6741,0.6927,2.7518000000000002,0.5208,-
1981//5//1,121,04::45:15,19::04:07,11::54:10,10.196,19.136,6.258,2.864,2.8890000000000002,3.396,4.328,2.944,3.369,4.448,11.35,24.47,0.5694,0.6595000000000001,2.9341,0.3698,-
1981//5//2,122,04::43:51,19::05:06,11::54:03,10.25,19.158,7.575,2.837,5.824,2.8120000000000003,9.362,2.576,1.7510000000000001,5.619,7.43,21.23,-0.3161,0.7322000000000001,3.0453,0.48760000000000003,-
1981//5//3,123,04::41:56,19::06:22,11::53:57,10.303,19.178,7.097,2.842,4.882,2.855,7.431,2.649,2.215,4.881,5.96,22.51,-0.4026,1.0241,2.9239,0.5343,-
1981//5//4,124,04::40:39,19::08:03,11::53:51,10.355,19.21,7.7170000000000005,2.843,6.058,2.766,9.353,2.624,1.659,5.781,7.04,20.26,-0.0845,0.8606,3.0511000000000004,0.49460000000000004,-
1981//5//5,125,04::39:28,19::09:11,11::53:46,10.406,19.338,4.523,2.9370000000000003,2.348,4.128,3.782,3.323,2.1750000000000003,5.469,5.47,17.71,-0.7589,0.8261000000000001,2.9623,0.6352,-
1981//5//6,126,04::37:50,19::10:10,11::53:41,10.456,19.365000000000002,5.551,2.852,3.1310000000000002,3.689,5.206,3.0260000000000002,2.42,4.913,2.83,19.96,-0.8842000000000001,0.8785000000000001,2.9678,0.5797,-
1981//5//7,127,04::36:10,19::11:25,11::53:37,10.506,19.392,6.659,2.847,2.976,3.597,4.659,3.005,3.6830000000000003,4.351,8.41,20.06,-0.5169,0.892,3.0606,0.6897,-
1981//5//8,128,04::35:11,19::13:04,11::53:34,10.554,19.405,7.8180000000000005,2.831,6.6000000000000005,2.753,10.284,2.578,1.218,7.621,5.7700000000000005,25.54,0.3252,0.9237000000000001,3.1261,0.5455,-
1981//5//9,129,04::33:57,19::14:11,11::53:31,10.601,19.535,6.348,2.852,2.696,4.1290000000000004,3.871,3.5060000000000002,3.6510000000000002,4.359,9.19,25.93,0.19,0.5237,2.83,0.25830000000000003,-
1981//5//10,130,04::32:15,19::15:08,11::53:29,10.648,19.558,6.969,2.858,4.175,3.266,5.9590000000000005,2.904,2.794,4.472,10.27,24.37,-0.5615,0.4937,2.8308,0.37220000000000003,-
1981//5//11,131,04::30:58,19::16:21,11::53:27,10.693,19.583000000000002,6.315,2.849,3.5660000000000003,3.625,5.647,3.094,2.75,4.686,6.16,22.61,-0.11750000000000001,1.2192,2.9017,0.7104,-
1981//5//12,132,04::30:01,19::17:57,11::53:26,10.737,19.595,7.758,2.843,5.766,2.931,8.456,2.705,1.992,5.099,6.3500000000000005,25.25,-0.1574,0.8301000000000001,3.0441000000000003,0.743,-
1981//5//13,133,04::28:51,19::19:05,11::53:25,10.781,19.723,4.152,2.882,0.36,19.534,0.704,10.352,3.7920000000000003,4.29,4.49,26.13,-0.07390000000000001,1.0511000000000001,2.9579,0.6354000000000001,-
1981//5//14,134,04::27:17,19::20:00,11::53:25,10.823,19.744,2.055,3.082,0.046,148.592,0.17300000000000001,40.762,2.009,5.424,9.98,18.490000000000002,0.5971000000000001,0.7230000000000001,3.0548,0.6837000000000001,-
1981//5//15,135,04::26:03,19::21:07,11::53:26,10.865,19.768,6.705,2.842,4.33,3.27,6.941,2.828,2.375,5.235,5.86,19.86,-0.3441,0.9296000000000001,3.0263,0.9067000000000001,-
1981//5//16,136,04::25:12,19::22:38,11::53:27,10.905,19.778,7.44,2.85,4.913,2.994,7.273000000000001,2.823,2.527,4.855,8.31,24.17,-0.4917,1.8727,3.0981,1.4459,-
1981//5//17,137,04::24:13,19::23:54,11::53:28,10.944,19.902,6.288,2.841,3.638,3.5700000000000003,5.496,3.0580000000000003,2.65,4.787,4.2,25.740000000000002,-0.043000000000000003,1.2608000000000001,2.7337000000000002,0.9455,-
1981//5//18,138,04::22:58,19::24:43,11::53:31,10.983,19.922,3.914,2.992,0.9520000000000001,7.869,1.164,6.8340000000000005,2.962,4.945,11.84,24.95,0.9288000000000001,1.0435,3.1365000000000003,0.9908,-
1981//5//19,139,04::21:34,19::25:42,11::53:34,11.02,19.924,5.625,2.872,1.73,5.793,2.44,4.505,3.896,4.298,12.33,25.740000000000002,0.9569000000000001,0.6088,2.9569,0.4923,-
1981//5//20,140,04::20:46,19::26:59,11::53:37,11.056000000000001,19.954,5.694,2.916,1.627,4.974,2.243,4.17,4.067,4.439,13.6,26.62,1.241,0.2215,2.8124000000000002,0.26480000000000004,-
1981//5//21,141,04::20:00,19::28:26,11::53:41,11.091000000000001,19.963,7.8100000000000005,2.853,5.891,2.936,8.109,2.7880000000000003,1.919,5.2010000000000005,11.93,24.86,0.033,0.43960000000000005,2.8382,0.29700000000000004,-
1981//5//22,142,04::19:08,19::29:17,11::53:45,11.125,20.085,8.074,2.834,6.183,2.815,9.656,2.611,1.8900000000000001,5.614,9.290000000000001,27.400000000000002,-0.5464,0.8190000000000001,2.8798000000000004,0.8012,-
1981//5//23,143,04::18:05,19::30:07,11::53:50,11.158,20.101,7.946,2.836,6.284,2.754,9.363,2.594,1.6620000000000001,6.072,6.94,32.49,0.8115,1.1945000000000001,2.9202000000000004,0.8006000000000001,-
1981//5//24,144,04::16:53,19::31:08,11::53:56,11.19,20.106,4.833,2.878,1.5090000000000001,6.384,2.629,4.495,3.3240000000000003,4.5120000000000005,16.73,29.560000000000002,1.2865,0.5528000000000001,2.8204000000000002,0.6471,-
1981//5//25,145,04::16:03,19::32:27,11::54:01,11.22,20.131,7.01,2.868,3.951,3.415,5.862,3.0060000000000002,3.059,4.586,12.91,24.86,0.4479,1.2463,2.8215000000000003,0.3905,-
1981//5//26,146,04::15:28,19::33:43,11::54:08,11.25,20.136,8.141,2.831,5.865,2.861,8.81,2.613,2.2760000000000002,4.805,7.92,27.990000000000002,-0.633,0.9223,2.6413,0.6696000000000001,-
1981//5//27,147,04::14:51,19::34:24,11::54:15,11.278,20.253,7.769,2.876,5.218,3.055,7.62,2.734,2.551,4.665,10.96,30.63,0.1213,0.6301,2.8863000000000003,0.6272,-
1981//5//28,148,04::14:10,19::35:10,11::54:22,11.305,20.262,7.954,2.839,5.883,2.9210000000000003,8.639,2.6470000000000002,2.072,5.089,9.290000000000001,32.1,-0.5355,0.7568,2.3909000000000002,0.7131000000000001,-
1981//5//29,149,04::13:24,19::36:04,11::54:30,11.332,20.272000000000002,7.256,2.854,4.16,3.212,5.729,2.843,3.096,4.438,11.25,33.37,0.3498,0.7557,2.7014,0.4368,-
1981//5//30,150,04::12:28,19::37:12,11::54:38,11.357000000000001,20.285,4.812,2.89,1.729,5.508,3.0180000000000002,3.872,3.082,4.625,14.19,27.7,0.059300000000000005,0.7411,2.9295,0.4294,-
1981//5//31,151,04::11:41,19::38:22,11::54:47,11.38,20.279,8.364,2.839,6.62,2.857,9.679,2.63,1.745,5.781,9.58,27.7,-0.8926000000000001,0.6489,2.8640000000000003,0.8796,-
1981//6//1,152,04::11:06,19::39:07,11::54:56,11.403,20.413,-,-,-,-,-,-,-,-,6.0600000000000005,16.830000000000002,-1.345,0.627,2.7510000000000003,0.9943000000000001,-
1981//6//2,153,04::10:44,19::39:44,11::55:06,11.425,20.416,-,-,-,-,-,-,-,-,15.07,27.400000000000002,0.1595,0.5882000000000001,2.94,0.6926,-
1981//6//3,154,04::10:21,19::40:25,11::55:15,11.445,20.418,6.678,2.848,3.426,3.3280000000000003,4.319,3.109,3.2520000000000002,4.454,14.870000000000001,28.68,-0.24050000000000002,1.0194,3.1432,0.5349,-
1981//6//4,155,04::09:58,19::41:13,11::55:26,11.464,20.42,3.724,2.9130000000000003,0.433,13.384,0.547,10.934000000000001,3.291,4.578,16.05,25.54,-0.3593,1.1726,3.3045,0.8787,-
1981//6//5,156,04::09:36,19::42:11,11::55:36,11.482000000000001,20.423000000000002,6.037,2.9130000000000003,3.055,3.5220000000000002,4.154,3.174,2.982,4.985,12.33,31.71,0.45030000000000003,1.2022000000000002,2.9067000000000003,0.6048,-
1981//6//6,157,04::09:14,19::43:09,11::55:47,11.499,20.426000000000002,4.647,2.884,0.558,13.511000000000001,0.654,11.72,4.09,4.361,12.620000000000001,22.51,0.3292,1.1073,2.9885,0.3225,-
1981//6//7,158,04::08:52,19::43:53,11::55:58,11.514000000000001,20.538,2.129,3.027,0.006,671.6,0.01,412.44100000000003,2.123,5.198,9.58,15.46,0.1676,1.2256,2.8792,0.4239,-
1981//6//8,159,04::08:30,19::44:21,11::56:10,11.529,20.541,4.54,2.927,2.343,4.2940000000000005,3.62,3.605,2.198,5.55,12.23,21.53,0.8171,0.4418,2.8997,0.3191,-
1981//6//9,160,04::08:10,19::44:50,11::56:21,11.542,20.544,7.308,2.84,3.975,3.355,5.744,2.94,3.332,4.5040000000000004,12.42,25.44,0.51,0.5755,2.8738,0.5959,-
1981//6//10,161,04::07:51,19::45:21,11::56:33,11.554,20.546,7.1610000000000005,2.843,3.646,3.579,5.096,3.152,3.515,4.3790000000000004,13.01,25.54,0.6511,0.5114000000000001,2.9932000000000003,0.7759,-
1981//6//11,162,04::07:34,19::45:54,11::56:45,11.565,20.548000000000002,7.618,2.836,4.651,3.111,7.082,2.7520000000000002,2.968,4.688,8.41,25.93,0.0476,1.0171000000000001,2.9286000000000003,0.49870000000000003,-
1981//6//12,163,04::07:21,19::46:29,11::56:58,11.575000000000001,20.545,6.773000000000001,2.854,3.302,3.8080000000000003,4.638,3.419,3.471,4.533,11.05,22.02,-0.0543,0.5936,2.6778,0.28950000000000004,-
1981//6//13,164,04::07:13,19::47:09,11::57:10,11.583,20.541,8.745000000000001,2.834,7.048,2.779,10.551,2.609,1.698,5.801,9.58,22.12,-0.44170000000000004,0.6438,2.8480000000000003,0.41240000000000004,-
1981//6//14,165,04::07:07,19::47:48,11::57:23,11.59,20.537,7.836,2.838,5.375,3.129,7.469,2.851,2.462,4.793,12.620000000000001,25.64,0.1814,0.676,2.8931,0.22510000000000002,-
1981//6//15,166,04::07:05,19::48:20,11::57:36,11.596,20.533,8.221,2.838,5.7540000000000004,2.888,8.069,2.722,2.467,5.1080000000000005,10.17,29.75,0.08660000000000001,0.9172,2.6531000000000002,0.3655,-
1981//6//16,167,04::07:05,19::48:48,11::57:49,11.601,20.529,4.7170000000000005,2.8970000000000002,2.291,4.537,3.841,3.555,2.426,5.178,12.42,23.19,0.15460000000000002,0.754,2.94,0.406,-
1981//6//17,168,04::07:09,19::49:02,11::58:02,11.604000000000001,20.636,8.563,2.832,6.438,2.8000000000000003,9.046,2.6350000000000002,2.126,4.844,10.370000000000001,24.66,-0.1163,0.999,2.7569000000000004,0.6081,-
1981//6//18,169,04::07:15,19::49:16,11::58:15,11.607000000000001,20.632,2.7880000000000003,2.962,0.063,85.229,0.133,40.788000000000004,2.725,4.581,14.77,21.63,0.6029,1.3593000000000002,3.2171000000000003,0.4627,-
1981//6//19,170,04::07:24,19::49:28,11::58:28,11.608,20.629,7.4030000000000005,2.838,4.8020000000000005,3.219,6.9030000000000005,2.907,2.601,4.9830000000000005,16.240000000000002,28.97,0.8883000000000001,0.89,2.8943000000000003,0.4505,-
1981//6//20,171,04::07:38,19::49:39,11::58:41,11.608,20.623,5.042,2.858,0.451,19.547,0.621,14.934000000000001,4.59,4.1850000000000005,13.6,24.47,-0.3749,0.33180000000000004,2.676,0.4067,-
1981//6//21,172,04::07:55,19::49:49,11::58:54,11.607000000000001,20.614,6.0600000000000005,2.856,3.083,3.75,4.631,3.262,2.978,4.635,12.620000000000001,23.78,0.3315,0.8146,2.9232,0.3607,-
1981//6//22,173,04::08:14,19::49:57,11::59:07,11.604000000000001,20.605,3.927,2.882,1.213,7.966,2.317,5.006,2.714,4.707,13.4,26.42,-0.0882,0.8762000000000001,2.7582,0.41750000000000004,-
1981//6//23,174,04::08:34,19::50:04,11::59:20,11.6,20.595,8.77,2.828,7.724,2.73,11.865,2.563,1.045,9.127,10.96,29.07,-0.66,0.387,2.7221,0.5276000000000001,-
1981//6//24,175,04::08:55,19::50:08,11::59:33,11.595,20.586000000000002,8.862,2.828,7.905,2.735,12.268,2.567,0.9570000000000001,10.018,7.43,32.1,0.0521,0.8528,2.8415,0.5918,-
1981//6//25,176,04::09:16,19::50:11,11::59:45,11.589,20.576,-,-,-,-,-,-,-,-,9.78,37.29,0.6151,0.8538,2.5957000000000003,0.5202,-
1981//6//26,177,04::09:38,19::50:12,11::59:58,11.582,20.567,8.624,2.832,7.239,2.771,10.844,2.581,1.385,6.993,15.65,30.63,-0.198,0.47940000000000005,2.6197,0.5348,-
1981//6//27,178,04::09:59,19::50:10,12::00:10,11.573,20.557000000000002,8.423,2.831,6.546,2.795,10.107000000000001,2.581,1.877,5.684,12.13,29.46,-0.7778,0.45180000000000003,2.6328,0.5586,-
1981//6//28,179,04::10:21,19::50:07,12::00:23,11.563,20.548000000000002,8.442,2.826,6.514,2.7600000000000002,10.254,2.572,1.927,5.708,9.,31.61,-0.5664,0.9369000000000001,2.3206,0.6266,-
1981//6//29,180,04::10:42,19::50:01,12::00:35,11.552,20.539,8.555,2.85,7.46,2.757,11.424,2.599,1.095,8.755,10.76,37.29,-0.2761,1.2552,2.3536,1.0348,-
1981//6//30,181,04::11:04,19::49:54,12::00:47,11.540000000000001,20.53,7.633,2.832,6.125,2.9130000000000003,8.766,2.6750000000000003,1.508,6.589,15.36,32.88,-0.2894,0.7047,2.4542,0.45220000000000005,-
1981//7//1,182,04::11:36,19::49:45,12::00:58,11.527000000000001,20.498,8.569,2.824,7.364,2.693,11.314,2.5580000000000003,1.205,6.788,11.84,29.560000000000002,-0.26330000000000003,1.0145,2.3758,0.7548,-
1981//7//2,183,04::12:20,19::49:34,12::01:10,11.513,20.498,8.678,2.83,7.649,2.707,11.663,2.58,1.029,8.028,8.21,36.410000000000004,-0.0281,0.7223,2.2549,0.7603000000000001,-
1981//7//3,184,04::13:11,19::49:22,12::01:21,11.497,20.482,8.526,2.854,7.412,2.706,11.346,2.566,1.114,7.439,9.78,41.4,0.2795,1.0490000000000002,2.4989,0.9802000000000001,-
1981//7//4,185,04::13:56,19::49:09,12::01:31,11.48,20.465,7.702,2.836,5.694,2.884,8.097,2.722,2.008,5.005,17.81,44.83,0.6176,1.1707,2.2989,0.8597,-
1981//7//5,186,04::14:36,19::48:54,12::01:42,11.462,20.451,2.852,2.961,0.187,29.065,0.269,21.619,2.665,4.824,17.42,28.38,1.7644000000000002,0.8420000000000001,2.6905,0.6523,-
1981//7//6,187,04::15:12,19::48:34,12::01:52,11.443,20.329,2.088,3.023,0.094,52.114000000000004,0.183,27.326,1.995,5.107,12.82,18.2,1.121,0.6164000000000001,2.5869,0.3815,-
1981//7//7,188,04::15:45,19::48:01,12::02:02,11.422,20.317,8.274000000000001,2.832,6.015000000000001,2.833,8.806000000000001,2.638,2.2600000000000002,4.66,10.86,22.31,-0.4667,0.6418,2.3095000000000003,0.4161,-
1981//7//8,189,04::16:16,19::47:25,12::02:11,11.401,20.28,8.599,2.828,7.66,2.696,11.81,2.572,0.9390000000000001,8.752,5.37,29.46,-0.7275,1.0319,2.0275000000000003,0.7359,-
1981//7//9,190,04::17:15,19::46:42,12::02:20,11.379,20.28,8.125,2.831,6.847,2.741,9.946,2.614,1.2790000000000001,6.393,11.44,30.93,0.8156,0.6707000000000001,2.4861,0.5684,-
1981//7//10,191,04::18:21,19::46:04,12::02:28,11.355,20.262,8.425,2.832,6.934,2.735,10.297,2.595,1.491,5.618,12.82,24.560000000000002,-0.3312,0.4722,2.4076,0.31980000000000003,-
1981//7//11,192,04::19:17,19::45:29,12::02:36,11.33,20.244,8.315,2.852,6.821,2.745,10.451,2.586,1.494,5.667,8.61,27.400000000000002,-0.8091,0.5591,2.1593,0.5762,-
1981//7//12,193,04::20:03,19::44:56,12::02:44,11.304,20.228,7.65,2.856,6.15,2.731,8.609,2.6270000000000002,1.5,5.541,10.07,32.3,0.5602,1.0877000000000001,2.3933,0.7110000000000001,-
1981//7//13,194,04::20:43,19::44:25,12::02:51,11.277000000000001,20.215,8.19,2.827,6.362,2.75,9.803,2.588,1.828,5.146,14.280000000000001,24.86,0.0526,0.784,2.4584,0.4954,-
1981//7//14,195,04::21:24,19::43:55,12::02:58,11.249,20.178,8.219,2.826,6.92,2.701,10.69,2.557,1.298,6.239,9.49,34.06,-0.2104,0.6098,2.4791000000000003,0.4884,-
1981//7//15,196,04::22:35,19::43:11,12::03:04,11.22,20.068,8.288,2.825,7.17,2.709,11.072000000000001,2.569,1.118,7.198,10.47,37.,0.8238000000000001,1.2930000000000001,2.7831,0.788,-
1981//7//16,197,04::23:48,19::42:09,12::03:10,11.189,20.044,8.102,2.826,6.8020000000000005,2.723,10.367,2.571,1.299,6.195,11.64,38.17,-0.26380000000000003,1.3341,2.0940000000000003,0.7114,-
1981//7//17,198,04::24:45,19::41:08,12::03:15,11.158,20.025000000000002,8.034,2.827,6.602,2.734,10.155,2.569,1.433,5.7090000000000005,13.790000000000001,39.64,0.3981,1.1337000000000002,2.4711000000000003,0.9372,-
1981//7//18,199,04::25:33,19::40:18,12::03:19,11.125,20.01,8.037,2.828,6.476,2.7560000000000002,9.691,2.597,1.56,5.268,18.89,33.96,0.2477,0.2626,2.4972000000000003,0.24810000000000001,-
1981//7//19,200,04::26:14,19::39:34,12::03:23,11.092,19.97,8.112,2.827,6.753,2.713,10.399000000000001,2.563,1.359,5.922,18.490000000000002,34.84,0.1143,0.4343,2.539,0.38420000000000004,-
1981//7//20,201,04::27:29,19::38:55,12::03:27,11.057,19.973,-,-,-,-,-,-,-,-,17.42,23.68,-0.1004,0.39640000000000003,2.47,0.3266,-
1981//7//21,202,04::28:51,19::37:54,12::03:30,11.022,19.837,-,-,-,-,-,-,-,-,-,-,-,-,-,-,-
1981//7//22,203,04::29:52,19::36:34,12::03:32,10.985,19.818,-,-,-,-,-,-,-,-,20.06,33.77,-0.158,0.3622,2.5180000000000002,0.329,-
1981//7//23,204,04::30:42,19::35:29,12::03:34,10.948,19.803,8.011000000000001,2.827,6.471,2.727,9.883000000000001,2.573,1.54,5.315,17.12,32.3,0.1125,0.4274,2.5296000000000003,0.2691,-
1981//7//24,205,04::31:33,19::34:36,12::03:35,10.909,19.767,7.68,2.834,5.972,2.753,8.999,2.61,1.708,5.033,16.44,35.92,-0.050800000000000005,0.8756,2.2406,0.8917,-
1981//7//25,206,04::33:00,19::33:49,12::03:36,10.870000000000001,19.76,7.655,2.827,6.128,2.77,9.392,2.583,1.528,5.42,16.73,36.800000000000004,0.2632,1.3215000000000001,2.2791,0.9461,-
1981//7//26,207,04::34:17,19::32:33,12::03:36,10.829,19.626,7.827,2.829,6.828,2.719,10.77,2.571,1.,7.92,13.99,37.68,0.1854,0.668,2.1752000000000002,0.681,-
1981//7//27,208,04::35:16,19::31:04,12::03:35,10.788,19.608,-,-,-,-,-,-,-,-,14.68,32.88,0.605,0.6993,2.3229,0.6886,-
1981//7//28,209,04::36:05,19::29:57,12::03:34,10.745000000000001,19.595,-,-,-,-,-,-,-,-,18.490000000000002,34.35,-0.14070000000000002,0.2791,2.4285,0.3294,-
1981//7//29,210,04::37:19,19::29:02,12::03:32,10.702,19.568,7.98,2.826,6.692,2.71,10.562,2.557,1.288,6.142,15.36,26.03,-0.3739,0.3592,2.5489,0.3381,-
1981//7//30,211,04::38:49,19::27:48,12::03:30,10.657,19.434,7.809,2.822,6.809,2.684,10.853,2.5460000000000003,1.,7.622,11.540000000000001,32.1,-0.1575,0.6212,2.5347,0.4556,-
1981//7//31,212,04::39:56,19::26:09,12::03:27,10.612,19.414,7.753,2.82,6.771,2.714,10.798,2.574,0.982,7.772,11.44,35.72,-0.1573,0.7986000000000001,2.3771,0.7134,-
1981//8//1,213,04::40:50,19::24:56,12::03:23,10.566,19.399,7.735,2.8000000000000003,6.644,2.5300000000000002,10.266,2.5300000000000002,1.091,3.7760000000000002,15.46,37.68,0.2049,0.8197,2.6432,0.6212,-
1981//8//2,214,04::41:53,19::23:56,12::03:19,10.519,19.368000000000002,7.439,2.8000000000000003,5.723,2.5300000000000002,8.548,2.5300000000000002,1.716,3.773,17.32,34.160000000000004,0.3252,0.5452,2.5654,0.40130000000000005,-
1981//8//3,215,04::43:28,19::22:30,12::03:14,10.471,19.242,7.5680000000000005,2.8000000000000003,6.212,2.5300000000000002,9.567,2.5300000000000002,1.356,3.774,16.05,30.34,0.33380000000000004,0.4338,2.5661,0.3111,-
1981//8//4,216,04::44:42,19::20:46,12::03:09,10.422,19.22,7.4590000000000005,2.8000000000000003,6.151,2.5300000000000002,9.712,2.5300000000000002,1.308,3.774,15.75,32.4,-0.049,0.9307000000000001,2.2105,0.8493,-
1981//8//5,217,04::45:40,19::19:33,12::03:03,10.372,19.204,-,-,-,-,-,-,-,-,12.13,31.61,0.6281,0.9456,2.3097000000000003,0.7711,-
1981//8//6,218,04::46:36,19::18:29,12::02:56,10.322000000000001,19.059,-,-,-,-,-,-,-,-,-,-,-,-,-,-,-
1981//8//7,219,04::48:13,19::16:34,12::02:49,10.27,19.049,-,-,-,-,-,-,-,-,-,-,-,-,-,-,-
1981//8//8,220,04::49:32,19::15:04,12::02:41,10.218,19.026,-,-,-,-,-,-,-,-,-,-,-,-,-,-,-
1981//8//9,221,04::50:33,19::13:56,12::02:33,10.165000000000001,19.01,-,-,-,-,-,-,-,-,-,-,-,-,-,-,-
1981//8//10,222,04::51:25,19::12:14,12::02:24,10.111,18.863,-,-,-,-,-,-,-,-,-,-,-,-,-,-,-
1981//8//11,223,04::53:03,19::10:27,12::02:14,10.056000000000001,18.857,-,-,-,-,-,-,-,-,-,-,-,-,-,-,-
1981//8//12,224,04::54:26,19::09:11,12::02:04,10.001,18.833000000000002,-,-,-,-,-,-,-,-,-,-,-,-,-,-,-
1981//8//13,225,04::55:28,19::07:39,12::01:53,9.945,18.707,-,-,-,-,-,-,-,-,-,-,-,-,-,-,-
1981//8//14,226,04::56:20,19::05:40,12::01:42,9.888,18.669,-,-,-,-,-,-,-,-,-,-,-,-,-,-,-
1981//8//15,227,04::57:56,19::04:18,12::01:30,9.83,18.666,-,-,-,-,-,-,-,-,-,-,-,-,-,-,-
1981//8//16,228,04::59:21,19::02:49,12::01:18,9.772,18.531,-,-,-,-,-,-,-,-,-,-,-,-,-,-,-
1981//8//17,229,05::00:25,19::00:44,12::01:05,9.712,18.515,-,-,-,-,-,-,-,-,-,-,-,-,-,-,-
1981//8//18,230,05::01:17,18::59:19,12::00:52,9.653,18.502,-,-,-,-,-,-,-,-,-,-,-,-,-,-,-
1981//8//19,231,05::02:50,18::57:46,12::00:38,9.592,18.365000000000002,-,-,-,-,-,-,-,-,-,-,-,-,-,-,-
1981//8//20,232,05::04:18,18::55:39,12::00:24,9.531,18.34,-,-,-,-,-,-,-,-,-,-,-,-,-,-,-
1981//8//21,233,05::05:23,18::54:13,12::00:09,9.469,18.324,-,-,-,-,-,-,-,-,-,-,-,-,-,-,-
1981//8//22,234,05::06:16,18::52:31,11::59:54,9.406,18.201,-,-,-,-,-,-,-,-,-,-,-,-,-,-,-
1981//8//23,235,05::07:46,18::50:25,11::59:39,9.343,18.175,-,-,-,-,-,-,-,-,-,-,-,-,-,-,-
1981//8//24,236,05::09:15,18::49:01,11::59:22,9.279,18.150000000000002,-,-,-,-,-,-,-,-,-,-,-,-,-,-,-
1981//8//25,237,05::10:21,18::47:03,11::59:06,9.215,18.023,-,-,-,-,-,-,-,-,-,-,-,-,-,-,-
1981//8//26,238,05::11:14,18::45:06,11::58:49,9.15,18.012,-,-,-,-,-,-,-,-,-,-,-,-,-,-,-
1981//8//27,239,05::12:42,18::43:44,11::58:32,9.084,17.987000000000002,-,-,-,-,-,-,-,-,-,-,-,-,-,-,-
1981//8//28,240,05::14:12,18::41:28,11::58:14,9.018,17.851,-,-,-,-,-,-,-,-,-,-,-,-,-,-,-
1981//8//29,241,05::15:18,18::39:42,11::57:56,8.952,17.835,-,-,-,-,-,-,-,-,-,-,-,-,-,-,-
1981//8//30,242,05::16:12,18::38:14,11::57:38,8.884,17.712,-,-,-,-,-,-,-,-,-,-,-,-,-,-,-
1981//8//31,243,05::17:37,18::35:52,11::57:19,8.817,17.689,-,-,-,-,-,-,-,-,-,-,-,-,-,-,-
1981//9//1,244,05::19:09,18::34:16,11::57:00,8.748,17.663,-,-,-,-,-,-,-,-,-,-,-,-,-,-,-
1981//9//2,245,05::20:16,18::32:28,11::56:41,8.68,17.536,-,-,-,-,-,-,-,-,-,-,-,-,-,-,-
1981//9//3,246,05::21:10,18::30:16,11::56:22,8.611,17.524,-,-,-,-,-,-,-,-,-,-,-,-,-,-,-
1981//9//4,247,05::22:31,18::28:49,11::56:02,8.541,17.503,-,-,-,-,-,-,-,-,-,-,-,-,-,-,-
1981//9//5,248,05::24:05,18::26:31,11::55:42,8.471,17.365000000000002,-,-,-,-,-,-,-,-,-,-,-,-,-,-,-
1981//9//6,249,05::25:13,18::24:41,11::55:22,8.4,17.349,-,-,-,-,-,-,-,-,-,-,-,-,-,-,-
1981//9//7,250,05::26:07,18::23:07,11::55:01,8.329,17.226,-,-,-,-,-,-,-,-,-,-,-,-,-,-,-
1981//9//8,251,05::27:26,18::20:43,11::54:41,8.258000000000001,17.204,-,-,-,-,-,-,-,-,-,-,-,-,-,-,-
1981//9//9,252,05::29:02,18::19:07,11::54:20,8.186,17.179000000000002,-,-,-,-,-,-,-,-,17.91,33.28,-0.016800000000000002,0.4194,2.4634,0.3604,-
1981//9//10,253,05::30:10,18::17:04,11::53:59,8.114,17.051000000000002,5.785,2.8000000000000003,5.051,2.5300000000000002,9.251,2.5300000000000002,0.733,3.774,12.030000000000001,33.57,-0.4687,1.069,2.2614,0.6941,-
1981//9//11,254,05::31:05,18::14:59,11::53:38,8.042,17.039,5.789,2.8000000000000003,5.156,2.5300000000000002,9.584,2.5300000000000002,0.633,3.775,8.31,36.61,-0.377,0.6665,2.1576,0.5468000000000001,-
1981//9//12,255,05::32:22,18::13:34,11::53:17,7.969,16.905,5.617,2.8000000000000003,4.868,2.5300000000000002,9.029,2.5300000000000002,0.749,3.7720000000000002,12.33,37.68,-0.3421,0.775,2.0765000000000002,0.5883,-
1981//9//13,256,05::33:58,18::11:03,11::52:56,7.896,16.881,5.643,2.8000000000000003,4.881,2.5300000000000002,9.166,2.5300000000000002,0.761,3.775,10.56,35.04,-0.43260000000000004,0.8633000000000001,2.1524,0.7546,-
1981//9//14,257,05::35:08,18::09:20,11::52:34,7.823,16.864,5.558,2.8000000000000003,4.468,2.5300000000000002,8.314,2.5300000000000002,1.09,3.774,9.78,30.34,-0.3655,0.48140000000000005,2.9675000000000002,0.8324,-
1981//9//15,258,05::36:03,18::07:30,11::52:13,7.75,16.741,5.343,2.8000000000000003,3.8120000000000003,2.5300000000000002,7.164000000000001,2.5300000000000002,1.5310000000000001,3.773,7.04,36.7,-0.12810000000000002,0.5646,2.2878000000000003,0.7191000000000001,-
1981//9//16,259,05::37:18,18::05:13,11::51:52,7.676,16.718,5.2700000000000005,3.086,-,-,-,-,-,-,10.17,37.39,0.1022,1.0635000000000001,2.0927000000000002,0.7685000000000001,-
1981//9//17,260,05::38:56,18::03:44,11::51:30,7.602,16.695,5.154,2.8000000000000003,4.048,2.5300000000000002,7.472,2.5300000000000002,1.107,3.7720000000000002,12.23,40.52,0.0364,0.8317,2.1449000000000003,0.7934,-
1981//9//18,261,05::40:06,18::01:20,11::51:09,7.5280000000000005,16.565,4.93,2.8000000000000003,3.45,2.5300000000000002,6.163,2.5300000000000002,1.479,3.774,16.05,37.,0.561,0.7008,2.1441,0.5814,-
1981//9//19,262,05::41:02,17::59:31,11::50:48,7.454,16.554000000000002,-,-,-,-,-,-,-,-,-,-,-,-,-,-,-
1981//9//20,263,05::42:16,17::57:48,11::50:26,7.3790000000000004,16.418,-,-,-,-,-,-,-,-,-,-,-,-,-,-,-
1981//9//21,264,05::43:55,17::55:26,11::50:05,7.304,16.395,-,-,-,-,-,-,-,-,-,-,-,-,-,-,-
1981//9//22,265,05::45:05,17::53:54,11::49:44,7.23,16.378,-,-,-,-,-,-,-,-,-,-,-,-,-,-,-
1981//9//23,266,05::46:02,17::51:38,11::49:23,7.155,16.253,-,-,-,-,-,-,-,-,-,-,-,-,-,-,-
1981//9//24,267,05::47:17,17::49:42,11::49:02,7.08,16.23,-,-,-,-,-,-,-,-,-,-,-,-,-,-,-
1981//9//25,268,05::48:56,17::48:08,11::48:41,7.005,16.094,-,-,-,-,-,-,-,-,-,-,-,-,-,-,-
1981//9//26,269,05::50:07,17::45:42,11::48:21,6.93,16.077,-,-,-,-,-,-,-,-,-,-,-,-,-,-,-
1981//9//27,270,05::51:04,17::44:05,11::48:01,6.855,16.065,-,-,-,-,-,-,-,-,-,-,-,-,-,-,-
1981//9//28,271,05::52:21,17::42:01,11::47:41,6.78,15.929,-,-,-,-,-,-,-,-,-,-,-,-,-,-,-
1981//9//29,272,05::54:00,17::39:58,11::47:21,6.705,15.904,-,-,-,-,-,-,-,-,-,-,-,-,-,-,-
1981//9//30,273,05::55:11,17::38:33,11::47:01,6.63,15.773,-,-,-,-,-,-,-,-,-,-,-,-,-,-,-
1981//10//1,274,05::56:08,17::36:03,11::46:42,6.555,15.761000000000001,-,-,-,-,-,-,-,-,-,-,-,-,-,-,-
1981//10//2,275,05::57:30,17::34:22,11::46:23,6.48,15.74,-,-,-,-,-,-,-,-,-,-,-,-,-,-,-
1981//10//3,276,05::59:08,17::32:36,11::46:04,6.406,15.598,-,-,-,-,-,-,-,-,-,-,-,-,-,-,-
1981//10//4,277,06::00:18,17::30:20,11::45:46,6.331,15.581,-,-,-,-,-,-,-,-,-,-,-,-,-,-,-
1981//10//5,278,06::01:14,17::28:52,11::45:28,6.257000000000001,15.569,-,-,-,-,-,-,-,-,-,-,-,-,-,-,-
1981//10//6,279,06::02:46,17::26:39,11::45:10,6.183,15.43,-,-,-,-,-,-,-,-,-,-,-,-,-,-,-
1981//10//7,280,06::04:20,17::24:47,11::44:53,6.109,15.404,-,-,-,-,-,-,-,-,-,-,-,-,-,-,-
1981//10//8,281,06::05:28,17::23:21,11::44:36,6.035,15.273,-,-,-,-,-,-,-,-,-,-,-,-,-,-,-
1981//10//9,282,06::06:23,17::20:57,11::44:20,5.962,15.236,-,-,-,-,-,-,-,-,-,-,-,-,-,-,-
1981//10//10,283,06::08:08,17::19:20,11::44:04,5.888,15.231,-,-,-,-,-,-,-,-,-,-,-,-,-,-,-
1981//10//11,284,06::09:35,17::17:40,11::43:48,5.815,15.093,-,-,-,-,-,-,-,-,-,-,-,-,-,-,-
1981//10//12,285,06::10:41,17::15:27,11::43:33,5.743,15.077,-,-,-,-,-,-,-,-,-,-,-,-,-,-,-
1981//10//13,286,06::11:45,17::14:00,11::43:19,5.671,15.044,-,-,-,-,-,-,-,-,-,-,-,-,-,-,-
1981//10//14,287,06::13:33,17::12:02,11::43:05,5.599,14.915000000000001,-,-,-,-,-,-,-,-,-,-,-,-,-,-,-
1981//10//15,288,06::14:54,17::10:06,11::42:51,5.5280000000000005,14.893,-,-,-,-,-,-,-,-,3.61,23.19,-0.9085000000000001,1.0719,2.1284,0.9297000000000001,-
1981//10//16,289,06::15:57,17::08:46,11::42:39,5.457,14.878,3.584,3.029,2.81,3.007,6.699,2.975,0.774,7.034,0.58,24.95,-0.7419,0.4727,2.1988000000000003,0.47740000000000005,-
1981//10//17,290,06::17:15,17::06:37,11::42:26,5.386,14.737,3.498,2.854,2.652,2.955,6.316,2.583,0.846,6.2860000000000005,3.81,24.95,-0.8901,0.6508,2.0325,0.6857000000000001,-
1981//10//18,291,06::19:01,17::04:52,11::42:15,5.316,14.71,3.45,2.856,2.799,2.884,6.612,2.58,0.651,8.062,2.54,26.42,-0.6288,0.8073,2.3187,0.7323000000000001,-
1981//10//19,292,06::20:16,17::03:37,11::42:04,5.247,14.576,3.6310000000000002,2.918,3.09,2.899,7.5120000000000005,2.624,0.543,9.69,3.71,29.46,-0.3417,1.3436000000000001,2.4678,0.8333,-
1981//10//20,293,06::21:15,17::01:24,11::41:54,5.178,14.562000000000001,3.489,2.859,2.454,3.088,5.679,2.63,1.036,5.375,-1.3800000000000001,19.86,-1.558,1.2394,2.0134000000000003,1.0098,-
1981//10//21,294,06::22:56,16::59:46,11::41:44,5.109,14.532,3.476,2.852,2.832,2.895,6.97,2.57,0.645,8.014,-4.8100000000000005,19.080000000000002,-1.7089,0.6446000000000001,2.2419000000000002,0.5452,-
1981//10//22,295,06::24:30,16::58:34,11::41:35,5.041,14.389000000000001,3.423,2.856,2.719,2.906,6.689,2.567,0.704,7.399,-5.1000000000000005,20.06,-1.457,0.8172,2.3688000000000002,0.6496000000000001,-
1981//10//23,296,06::25:39,16::56:22,11::41:26,4.974,14.371,2.668,2.88,1.21,4.317,3.144,3.033,1.458,4.934,-3.14,17.71,-0.9166000000000001,1.1306,2.4018,0.7989,-
1981//10//24,297,06::26:47,16::54:47,11::41:19,4.908,14.337,3.206,2.867,2.493,3.0340000000000003,5.993,2.629,0.713,7.195,0.19,24.37,-0.3174,0.5842,2.3161,0.49760000000000004,-
1981//10//25,298,06::28:38,16::53:38,11::41:12,4.841,14.204,2.706,2.8850000000000002,1.066,4.583,3.011,2.892,1.641,4.551,3.12,24.37,-0.312,1.1318000000000001,2.3811,0.8052,-
1981//10//26,299,06::30:00,16::51:32,11::41:06,4.776,14.18,1.06,3.277,0.059000000000000004,29.899,0.152,16.79,1.0010000000000001,5.888,12.23,18.400000000000002,0.6465000000000001,1.0036,2.7017,0.6647000000000001,-
1981//10//27,300,06::31:04,16::49:58,11::41:00,4.712,14.164,2.234,2.932,0.888,4.703,1.979,3.422,1.346,4.639,11.05,25.84,1.0866,0.6698000000000001,2.6369000000000002,0.6117,-
1981//10//28,301,06::32:34,16::48:48,11::40:55,4.648,14.137,2.231,3.0020000000000002,1.4020000000000001,3.545,3.073,2.914,0.8300000000000001,6.599,4.4,20.75,0.22110000000000002,1.1841000000000002,2.3612,0.8509,-
1981//10//29,302,06::34:18,16::46:58,11::40:51,4.5840000000000005,13.99,2.332,2.936,1.124,4.5520000000000005,2.564,3.217,1.208,5.034,4.59,15.75,-0.5294,0.9122,2.351,0.46180000000000004,-
1981//10//30,303,06::35:30,16::45:18,11::40:48,4.522,13.97,1.108,3.015,0.023,107.056,0.193,13.244,1.085,5.1000000000000005,4.,13.6,-0.28190000000000004,1.5263,2.4343,0.7307,-
1981//10//31,304,06::36:35,16::44:08,11::40:46,4.46,13.932,2.439,2.883,1.293,4.172,3.677,2.799,1.1460000000000001,5.303,5.08,23.19,-0.29760000000000003,1.3899000000000001,2.2586,0.8815000000000001,-
1981//11//1,305,06::38:28,16::42:44,11::40:44,4.4,13.801,-,-,-,-,-,-,-,-,3.12,25.05,-1.1908,0.5506,2.0379,0.4909,-
1981//11//2,306,06::39:54,16::40:54,11::40:43,4.34,13.775,-,-,-,-,-,-,-,-,1.46,21.43,-1.1567,0.3966,2.1694,0.556,-
1981//11//3,307,06::40:59,16::39:38,11::40:43,4.28,13.758000000000001,2.0180000000000002,3.074,0.795,5.732,2.231,3.408,1.222,5.782,1.95,20.45,-0.4506,0.9574,2.1938,0.41600000000000004,-
1981//11//4,308,06::42:27,16::38:39,11::40:44,4.222,13.615,2.883,2.906,2.459,2.989,6.9110000000000005,2.585,0.425,13.217,-2.07,19.080000000000002,-2.0155000000000003,0.8964000000000001,1.8687,0.5046,-
1981//11//5,309,06::44:14,16::36:53,11::40:46,4.165,13.582,2.832,2.904,-,-,-,-,-,-,-4.32,15.16,-1.6857,0.8209000000000001,2.193,0.6812,-
1981//11//6,310,06::45:28,16::35:25,11::40:48,4.108,13.56,2.376,2.9250000000000003,-,-,-,-,-,-,-2.75,17.22,-1.1998,1.3708,2.3531,0.9675,-
1981//11//7,311,06::46:32,16::34:21,11::40:52,4.053,13.52,1.746,3.008,-,-,-,-,-,-,-1.28,18.,-1.0858,1.0299,2.3027,0.8025,-
1981//11//8,312,06::48:25,16::33:20,11::40:56,3.998,13.39,2.314,2.956,-,-,-,-,-,-,-1.87,15.56,-1.3849,0.5868,2.1489000000000003,0.5826,-
1981//11//9,313,06::49:52,16::31:40,11::41:01,3.9450000000000003,13.363,1.607,3.094,-,-,-,-,-,-,-2.16,12.030000000000001,-1.1042,0.6162000000000001,2.4605,0.5011,-
1981//11//10,314,06::50:57,16::30:22,11::41:07,3.892,13.344,0.751,3.879,0.001,2475.8540000000003,0.004,629.111,0.75,7.461,-2.75,5.47,-0.33130000000000004,0.7892,2.4564,0.44570000000000004,-
1981//11//11,315,06::52:23,16::29:24,11::41:13,3.841,13.315,0.737,3.898,0.023,132.351,0.08,38.696,0.713,7.844,2.34,12.030000000000001,0.5054000000000001,0.6762,2.5331,0.3226,-
1981//11//12,316,06::54:10,16::28:36,11::41:21,3.79,13.167,1.6480000000000001,3.024,0.807,5.939,2.736,3.3120000000000003,0.841,6.7490000000000006,6.16,18.69,0.0045000000000000005,1.0947,2.3944,0.46830000000000005,-
1981//11//13,317,06::55:24,16::27:07,11::41:29,3.74,13.144,2.089,3.057,1.354,3.473,3.9170000000000003,2.911,0.738,7.093,5.28,19.37,0.4217,1.2276,2.7571000000000003,0.8793000000000001,-
1981//11//14,318,06::56:25,16::25:49,11::41:39,3.692,13.102,1.226,3.285,0.312,12.821,1.032,5.804,0.914,6.306,5.18,18.69,-0.507,1.3257,2.2936,0.7854,-
1981//11//15,319,06::58:16,16::24:52,11::41:49,3.645,13.09,0.773,4.133,0.133,24.2,0.402,8.939,0.64,8.774000000000001,3.5100000000000002,15.950000000000001,-0.4143,0.8152,2.5665,0.6990000000000001,-
1981//11//16,320,06::59:44,16::24:06,11::42:00,3.598,13.062,0.447,5.284,0.004,395.731,0.012,135.293,0.443,12.267,6.0600000000000005,10.76,0.3458,0.5252,2.4089,0.3839,-
1981//11//17,321,07::00:49,16::23:16,11::42:11,3.553,12.926,1.901,3.14,1.202,3.65,3.0420000000000003,2.907,0.6980000000000001,7.857,5.18,18.3,0.2892,0.5087,2.4274,0.2869,-
1981//11//18,322,07::02:07,16::22:00,11::42:24,3.509,12.893,2.338,2.951,1.911,3.196,5.9190000000000005,2.607,0.427,12.513,2.05,15.75,-1.1962000000000002,1.0095,2.4237,0.6895,-
1981//11//19,323,07::03:53,16::20:55,11::42:37,3.466,12.866,1.0170000000000001,3.384,0.051000000000000004,66.85,0.199,17.32,0.965,5.972,1.36,11.35,-0.5518000000000001,0.9109,2.4221,0.449,-
1981//11//20,324,07::05:09,16::20:06,11::42:52,3.4250000000000003,12.842,0.928,3.5740000000000003,0.054,61.966,0.134,27.26,0.874,6.431,2.44,11.64,-0.1718,0.8559,2.5947,0.5168,-
1981//11//21,325,07::06:07,16::19:26,11::43:07,3.384,12.825000000000001,0.768,4.,0.032,77.37,0.079,33.975,0.736,7.572,6.0600000000000005,15.46,0.3099,0.9872000000000001,2.6372,0.9055000000000001,-
1981//11//22,326,07::07:39,16::18:53,11::43:23,3.345,12.794,2.185,2.967,1.73,3.236,5.313,2.646,0.455,11.442,4.79,16.05,-0.3861,0.8037000000000001,2.4464,0.43610000000000004,-
1981//11//23,327,07::09:15,16::18:08,11::43:39,3.307,12.646,1.715,3.076,1.087,4.388,3.248,2.852,0.628,8.33,2.93,13.99,-0.2932,0.8746,2.4037,0.38520000000000004,-
1981//11//24,328,07::10:23,16::17:11,11::43:57,3.27,12.624,0.551,4.468,0.002,1420.5720000000001,0.034,83.563,0.55,9.632,0.38,7.04,-0.863,0.8432000000000001,2.5929,0.4559,-
1981//11//25,329,07::11:17,16::16:18,11::44:15,3.235,12.58,1.782,3.001,0.874,5.3500000000000005,2.995,3.081,0.909,6.0840000000000005,-2.16,10.56,-1.4113,0.6524,2.4512,0.5303,-
1981//11//26,330,07::12:56,16::15:38,11::44:34,3.2,12.574,0.637,4.15,0.002,953.813,0.005,389.64300000000003,0.636,8.469,0.77,6.3500000000000005,-1.1386,0.7273000000000001,2.4276,0.2926,-
1981//11//27,331,07::14:23,16::15:06,11::44:53,3.1670000000000003,12.545,0.834,3.65,0.098,24.131,0.32,8.686,0.736,7.268,-3.24,6.84,-1.6031,1.0866,2.4650000000000003,0.6037,-
1981//11//28,332,07::15:26,16::14:40,11::45:14,3.1350000000000002,12.525,2.486,2.908,1.608,3.4250000000000003,5.48,2.608,0.878,6.405,-5.39,9.19,-1.2823,1.3464,2.9441,0.7208,-
1981//11//29,333,07::16:17,16::14:17,11::45:35,3.105,12.482000000000001,0.647,3.7,0.038,90.788,0.318,11.52,0.609,8.549,-1.3800000000000001,8.21,-0.7907000000000001,0.5271,2.6032,0.3713,-
1981//11//30,334,07::17:50,16::13:58,11::45:57,3.076,12.478,1.08,3.358,0.219,13.715,0.85,4.422,0.862,6.239,2.93,10.27,-0.092,1.1909,2.6704000000000003,0.5351,-
1981//12//1,335,07::19:14,16::13:41,11::46:19,3.047,12.333,0.718,3.8040000000000003,0.01,180.304,0.033,56.004,0.708,7.704,5.18,12.72,0.5958,0.6828000000000001,2.822,0.6955,-
1981//12//2,336,07::20:15,16::13:13,11::46:42,3.021,12.313,1.441,3.212,1.033,4.543,3.5100000000000002,2.9410000000000003,0.40900000000000003,13.405000000000001,-1.67,15.16,-0.9518000000000001,1.4578,2.382,0.5096,-
1981//12//3,337,07::21:04,16::12:48,11::47:06,2.996,12.298,1.185,3.212,0.298,12.092,1.368,4.034,0.886,6.5600000000000005,-2.56,8.700000000000001,-0.7281000000000001,0.7344,2.6217,0.44880000000000003,-
1981//12//4,338,07::22:15,16::12:26,11::47:30,2.972,12.268,1.774,3.037,1.28,4.011,4.104,2.815,0.493,10.916,-0.89,12.42,-0.7179,1.0954000000000002,2.7778,0.6990000000000001,-
1981//12//5,339,07::23:40,16::12:04,11::47:55,2.949,12.244,0.424,5.232,0.001,1938.268,0.003,886.494,0.423,12.837,1.6500000000000001,10.96,0.5675,1.0358,2.6876,0.6476000000000001,-
1981//12//6,340,07::24:44,16::11:48,11::48:20,2.928,12.223,1.097,3.158,0.28300000000000003,11.627,1.441,3.726,0.8140000000000001,6.689,5.08,15.46,0.2313,0.7795000000000001,2.5489,0.38280000000000003,-
1981//12//7,341,07::25:33,16::11:37,11::48:46,2.908,12.207,1.487,3.128,0.8290000000000001,5.489,2.638,3.255,0.659,8.35,3.12,14.19,-0.2837,1.1192,2.5951,0.6051000000000001,-
1981//12//8,342,07::26:14,16::11:29,11::49:12,2.8890000000000002,12.165000000000001,0.986,3.211,0.122,36.948,0.41400000000000003,11.14,0.864,6.268,2.34,9.78,-0.2321,0.4712,2.5329,0.264,-
1981//12//9,343,07::27:24,16::11:25,11::49:39,2.872,12.168000000000001,0.444,4.827,0.002,631.064,0.008,157.766,0.442,11.847,3.12,8.120000000000001,0.2126,0.6371,2.7514000000000003,0.5676,-
1981//12//10,344,07::28:39,16::11:24,11::50:06,2.856,12.144,1.2750000000000001,3.128,0.343,13.668000000000001,1.614,4.015,0.931,6.346,1.75,12.030000000000001,-1.4839,0.6347,2.4678,0.5718,-
1981//12//11,345,07::29:35,16::11:26,11::50:34,2.842,12.125,1.766,3.037,1.429,3.484,5.03,2.64,0.338,15.779,-3.63,13.6,-2.087,0.5915,2.4387000000000003,0.4676,-
1981//12//12,346,07::30:18,16::11:31,11::51:02,2.829,12.111,0.873,3.5,0.032,102.83,0.095,35.112,0.841,6.799,-4.8100000000000005,3.61,-1.2086000000000001,1.0642,2.9201,0.42260000000000003,-
1981//12//13,347,07::30:55,16::11:40,11::51:30,2.817,12.1,0.762,3.781,0.017,127.273,0.053,40.824,0.745,7.518,-0.7000000000000001,3.71,-0.3139,0.6941,2.7739000000000003,0.5289,-
1981//12//14,348,07::31:36,16::11:53,11::51:59,2.807,12.065,0.778,3.5340000000000003,0.017,148.486,0.05,50.485,0.761,7.0280000000000005,-0.3,5.57,-0.1511,0.5612,2.8248,0.37110000000000004,-
1981//12//15,349,07::32:34,16::12:11,11::52:28,2.798,12.066,0.968,3.346,0.122,37.317,0.49,9.992,0.846,6.5040000000000004,0.09,11.74,0.057800000000000004,0.7276,2.6169000000000002,0.47890000000000005,-
1981//12//16,350,07::33:33,16::12:34,11::52:57,2.79,12.045,1.575,3.085,1.1300000000000001,4.599,3.7030000000000003,2.999,0.445,11.878,-0.21,8.02,-0.6972,1.2466000000000002,2.6825,0.6461,-
1981//12//17,351,07::34:17,16::12:56,11::53:26,2.7840000000000003,12.030000000000001,0.47500000000000003,4.837,0.,100,0.001,766.292,0.47500000000000003,11.242,-0.89,1.75,-0.3436,0.5398000000000001,2.7560000000000002,0.3402,-
1981//12//18,352,07::34:53,16::13:22,11::53:56,2.779,12.018,0.324,6.7010000000000005,0.001,2569.331,0.003,1036.748,0.323,16.574,-1.48,1.6500000000000001,-0.25320000000000004,0.6395000000000001,2.6646,0.35400000000000004,-
1981//12//19,353,07::35:22,16::13:48,11::54:25,2.7760000000000002,12.126,0.47100000000000003,4.875,0.001,3290.547,0.003,1141.925,0.47000000000000003,11.353,0.58,6.94,-0.1341,0.44680000000000003,2.5733,0.4164,-
1981//12//20,354,07::35:47,16::14:05,11::54:55,2.774,12.118,0.631,3.845,0.076,32.028,0.424,6.722,0.554,9.631,-0.99,3.91,-0.8464,0.7781,2.5674,0.4338,-
1981//12//21,355,07::36:09,16::14:25,11::55:25,2.774,12.111,0.628,3.8040000000000003,0.004,878.982,0.039,97.087,0.624,8.551,0.28,5.57,-0.6257,0.808,2.6476,0.3582,-
1981//12//22,356,07::36:39,16::14:49,11::55:55,2.775,12.081,1.0190000000000001,3.1790000000000003,0.137,29.283,0.658,7.05,0.883,6.087,-2.36,7.53,-0.9444,1.1412,2.7203,0.8514,-
1981//12//23,357,07::37:12,16::15:18,11::56:25,2.777,12.083,1.35,3.085,0.316,11.554,1.188,3.668,1.035,5.611,-5.,5.86,-0.9186000000000001,0.9381,2.9049,0.6499,-
1981//12//24,358,07::37:45,16::15:52,11::56:55,2.781,12.078,0.925,3.653,0.215,9.717,0.664,4.561,0.709,7.890000000000001,-0.89,5.08,-0.5959,0.5766,2.8821000000000003,0.547,-
1981//12//25,359,07::38:15,16::16:36,11::57:24,2.786,12.067,1.305,3.1470000000000002,0.522,7.7010000000000005,1.621,3.626,0.783,6.812,2.73,9.49,-0.7269,0.4798,2.4944,0.2967,-
1981//12//26,360,07::38:38,16::17:33,11::57:54,2.7920000000000003,12.059000000000001,0.292,7.138,0.,100,0.,100,0.292,18.43,0.58,4.69,-0.6531,0.6241,2.7275,0.4207,-
1981//12//27,361,07::38:56,16::18:27,11::58:24,2.8000000000000003,12.053,1.566,3.08,0.871,4.985,3.302,2.828,0.6950000000000001,7.938,-0.5,7.63,-1.0701,0.7537,2.636,0.3869,-
1981//12//28,362,07::39:11,16::19:05,11::58:53,2.81,12.166,1.415,3.081,0.679,6.425,2.464,3.217,0.736,7.231,-3.63,7.23,-1.2256,1.0617,3.007,0.5083,-
1981//12//29,363,07::39:22,16::19:40,11::59:22,2.82,12.162,0.213,9.522,0.001,1757.964,0.002,901.52,0.212,24.699,-4.12,-1.28,-0.8459,0.8698,2.9177,0.5644,-
1981//12//30,364,07::39:30,16::20:21,11::59:51,2.833,12.159,1.885,2.939,1.452,3.47,5.402,2.5580000000000003,0.432,12.121,-3.5300000000000002,5.47,-0.9746,0.8485,2.7051000000000003,0.5729000000000001,-
1981//12//31,365,07::39:35,16::21:14,12::00:20,2.846,12.158,0.63,4.0280000000000005,0.002,833.9060000000001,0.007,238.25900000000001,0.628,8.57,-5.88,-1.18,-1.1988,0.681,2.7713,0.5455,-
END_OF_YEARLY_DATA,END_OF_YEARLY_DATA,END_OF_YEARLY_DATA,END_OF_YEARLY_DATA,END_OF_YEARLY_DATA,END_OF_YEARLY_DATA,END_OF_YEARLY_DATA,END_OF_YEARLY_DATA,END_OF_YEARLY_DATA,END_OF_YEARLY_DATA,END_OF_YEARLY_DATA,END_OF_YEARLY_DATA,END_OF_YEARLY_DATA,END_OF_YEARLY_DATA,END_OF_YEARLY_DATA,END_OF_YEARLY_DATA,END_OF_YEARLY_DATA,END_OF_YEARLY_DATA,END_OF_YEARLY_DATA,END_OF_YEARLY_DATA,END_OF_YEARLY_DATA,END_OF_YEARLY_DATA
-,-,-,-,-,-,-,-,-,-,-,-,-,-,-,-,-,-,-,-,-,-
JANUARY,JANUARY,JANUARY,JANUARY,JANUARY,JANUARY,JANUARY,JANUARY,JANUARY,JANUARY,JANUARY,JANUARY,JANUARY,JANUARY,JANUARY,JANUARY,JANUARY,JANUARY,JANUARY,JANUARY,JANUARY,JANUARY
Station Name:,HEO,-,-,-,-,Element:,1000,-,2000,-,2010,-,3000,-,9300,-,1000_original,-,2010_original,-,Contact Info: http://solardat.uoregon.edu
Station Location:,Hermiston_Oregon_USA,-,-,-,-,Instrument Serial Number:,PSP(17854F3),-,NIP(17668E6),-,NIP(17668E6),-,Computed from GHI and DNI,-,TEMP(HEO),-,PSP(17854F3),-,NIP(17668E6),-,File format description at: http://solardat.uoregon.edu/download/Papers/Structure_of_a_comprehensive_solar_radiation_dataset_ASES_2017_Final.pdf
Latitude:,45.818441,-,-,-,-,Instrument Shorthand Name:,PSP5,-,-,-,NIP4,-,-,-,TEMP(HEO),-,PSP5,-,NIP4,-,Flag description at: http://solardat.uoregon.edu/QualityControlFlags.html
Longitude (+ East):,-119.284721,-,-,-,-,Responsivity:,7.390000000000001,microV/(W/m^2),-,-,8.72,microV/(W/m^2),-,-,36.111110000000004,microV?/C,7.390000000000001,microV/(W/m^2),8.72,microV/(W/m^2),Data has been calibrated using the responsivity values listed 
Altitude (m):,188.,-,-,-,-,Estimated Uncertainty (U95%):,2.8000000000000003,-,2.5300000000000002,-,2.5300000000000002,-,3.774,-,2.2,-,2.8000000000000003,-,2.5300000000000002,-,The phrase (_original) means the data has not had the nighttime offset subtracted (or any other adjustments).
Time Zone (+ East):,-8.,-,-,-,-,Sample Method:,Avg,-,-,-,Avg,-,-,-,Avg,-,Avg,-,Avg,-,Data that has been (computed) was calculated from measured columns.
Time Interval (Minutes):,5,-,-,-,-,Units:,W/m^2,-,W/m^2,-,W/m^2,-,W/m^2,-,C,-,W/m^2,-,W/m^2,-,Date this file was created: 2019-7-16
Year//Month,1981//01,-,-,-,-,Column Notes:,AdjustedColumn,-,CalculatedColumn,-,AdjustedColumn,-,CalculatedColumn,-,MeasuredColumn,-,MeasuredColumn,-,MeasuredColumn,-,This file was created using code: AAA Check data (2019-07-10).nb
-,-,-,-,-,-,-,-,-,-,-,-,-,-,-,-,-,-,-,-,-,SZA horizon boundaries (East/West): 88/89
Day of month,Day of year,Time Sunrise (HH::MM:SS),Time Sunset (HH::MM:SS),Time Solar Noon (HH::MM:SS),Daily Total Energy ETR (kW h/m^2),Daily Total Energy ETRn (kW h/m^2),Daily Total Energy (kWh/m^2),Daily Total Uncertainty (U95%),Daily Total Energy (kWh/m^2),Daily Total Uncertainty (U95%),Daily Total Energy (kWh/m^2),Daily Total Uncertainty (U95%),Daily Total Energy (kWh/m^2),Daily Total Uncertainty (U95%),Minimum daily value,Maximum daily value,Average Nighttime Value,Standard Deviation Nighttime,Average Nighttime Value,Standard Deviation Nighttime,Assorted Daily Values (Rows 12 - 42)
FEBRUARY,FEBRUARY,FEBRUARY,FEBRUARY,FEBRUARY,FEBRUARY,FEBRUARY,FEBRUARY,FEBRUARY,FEBRUARY,FEBRUARY,FEBRUARY,FEBRUARY,FEBRUARY,FEBRUARY,FEBRUARY,FEBRUARY,FEBRUARY,FEBRUARY,FEBRUARY,FEBRUARY,FEBRUARY
Station ID Number:,94169,-,-,-,-,Type of Measurement:,GHI,GHI_Flag,DrHI_Calc,DrHI_Calc_Flag,DNI,DNI_Flag,DHI_Calc,DHI_Calc_Flag,Temperature,Temperature_Flag,GHI_original,GHI_original_Flag,DNI_original,DNI_original_Flag,NOTES
Station Name:,HEO,-,-,-,-,Element:,1000,-,2000,-,2010,-,3000,-,9300,-,1000_original,-,2010_original,-,Contact Info: http://solardat.uoregon.edu
Station Location:,Hermiston_Oregon_USA,-,-,-,-,Instrument Serial Number:,PSP(17854F3),-,NIP(17668E6),-,NIP(17668E6),-,Computed from GHI and DNI,-,TEMP(HEO),-,PSP(17854F3),-,NIP(17668E6),-,File format description at: http://solardat.uoregon.edu/download/Papers/Structure_of_a_comprehensive_solar_radiation_dataset_ASES_2017_Final.pdf
Latitude:,45.818441,-,-,-,-,Instrument Shorthand Name:,PSP5,-,-,-,NIP4,-,-,-,TEMP(HEO),-,PSP5,-,NIP4,-,Flag description at: http://solardat.uoregon.edu/QualityControlFlags.html
Longitude (+ East):,-119.284721,-,-,-,-,Responsivity:,7.390000000000001,microV/(W/m^2),-,-,8.72,microV/(W/m^2),-,-,36.111110000000004,microV?/C,7.390000000000001,microV/(W/m^2),8.72,microV/(W/m^2),Data has been calibrated using the responsivity values listed 
Altitude (m):,188.,-,-,-,-,Estimated Uncertainty (U95%):,2.8000000000000003,-,2.5300000000000002,-,2.5300000000000002,-,3.774,-,2.2,-,2.8000000000000003,-,2.5300000000000002,-,The phrase (_original) means the data has not had the nighttime offset subtracted (or any other adjustments).
Time Zone (+ East):,-8.,-,-,-,-,Sample Method:,Avg,-,-,-,Avg,-,-,-,Avg,-,Avg,-,Avg,-,Data that has been (computed) was calculated from measured columns.
Time Interval (Minutes):,5,-,-,-,-,Units:,W/m^2,-,W/m^2,-,W/m^2,-,W/m^2,-,C,-,W/m^2,-,W/m^2,-,Date this file was created: 2019-7-16
Year//Month,1981//02,-,-,-,-,Column Notes:,AdjustedColumn,-,CalculatedColumn,-,AdjustedColumn,-,CalculatedColumn,-,MeasuredColumn,-,MeasuredColumn,-,MeasuredColumn,-,This file was created using code: AAA Check data (2019-07-10).nb
-,-,-,-,-,-,-,-,-,-,-,-,-,-,-,-,-,-,-,-,-,SZA horizon boundaries (East/West): 88/89
MARCH,MARCH,MARCH,MARCH,MARCH,MARCH,MARCH,MARCH,MARCH,MARCH,MARCH,MARCH,MARCH,MARCH,MARCH,MARCH,MARCH,MARCH,MARCH,MARCH,MARCH,MARCH
Station ID Number:,94169,-,-,-,-,Type of Measurement:,GHI,GHI_Flag,DrHI_Calc,DrHI_Calc_Flag,DNI,DNI_Flag,DHI_Calc,DHI_Calc_Flag,Temperature,Temperature_Flag,GHI_original,GHI_original_Flag,DNI_original,DNI_original_Flag,NOTES
Station Name:,HEO,-,-,-,-,Element:,1000,-,2000,-,2010,-,3000,-,9300,-,1000_original,-,2010_original,-,Contact Info: http://solardat.uoregon.edu
Station Location:,Hermiston_Oregon_USA,-,-,-,-,Instrument Serial Number:,PSP(17854F3),-,NIP(17668E6),-,NIP(17668E6),-,Computed from GHI and DNI,-,TEMP(HEO),-,PSP(17854F3),-,NIP(17668E6),-,File format description at: http://solardat.uoregon.edu/download/Papers/Structure_of_a_comprehensive_solar_radiation_dataset_ASES_2017_Final.pdf
Latitude:,45.818441,-,-,-,-,Instrument Shorthand Name:,PSP5,-,-,-,NIP4,-,-,-,TEMP(HEO),-,PSP5,-,NIP4,-,Flag description at: http://solardat.uoregon.edu/QualityControlFlags.html
Longitude (+ East):,-119.284721,-,-,-,-,Responsivity:,7.390000000000001,microV/(W/m^2),-,-,8.72,microV/(W/m^2),-,-,36.111110000000004,microV?/C,7.390000000000001,microV/(W/m^2),8.72,microV/(W/m^2),Data has been calibrated using the responsivity values listed 
Altitude (m):,188.,-,-,-,-,Estimated Uncertainty (U95%):,2.8000000000000003,-,2.5300000000000002,-,2.5300000000000002,-,3.774,-,2.2,-,2.8000000000000003,-,2.5300000000000002,-,The phrase (_original) means the data has not had the nighttime offset subtracted (or any other adjustments).
Time Zone (+ East):,-8.,-,-,-,-,Sample Method:,Avg,-,-,-,Avg,-,-,-,Avg,-,Avg,-,Avg,-,Data that has been (computed) was calculated from measured columns.
Time Interval (Minutes):,5,-,-,-,-,Units:,W/m^2,-,W/m^2,-,W/m^2,-,W/m^2,-,C,-,W/m^2,-,W/m^2,-,Date this file was created: 2019-7-16
Year//Month,1981//03,-,-,-,-,Column Notes:,AdjustedColumn,-,CalculatedColumn,-,AdjustedColumn,-,CalculatedColumn,-,MeasuredColumn,-,MeasuredColumn,-,MeasuredColumn,-,This file was created using code: AAA Check data (2019-07-10).nb
-,-,-,-,-,-,-,-,-,-,-,-,-,-,-,-,-,-,-,-,-,SZA horizon boundaries (East/West): 88/89
APRIL,APRIL,APRIL,APRIL,APRIL,APRIL,APRIL,APRIL,APRIL,APRIL,APRIL,APRIL,APRIL,APRIL,APRIL,APRIL,APRIL,APRIL,APRIL,APRIL,APRIL,APRIL
Station ID Number:,94169,-,-,-,-,Type of Measurement:,GHI,GHI_Flag,DrHI_Calc,DrHI_Calc_Flag,DNI,DNI_Flag,DHI_Calc,DHI_Calc_Flag,Temperature,Temperature_Flag,GHI_original,GHI_original_Flag,DNI_original,DNI_original_Flag,NOTES
Station Name:,HEO,-,-,-,-,Element:,1000,-,2000,-,2010,-,3000,-,9300,-,1000_original,-,2010_original,-,Contact Info: http://solardat.uoregon.edu
Station Location:,Hermiston_Oregon_USA,-,-,-,-,Instrument Serial Number:,PSP(17854F3),-,NIP(17668E6),-,NIP(17668E6),-,Computed from GHI and DNI,-,TEMP(HEO),-,PSP(17854F3),-,NIP(17668E6),-,File format description at: http://solardat.uoregon.edu/download/Papers/Structure_of_a_comprehensive_solar_radiation_dataset_ASES_2017_Final.pdf
Latitude:,45.818441,-,-,-,-,Instrument Shorthand Name:,PSP5,-,-,-,NIP4,-,-,-,TEMP(HEO),-,PSP5,-,NIP4,-,Flag description at: http://solardat.uoregon.edu/QualityControlFlags.html
Longitude (+ East):,-119.284721,-,-,-,-,Responsivity:,7.390000000000001,microV/(W/m^2),-,-,8.72,microV/(W/m^2),-,-,36.111110000000004,microV?/C,7.390000000000001,microV/(W/m^2),8.72,microV/(W/m^2),Data has been calibrated using the responsivity values listed 
Altitude (m):,188.,-,-,-,-,Estimated Uncertainty (U95%):,2.8000000000000003,-,2.5300000000000002,-,2.5300000000000002,-,3.774,-,2.2,-,2.8000000000000003,-,2.5300000000000002,-,The phrase (_original) means the data has not had the nighttime offset subtracted (or any other adjustments).
Time Zone (+ East):,-8.,-,-,-,-,Sample Method:,Avg,-,-,-,Avg,-,-,-,Avg,-,Avg,-,Avg,-,Data that has been (computed) was calculated from measured columns.
Time Interval (Minutes):,5,-,-,-,-,Units:,W/m^2,-,W/m^2,-,W/m^2,-,W/m^2,-,C,-,W/m^2,-,W/m^2,-,Date this file was created: 2019-7-16
Year//Month,1981//04,-,-,-,-,Column Notes:,AdjustedColumn,-,CalculatedColumn,-,AdjustedColumn,-,CalculatedColumn,-,MeasuredColumn,-,MeasuredColumn,-,MeasuredColumn,-,This file was created using code: AAA Check data (2019-07-10).nb
-,-,-,-,-,-,-,-,-,-,-,-,-,-,-,-,-,-,-,-,-,SZA horizon boundaries (East/West): 88/89
MAY,MAY,MAY,MAY,MAY,MAY,MAY,MAY,MAY,MAY,MAY,MAY,MAY,MAY,MAY,MAY,MAY,MAY,MAY,MAY,MAY,MAY
Station ID Number:,94169,-,-,-,-,Type of Measurement:,GHI,GHI_Flag,DrHI_Calc,DrHI_Calc_Flag,DNI,DNI_Flag,DHI_Calc,DHI_Calc_Flag,Temperature,Temperature_Flag,GHI_original,GHI_original_Flag,DNI_original,DNI_original_Flag,NOTES
Station Name:,HEO,-,-,-,-,Element:,1000,-,2000,-,2010,-,3000,-,9300,-,1000_original,-,2010_original,-,Contact Info: http://solardat.uoregon.edu
Station Location:,Hermiston_Oregon_USA,-,-,-,-,Instrument Serial Number:,PSP(17854F3),-,NIP(17668E6),-,NIP(17668E6),-,Computed from GHI and DNI,-,TEMP(HEO),-,PSP(17854F3),-,NIP(17668E6),-,File format description at: http://solardat.uoregon.edu/download/Papers/Structure_of_a_comprehensive_solar_radiation_dataset_ASES_2017_Final.pdf
Latitude:,45.818441,-,-,-,-,Instrument Shorthand Name:,PSP5,-,-,-,NIP4,-,-,-,TEMP(HEO),-,PSP5,-,NIP4,-,Flag description at: http://solardat.uoregon.edu/QualityControlFlags.html
Longitude (+ East):,-119.284721,-,-,-,-,Responsivity:,7.390000000000001,microV/(W/m^2),-,-,8.72,microV/(W/m^2),-,-,36.111110000000004,microV?/C,7.390000000000001,microV/(W/m^2),8.72,microV/(W/m^2),Data has been calibrated using the responsivity values listed 
Altitude (m):,188.,-,-,-,-,Estimated Uncertainty (U95%):,2.8000000000000003,-,2.5300000000000002,-,2.5300000000000002,-,3.774,-,2.2,-,2.8000000000000003,-,2.5300000000000002,-,The phrase (_original) means the data has not had the nighttime offset subtracted (or any other adjustments).
Time Zone (+ East):,-8.,-,-,-,-,Sample Method:,Avg,-,-,-,Avg,-,-,-,Avg,-,Avg,-,Avg,-,Data that has been (computed) was calculated from measured columns.
Time Interval (Minutes):,5,-,-,-,-,Units:,W/m^2,-,W/m^2,-,W/m^2,-,W/m^2,-,C,-,W/m^2,-,W/m^2,-,Date this file was created: 2019-7-16
Year//Month,1981//05,-,-,-,-,Column Notes:,AdjustedColumn,-,CalculatedColumn,-,AdjustedColumn,-,CalculatedColumn,-,MeasuredColumn,-,MeasuredColumn,-,MeasuredColumn,-,This file was created using code: AAA Check data (2019-07-10).nb
-,-,-,-,-,-,-,-,-,-,-,-,-,-,-,-,-,-,-,-,-,SZA horizon boundaries (East/West): 88/89
JUNE,JUNE,JUNE,JUNE,JUNE,JUNE,JUNE,JUNE,JUNE,JUNE,JUNE,JUNE,JUNE,JUNE,JUNE,JUNE,JUNE,JUNE,JUNE,JUNE,JUNE,JUNE
Station ID Number:,94169,-,-,-,-,Type of Measurement:,GHI,GHI_Flag,DrHI_Calc,DrHI_Calc_Flag,DNI,DNI_Flag,DHI_Calc,DHI_Calc_Flag,Temperature,Temperature_Flag,GHI_original,GHI_original_Flag,DNI_original,DNI_original_Flag,NOTES
Station Name:,HEO,-,-,-,-,Element:,1000,-,2000,-,2010,-,3000,-,9300,-,1000_original,-,2010_original,-,Contact Info: http://solardat.uoregon.edu
Station Location:,Hermiston_Oregon_USA,-,-,-,-,Instrument Serial Number:,PSP(17854F3),-,NIP(17668E6),-,NIP(17668E6),-,Computed from GHI and DNI,-,TEMP(HEO),-,PSP(17854F3),-,NIP(17668E6),-,File format description at: http://solardat.uoregon.edu/download/Papers/Structure_of_a_comprehensive_solar_radiation_dataset_ASES_2017_Final.pdf
Latitude:,45.818441,-,-,-,-,Instrument Shorthand Name:,PSP5,-,-,-,NIP4,-,-,-,TEMP(HEO),-,PSP5,-,NIP4,-,Flag description at: http://solardat.uoregon.edu/QualityControlFlags.html
Longitude (+ East):,-119.284721,-,-,-,-,Responsivity:,7.390000000000001,microV/(W/m^2),-,-,8.72,microV/(W/m^2),-,-,36.111110000000004,microV?/C,7.390000000000001,microV/(W/m^2),8.72,microV/(W/m^2),Data has been calibrated using the responsivity values listed 
Altitude (m):,188.,-,-,-,-,Estimated Uncertainty (U95%):,2.8000000000000003,-,2.5300000000000002,-,2.5300000000000002,-,3.774,-,2.2,-,2.8000000000000003,-,2.5300000000000002,-,The phrase (_original) means the data has not had the nighttime offset subtracted (or any other adjustments).
Time Zone (+ East):,-8.,-,-,-,-,Sample Method:,Avg,-,-,-,Avg,-,-,-,Avg,-,Avg,-,Avg,-,Data that has been (computed) was calculated from measured columns.
Time Interval (Minutes):,5,-,-,-,-,Units:,W/m^2,-,W/m^2,-,W/m^2,-,W/m^2,-,C,-,W/m^2,-,W/m^2,-,Date this file was created: 2019-7-16
Year//Month,1981//06,-,-,-,-,Column Notes:,AdjustedColumn,-,CalculatedColumn,-,AdjustedColumn,-,CalculatedColumn,-,MeasuredColumn,-,MeasuredColumn,-,MeasuredColumn,-,This file was created using code: AAA Check data (2019-07-10).nb
-,-,-,-,-,-,-,-,-,-,-,-,-,-,-,-,-,-,-,-,-,SZA horizon boundaries (East/West): 88/89
JULY,JULY,JULY,JULY,JULY,JULY,JULY,JULY,JULY,JULY,JULY,JULY,JULY,JULY,JULY,JULY,JULY,JULY,JULY,JULY,JULY,JULY
Station ID Number:,94169,-,-,-,-,Type of Measurement:,GHI,GHI_Flag,DrHI_Calc,DrHI_Calc_Flag,DNI,DNI_Flag,DHI_Calc,DHI_Calc_Flag,Temperature,Temperature_Flag,GHI_original,GHI_original_Flag,DNI_original,DNI_original_Flag,NOTES
Station Name:,HEO,-,-,-,-,Element:,1000,-,2000,-,2010,-,3000,-,9300,-,1000_original,-,2010_original,-,Contact Info: http://solardat.uoregon.edu
Station Location:,Hermiston_Oregon_USA,-,-,-,-,Instrument Serial Number:,PSP(17854F3),-,NIP(17668E6),-,NIP(17668E6),-,Computed from GHI and DNI,-,TEMP(HEO),-,PSP(17854F3),-,NIP(17668E6),-,File format description at: http://solardat.uoregon.edu/download/Papers/Structure_of_a_comprehensive_solar_radiation_dataset_ASES_2017_Final.pdf
Latitude:,45.818441,-,-,-,-,Instrument Shorthand Name:,PSP5,-,-,-,NIP4,-,-,-,TEMP(HEO),-,PSP5,-,NIP4,-,Flag description at: http://solardat.uoregon.edu/QualityControlFlags.html
Longitude (+ East):,-119.284721,-,-,-,-,Responsivity:,7.390000000000001,microV/(W/m^2),-,-,8.72,microV/(W/m^2),-,-,36.111110000000004,microV?/C,7.390000000000001,microV/(W/m^2),8.72,microV/(W/m^2),Data has been calibrated using the responsivity values listed 
Altitude (m):,188.,-,-,-,-,Estimated Uncertainty (U95%):,2.8000000000000003,-,2.5300000000000002,-,2.5300000000000002,-,3.774,-,2.2,-,2.8000000000000003,-,2.5300000000000002,-,The phrase (_original) means the data has not had the nighttime offset subtracted (or any other adjustments).
Time Zone (+ East):,-8.,-,-,-,-,Sample Method:,Avg,-,-,-,Avg,-,-,-,Avg,-,Avg,-,Avg,-,Data that has been (computed) was calculated from measured columns.
Time Interval (Minutes):,5,-,-,-,-,Units:,W/m^2,-,W/m^2,-,W/m^2,-,W/m^2,-,C,-,W/m^2,-,W/m^2,-,Date this file was created: 2019-7-17
Year//Month,1981//07,-,-,-,-,Column Notes:,AdjustedColumn,-,CalculatedColumn,-,AdjustedColumn,-,CalculatedColumn,-,MeasuredColumn,-,MeasuredColumn,-,MeasuredColumn,-,This file was created using code: AAA Check data (2019-07-10).nb
-,-,-,-,-,-,-,-,-,-,-,-,-,-,-,-,-,-,-,-,-,SZA horizon boundaries (East/West): 88/89
AUGUST,AUGUST,AUGUST,AUGUST,AUGUST,AUGUST,AUGUST,AUGUST,AUGUST,AUGUST,AUGUST,AUGUST,AUGUST,AUGUST,AUGUST,AUGUST,AUGUST,AUGUST,AUGUST,AUGUST,AUGUST,AUGUST
Station ID Number:,94169,-,-,-,-,Type of Measurement:,GHI,GHI_Flag,DrHI_Calc,DrHI_Calc_Flag,DNI,DNI_Flag,DHI_Calc,DHI_Calc_Flag,Temperature,Temperature_Flag,GHI_original,GHI_original_Flag,DNI_original,DNI_original_Flag,NOTES
Station Name:,HEO,-,-,-,-,Element:,1000,-,2000,-,2010,-,3000,-,9300,-,1000_original,-,2010_original,-,Contact Info: http://solardat.uoregon.edu
Station Location:,Hermiston_Oregon_USA,-,-,-,-,Instrument Serial Number:,PSP(17854F3),-,NIP(17668E6),-,NIP(17668E6),-,Computed from GHI and DNI,-,TEMP(HEO),-,PSP(17854F3),-,NIP(17668E6),-,File format description at: http://solardat.uoregon.edu/download/Papers/Structure_of_a_comprehensive_solar_radiation_dataset_ASES_2017_Final.pdf
Latitude:,45.818441,-,-,-,-,Instrument Shorthand Name:,PSP5,-,-,-,NIP4,-,-,-,TEMP(HEO),-,PSP5,-,NIP4,-,Flag description at: http://solardat.uoregon.edu/QualityControlFlags.html
Longitude (+ East):,-119.284721,-,-,-,-,Responsivity:,7.390000000000001,microV/(W/m^2),-,-,8.72,microV/(W/m^2),-,-,36.111110000000004,microV?/C,7.390000000000001,microV/(W/m^2),8.72,microV/(W/m^2),Data has been calibrated using the responsivity values listed 
Altitude (m):,188.,-,-,-,-,Estimated Uncertainty (U95%):,2.8000000000000003,-,2.5300000000000002,-,2.5300000000000002,-,3.774,-,2.2,-,2.8000000000000003,-,2.5300000000000002,-,The phrase (_original) means the data has not had the nighttime offset subtracted (or any other adjustments).
Time Zone (+ East):,-8.,-,-,-,-,Sample Method:,Avg,-,-,-,Avg,-,-,-,Avg,-,Avg,-,Avg,-,Data that has been (computed) was calculated from measured columns.
Time Interval (Minutes):,5,-,-,-,-,Units:,W/m^2,-,W/m^2,-,W/m^2,-,W/m^2,-,C,-,W/m^2,-,W/m^2,-,Date this file was created: 2019-7-17
Year//Month,1981//08,-,-,-,-,Column Notes:,AdjustedColumn,-,CalculatedColumn,-,AdjustedColumn,-,CalculatedColumn,-,MeasuredColumn,-,MeasuredColumn,-,MeasuredColumn,-,This file was created using code: AAA Check data (2019-07-10).nb
-,-,-,-,-,-,-,-,-,-,-,-,-,-,-,-,-,-,-,-,-,SZA horizon boundaries (East/West): 88/89
SEPTEMBER,SEPTEMBER,SEPTEMBER,SEPTEMBER,SEPTEMBER,SEPTEMBER,SEPTEMBER,SEPTEMBER,SEPTEMBER,SEPTEMBER,SEPTEMBER,SEPTEMBER,SEPTEMBER,SEPTEMBER,SEPTEMBER,SEPTEMBER,SEPTEMBER,SEPTEMBER,SEPTEMBER,SEPTEMBER,SEPTEMBER,SEPTEMBER
Station ID Number:,94169,-,-,-,-,Type of Measurement:,GHI,GHI_Flag,DrHI_Calc,DrHI_Calc_Flag,DNI,DNI_Flag,DHI_Calc,DHI_Calc_Flag,Temperature,Temperature_Flag,GHI_original,GHI_original_Flag,DNI_original,DNI_original_Flag,NOTES
Station Name:,HEO,-,-,-,-,Element:,1000,-,2000,-,2010,-,3000,-,9300,-,1000_original,-,2010_original,-,Contact Info: http://solardat.uoregon.edu
Station Location:,Hermiston_Oregon_USA,-,-,-,-,Instrument Serial Number:,PSP(17854F3),-,NIP(17668E6),-,NIP(17668E6),-,Computed from GHI and DNI,-,TEMP(HEO),-,PSP(17854F3),-,NIP(17668E6),-,File format description at: http://solardat.uoregon.edu/download/Papers/Structure_of_a_comprehensive_solar_radiation_dataset_ASES_2017_Final.pdf
Latitude:,45.818441,-,-,-,-,Instrument Shorthand Name:,PSP5,-,-,-,NIP4,-,-,-,TEMP(HEO),-,PSP5,-,NIP4,-,Flag description at: http://solardat.uoregon.edu/QualityControlFlags.html
Longitude (+ East):,-119.284721,-,-,-,-,Responsivity:,7.390000000000001,microV/(W/m^2),-,-,8.72,microV/(W/m^2),-,-,36.111110000000004,microV?/C,7.390000000000001,microV/(W/m^2),8.72,microV/(W/m^2),Data has been calibrated using the responsivity values listed 
Altitude (m):,188.,-,-,-,-,Estimated Uncertainty (U95%):,2.8000000000000003,-,2.5300000000000002,-,2.5300000000000002,-,3.774,-,2.2,-,2.8000000000000003,-,2.5300000000000002,-,The phrase (_original) means the data has not had the nighttime offset subtracted (or any other adjustments).
Time Zone (+ East):,-8.,-,-,-,-,Sample Method:,Avg,-,-,-,Avg,-,-,-,Avg,-,Avg,-,Avg,-,Data that has been (computed) was calculated from measured columns.
Time Interval (Minutes):,5,-,-,-,-,Units:,W/m^2,-,W/m^2,-,W/m^2,-,W/m^2,-,C,-,W/m^2,-,W/m^2,-,Date this file was created: 2019-7-17
Year//Month,1981//09,-,-,-,-,Column Notes:,AdjustedColumn,-,CalculatedColumn,-,AdjustedColumn,-,CalculatedColumn,-,MeasuredColumn,-,MeasuredColumn,-,MeasuredColumn,-,This file was created using code: AAA Check data (2019-07-10).nb
-,-,-,-,-,-,-,-,-,-,-,-,-,-,-,-,-,-,-,-,-,SZA horizon boundaries (East/West): 88/89
OCTOBER,OCTOBER,OCTOBER,OCTOBER,OCTOBER,OCTOBER,OCTOBER,OCTOBER,OCTOBER,OCTOBER,OCTOBER,OCTOBER,OCTOBER,OCTOBER,OCTOBER,OCTOBER,OCTOBER,OCTOBER,OCTOBER,OCTOBER,OCTOBER,OCTOBER
Station ID Number:,94169,-,-,-,-,Type of Measurement:,GHI,GHI_Flag,DrHI_Calc,DrHI_Calc_Flag,DNI,DNI_Flag,DHI_Calc,DHI_Calc_Flag,Temperature,Temperature_Flag,GHI_original,GHI_original_Flag,DNI_original,DNI_original_Flag,NOTES
Station Name:,HEO,-,-,-,-,Element:,1000,-,2000,-,2010,-,3000,-,9300,-,1000_original,-,2010_original,-,Contact Info: http://solardat.uoregon.edu
Station Location:,Hermiston_Oregon_USA,-,-,-,-,Instrument Serial Number:,PSP(17854F3),-,NIP(17668E6),-,NIP(17668E6),-,Computed from GHI and DNI,-,TEMP(HEO),-,PSP(17854F3),-,NIP(17668E6),-,File format description at: http://solardat.uoregon.edu/download/Papers/Structure_of_a_comprehensive_solar_radiation_dataset_ASES_2017_Final.pdf
Latitude:,45.818441,-,-,-,-,Instrument Shorthand Name:,PSP5,-,-,-,NIP4,-,-,-,TEMP(HEO),-,PSP5,-,NIP4,-,Flag description at: http://solardat.uoregon.edu/QualityControlFlags.html
Longitude (+ East):,-119.284721,-,-,-,-,Responsivity:,7.390000000000001,microV/(W/m^2),-,-,8.72,microV/(W/m^2),-,-,36.111110000000004,microV?/C,7.390000000000001,microV/(W/m^2),8.72,microV/(W/m^2),Data has been calibrated using the responsivity values listed 
Altitude (m):,188.,-,-,-,-,Estimated Uncertainty (U95%):,2.8000000000000003,-,2.5300000000000002,-,2.5300000000000002,-,3.774,-,2.2,-,2.8000000000000003,-,2.5300000000000002,-,The phrase (_original) means the data has not had the nighttime offset subtracted (or any other adjustments).
Time Zone (+ East):,-8.,-,-,-,-,Sample Method:,Avg,-,-,-,Avg,-,-,-,Avg,-,Avg,-,Avg,-,Data that has been (computed) was calculated from measured columns.
Time Interval (Minutes):,5,-,-,-,-,Units:,W/m^2,-,W/m^2,-,W/m^2,-,W/m^2,-,C,-,W/m^2,-,W/m^2,-,Date this file was created: 2019-7-17
Year//Month,1981//10,-,-,-,-,Column Notes:,AdjustedColumn,-,CalculatedColumn,-,AdjustedColumn,-,CalculatedColumn,-,MeasuredColumn,-,MeasuredColumn,-,MeasuredColumn,-,This file was created using code: AAA Check data (2019-07-10).nb
-,-,-,-,-,-,-,-,-,-,-,-,-,-,-,-,-,-,-,-,-,SZA horizon boundaries (East/West): 88/89
NOVEMBER,NOVEMBER,NOVEMBER,NOVEMBER,NOVEMBER,NOVEMBER,NOVEMBER,NOVEMBER,NOVEMBER,NOVEMBER,NOVEMBER,NOVEMBER,NOVEMBER,NOVEMBER,NOVEMBER,NOVEMBER,NOVEMBER,NOVEMBER,NOVEMBER,NOVEMBER,NOVEMBER,NOVEMBER
Station ID Number:,94169,-,-,-,-,Type of Measurement:,GHI,GHI_Flag,DrHI_Calc,DrHI_Calc_Flag,DNI,DNI_Flag,DHI_Calc,DHI_Calc_Flag,Temperature,Temperature_Flag,GHI_original,GHI_original_Flag,DNI_original,DNI_original_Flag,NOTES
Station Name:,HEO,-,-,-,-,Element:,1000,-,2000,-,2010,-,3000,-,9300,-,1000_original,-,2010_original,-,Contact Info: http://solardat.uoregon.edu
Station Location:,Hermiston_Oregon_USA,-,-,-,-,Instrument Serial Number:,PSP(17854F3),-,NIP(17668E6),-,NIP(17668E6),-,Computed from GHI and DNI,-,TEMP(HEO),-,PSP(17854F3),-,NIP(17668E6),-,File format description at: http://solardat.uoregon.edu/download/Papers/Structure_of_a_comprehensive_solar_radiation_dataset_ASES_2017_Final.pdf
Latitude:,45.818441,-,-,-,-,Instrument Shorthand Name:,PSP5,-,-,-,NIP4,-,-,-,TEMP(HEO),-,PSP5,-,NIP4,-,Flag description at: http://solardat.uoregon.edu/QualityControlFlags.html
Longitude (+ East):,-119.284721,-,-,-,-,Responsivity:,7.390000000000001,microV/(W/m^2),-,-,8.72,microV/(W/m^2),-,-,36.111110000000004,microV?/C,7.390000000000001,microV/(W/m^2),8.72,microV/(W/m^2),Data has been calibrated using the responsivity values listed 
Altitude (m):,188.,-,-,-,-,Estimated Uncertainty (U95%):,2.8000000000000003,-,2.5300000000000002,-,2.5300000000000002,-,3.774,-,2.2,-,2.8000000000000003,-,2.5300000000000002,-,The phrase (_original) means the data has not had the nighttime offset subtracted (or any other adjustments).
Time Zone (+ East):,-8.,-,-,-,-,Sample Method:,Avg,-,-,-,Avg,-,-,-,Avg,-,Avg,-,Avg,-,Data that has been (computed) was calculated from measured columns.
Time Interval (Minutes):,5,-,-,-,-,Units:,W/m^2,-,W/m^2,-,W/m^2,-,W/m^2,-,C,-,W/m^2,-,W/m^2,-,Date this file was created: 2019-7-17
Year//Month,1981//11,-,-,-,-,Column Notes:,AdjustedColumn,-,CalculatedColumn,-,AdjustedColumn,-,CalculatedColumn,-,MeasuredColumn,-,MeasuredColumn,-,MeasuredColumn,-,This file was created using code: AAA Check data (2019-07-10).nb
-,-,-,-,-,-,-,-,-,-,-,-,-,-,-,-,-,-,-,-,-,SZA horizon boundaries (East/West): 88/89
DECEMBER,DECEMBER,DECEMBER,DECEMBER,DECEMBER,DECEMBER,DECEMBER,DECEMBER,DECEMBER,DECEMBER,DECEMBER,DECEMBER,DECEMBER,DECEMBER,DECEMBER,DECEMBER,DECEMBER,DECEMBER,DECEMBER,DECEMBER,DECEMBER,DECEMBER
Station ID Number:,94169,-,-,-,-,Type of Measurement:,GHI,GHI_Flag,DrHI_Calc,DrHI_Calc_Flag,DNI,DNI_Flag,DHI_Calc,DHI_Calc_Flag,Temperature,Temperature_Flag,GHI_original,GHI_original_Flag,DNI_original,DNI_original_Flag,NOTES
Station Name:,HEO,-,-,-,-,Element:,1000,-,2000,-,2010,-,3000,-,9300,-,1000_original,-,2010_original,-,Contact Info: http://solardat.uoregon.edu
Station Location:,Hermiston_Oregon_USA,-,-,-,-,Instrument Serial Number:,PSP(17854F3),-,NIP(17668E6),-,NIP(17668E6),-,Computed from GHI and DNI,-,TEMP(HEO),-,PSP(17854F3),-,NIP(17668E6),-,File format description at: http://solardat.uoregon.edu/download/Papers/Structure_of_a_comprehensive_solar_radiation_dataset_ASES_2017_Final.pdf
Latitude:,45.818441,-,-,-,-,Instrument Shorthand Name:,PSP5,-,-,-,NIP4,-,-,-,TEMP(HEO),-,PSP5,-,NIP4,-,Flag description at: http://solardat.uoregon.edu/QualityControlFlags.html
Longitude (+ East):,-119.284721,-,-,-,-,Responsivity:,7.390000000000001,microV/(W/m^2),-,-,8.72,microV/(W/m^2),-,-,36.111110000000004,microV?/C,7.390000000000001,microV/(W/m^2),8.72,microV/(W/m^2),Data has been calibrated using the responsivity values listed 
Altitude (m):,188.,-,-,-,-,Estimated Uncertainty (U95%):,2.8000000000000003,-,2.5300000000000002,-,2.5300000000000002,-,3.774,-,2.2,-,2.8000000000000003,-,2.5300000000000002,-,The phrase (_original) means the data has not had the nighttime offset subtracted (or any other adjustments).
Time Zone (+ East):,-8.,-,-,-,-,Sample Method:,Avg,-,-,-,Avg,-,-,-,Avg,-,Avg,-,Avg,-,Data that has been (computed) was calculated from measured columns.
Time Interval (Minutes):,5,-,-,-,-,Units:,W/m^2,-,W/m^2,-,W/m^2,-,W/m^2,-,C,-,W/m^2,-,W/m^2,-,Date this file was created: 2019-7-17
Year//Month,1981//12,-,-,-,-,Column Notes:,AdjustedColumn,-,CalculatedColumn,-,AdjustedColumn,-,CalculatedColumn,-,MeasuredColumn,-,MeasuredColumn,-,MeasuredColumn,-,This file was created using code: AAA Check data (2019-07-10).nb
-,-,-,-,-,-,-,-,-,-,-,-,-,-,-,-,-,-,-,-,-,SZA horizon boundaries (East/West): 88/89
