Station ID Number:,94291,-,-.1,-.2,-.3,Type of Measurement:,GHI,GHI_Flag,DrHI_Calc,DrHI_Calc_Flag,DNI,DNI_Flag,DHI_Calc,DHI_Calc_Flag,Temperature,Temperature_Flag,GHI_original,GHI_original_Flag,DNI_original,DNI_original_Flag,NOTES
Station Name:,STW,-,-,-,-,Element:,1000,-,2000,-,2010,-,3000,-,9300,-,1000_original,-,2010_original,-,Contact Info: http://solardat.uoregon.edu
Station Location:,Seattle_Washington_USA,-,-,-,-,Instrument Serial Number:,PSP(23620F3),-,NIP(17009E6),-,NIP(17009E6),-,Computed from GHI and DNI,-,Temperature(STW),-,PSP(23620F3),-,NIP(17009E6),-,Element description at: http://solardat.uoregon.edu/DataElementNumbers.html
Latitude:,47.653871,-,-,-,-,Instrument Shorthand Name:,PSP(10),-,-,-,NIP(11),-,-,-,TEMP(STW),-,PSP(10),-,NIP(11),-,Flag description at: http://solardat.uoregon.edu/QualityControlFlags.html
Longitude (+ East):,-122.309481,-,-,-,-,Responsivity:,8.2956,microV/(W/m^2),-,-,8.3514,microV/(W/m^2),-,-,1000.0000000000001,microV?/C,8.2956,microV/(W/m^2),8.3514,microV/(W/m^2),Data has been calibrated using the responsivity values listed 
Altitude (m):,30.,-,-,-,-,Estimated Uncertainty (U95%):,2.5420000000000003,-,2.75,-,2.75,-,3.745,-,2.2,-,2.5420000000000003,-,2.75,-,The phrase (_original) means the data has not had the nighttime offset subtracted.
Time Zone (+ East):,-8.,-,-,-,-,Sample Method:,Avg,-,-,-,Avg,-,-,-,Avg,-,Avg,-,Avg,-,Data that has been (computed) was calculated from measured columns.
Time Interval (Minutes):,1,-,-,-,-,Units:,W/m^2,-,W/m^2,-,W/m^2,-,W/m^2,-,C,-,W/m^2,-,W/m^2,-,Date this file was created: 2018-10-19
Year//Month,2016//01,-,-,-,-,Column Notes:,AdjustedColumn,-,CalculatedColumn,-,AdjustedColumn,-,CalculatedColumn,-,MeasuredColumn,-,MeasuredColumn,-,MeasuredColumn,-,This file was created using code: Check data (2018-10-17).nb
-,-,-,-,-,-,-,-,-,-,-,-,-,-,-,-,-,-,-,-,-,-
YYYY//MM//DD,Day of year,Time Sunrise (HH::MM:SS),Time Sunset (HH::MM:SS),Time Solar Noon (HH::MM:SS),Daily Total Energy ETR (kW h/m^2),Daily Total Energy ETRn (kW h/m^2),Daily Total Energy (kWh/m^2),Daily Total Uncertainty (U95%),Daily Total Energy (kWh/m^2),Daily Total Uncertainty (U95%),Daily Total Energy (kWh/m^2),Daily Total Uncertainty (U95%),Daily Total Energy (kWh/m^2),Daily Total Uncertainty (U95%),Minimum daily value,Maximum daily value,Average Nighttime Value,Standard Deviation Nighttime,Average Nighttime Value,Standard Deviation Nighttime,Assorted Daily Values (Rows 12 - 42)
2016//1//1,1,07::58:30,16::27:07,12::12:43,2.551,11.878,1.641,4.077,-,-,-,-,-,-,-0.02,10.74,-4.1481,0.2528,-0.5149,0.5052,-
2016//1//2,2,07::58:29,16::28:05,12::13:11,2.567,11.902000000000001,1.623,4.107,-,-,-,-,-,-,-0.47000000000000003,9.27,-4.384,0.3668,-0.5396000000000001,0.49060000000000004,-
2016//1//3,3,07::58:24,16::29:06,12::13:39,2.584,11.926,0.549,11.906,-,-,-,-,-,-,1.5,5.6000000000000005,-3.6201000000000003,1.0799,-0.2937,0.381,-
2016//1//4,4,07::58:17,16::30:08,12::14:06,2.603,11.972,0.372,17.603,-,-,-,-,-,-,1.99,3.79,-3.3400000000000003,0.7291000000000001,-0.1841,0.2807,-
2016//1//5,5,07::58:07,16::31:13,12::14:33,2.623,11.996,0.396,15.929,-,-,-,-,-,-,3.18,7.33,-2.8754,0.6950000000000001,-0.0975,0.2787,-
2016//1//6,6,07::57:54,16::32:19,12::15:00,2.644,12.019,1.44,4.565,-,-,-,-,-,-,4.8500000000000005,14.030000000000001,-3.6407000000000003,0.5587,-0.3118,0.42960000000000004,-
2016//1//7,7,07::57:39,16::33:28,12::15:26,2.6670000000000003,12.042,0.66,9.994,-,-,-,-,-,-,3.11,7.71,-2.9184,0.616,-0.20520000000000002,0.29710000000000003,-
2016//1//8,8,07::57:21,16::34:38,12::15:51,2.691,12.112,1.314,5.072,-,-,-,-,-,-,4.24,10.73,-3.212,0.779,-0.251,0.2904,-
2016//1//9,9,07::56:59,16::35:51,12::16:16,2.716,12.134,1.115,6.039,0.545,3.331,2.113,2.88,0.5700000000000001,11.694,1.25,11.790000000000001,-3.1632000000000002,0.6544,-0.1126,0.2797,-
2016//1//10,10,07::56:35,16::37:05,12::16:41,2.743,12.157,1.723,3.935,1.544,2.771,6.002,2.7520000000000002,0.179,36.821,3.34,12.69,-3.4596,0.8764000000000001,-0.2639,0.4182,-
2016//1//11,11,07::56:08,16::38:20,12::17:05,2.771,12.203,0.509,12.938,0.04,10.883000000000001,0.147,4.852,0.46900000000000003,14.166,1.6400000000000001,8.88,-3.6406,0.5238,0.0126,0.47690000000000005,-
2016//1//12,12,07::55:39,16::39:37,12::17:28,2.801,12.249,0.389,16.555,0.001,194.678,0.002,101.371,0.388,16.737000000000002,5.62,9.47,-3.8498,0.8643000000000001,0.054700000000000006,0.41000000000000003,-
2016//1//13,13,07::55:06,16::40:57,12::17:51,2.832,12.294,0.436,14.854000000000001,0.001,230.388,0.004,57.885,0.435,15.012,6.42,12.49,-3.7950000000000004,0.991,0.0855,0.5478000000000001,-
2016//1//14,14,07::54:32,16::42:16,12::18:13,2.864,12.316,1.572,4.346,1.053,2.834,3.852,2.766,0.519,13.05,4.49,11.71,-3.7425,0.7938000000000001,-0.2918,0.34590000000000004,-
2016//1//15,15,07::53:54,16::43:37,12::18:35,2.898,12.385,0.623,10.839,0.003,155.89600000000002,0.009000000000000001,55.251,0.62,11.049,1.86,8.76,-3.4222,0.8455,-0.059000000000000004,0.2762,-
2016//1//16,16,07::53:14,16::45:01,12::18:56,2.9330000000000003,12.431000000000001,0.893,7.518,0.17200000000000001,4.36,0.547,3.248,0.722,9.382,5.86,12.280000000000001,-4.2783,0.685,-0.0176,0.31880000000000003,-
2016//1//17,17,07::52:31,16::46:24,12::19:16,2.969,12.452,0.395,16.547,0.001,430.826,0.005,92.003,0.394,16.728,6.91,9.81,-3.37,0.5859,-0.040100000000000004,0.35650000000000004,-
2016//1//18,18,07::51:45,16::47:50,12::19:35,3.0060000000000002,12.521,1.211,5.759,0.247,4.015,0.706,3.1310000000000002,0.964,7.194,7.08,13.280000000000001,-4.0174,1.3521,-0.009000000000000001,0.5846,-
2016//1//19,19,07::50:57,16::49:16,12::19:54,3.045,12.565,0.382,17.488,0.001,290.289,0.003,103.291,0.381,17.681,5.95,9.620000000000001,-3.8400000000000003,0.6995,-0.1462,0.3209,-
2016//1//20,20,07::50:07,16::50:42,12::20:12,3.085,12.634,1.102,6.267,0.08600000000000001,6.434,0.24,4.045,1.016,6.906000000000001,5.93,11.74,-3.6394,1.2337,-0.0055000000000000005,0.33840000000000003,-
2016//1//21,21,07::49:14,16::52:11,12::20:29,3.126,12.678,0.18,37.781,0.,100,0.001,353.646,0.179,38.31,7.,10.4,-3.9683,0.222,-0.09920000000000001,0.2036,-
2016//1//22,22,07::48:20,16::53:39,12::20:45,3.169,12.746,1.3820000000000001,5.131,0.613,3.12,2.314,2.837,0.769,9.095,8.08,14.19,-3.9189000000000003,0.4999,-0.0801,0.3294,-
2016//1//23,23,07::47:22,16::55:09,12::21:01,3.213,12.790000000000001,0.242,27.406,0.,100,0.001,426.218,0.242,27.636,6.48,8.57,-3.2785,0.8605,-0.058,0.30710000000000004,-
2016//1//24,24,07::46:22,16::56:39,12::21:16,3.258,12.858,1.49,4.808,0.5730000000000001,3.089,2.214,2.8120000000000003,0.917,7.688,5.3,11.64,-3.5151000000000003,0.6135,-0.1549,0.3723,-
2016//1//25,25,07::45:20,16::58:11,12::21:30,3.3040000000000003,12.902000000000001,1.429,4.998,0.451,3.472,1.5350000000000001,2.906,0.978,7.29,3.2800000000000002,13.530000000000001,-3.2253000000000003,0.6708000000000001,-0.0838,0.2582,-
2016//1//26,26,07::44:16,16::59:42,12::21:44,3.351,12.969,0.422,15.887,0.002,255.155,0.005,105.748,0.42,16.097,8.08,12.700000000000001,-3.2922000000000002,1.0434,-0.1423,0.3483,-
2016//1//27,27,07::43:09,17::01:14,12::21:56,3.4,13.012,0.56,12.248000000000001,0.025,20.472,0.066,9.413,0.535,13.034,9.89,14.68,-3.7461,0.7585000000000001,-0.1776,0.3035,-
2016//1//28,28,07::42:00,17::02:47,12::22:08,3.45,13.079,1.032,7.086,0.28300000000000003,3.487,1.201,2.887,0.749,9.834,8.68,14.120000000000001,-4.155600000000001,0.3508,-0.1499,0.2711,-
2016//1//29,29,07::40:49,17::04:20,12::22:19,3.501,13.123000000000001,1.1420000000000001,6.121,0.365,3.621,1.18,3.004,0.777,8.937,6.3500000000000005,11.200000000000001,-3.4761,0.507,-0.1569,0.2501,-
2016//1//30,30,07::39:37,17::05:54,12::22:29,3.553,13.189,1.343,5.462,0.233,4.556,0.793,3.194,1.11,6.686,4.83,9.21,-3.3235,0.7031000000000001,-0.0737,0.2701,-
2016//1//31,31,07::38:23,17::07:27,12::22:38,3.606,13.256,0.779,9.254,0.007,78.41,0.061,11.038,0.772,9.42,4.21,7.76,-3.4156,0.6634,-0.14980000000000002,0.2772,-
2016//2//1,32,07::37:05,17::09:02,12::22:47,3.661,13.322000000000001,1.344,5.871,0.191,4.934,0.595,3.378,1.153,6.86,4.54,9.03,-2.8248,0.6524,-0.0522,0.2886,-
2016//2//2,33,07::35:47,17::10:36,12::22:54,3.716,13.388,2.2800000000000002,3.844,1.365,2.84,3.924,2.766,0.914,8.659,4.24,13.69,-3.1742000000000004,0.9851000000000001,-0.1384,0.3483,-
2016//2//3,34,07::34:27,17::12:11,12::23:01,3.773,13.454,0.732,10.499,0.002,165.71,0.007,47.69,0.73,10.572000000000001,5.39,9.75,-3.7086,0.7259,0.1301,0.39680000000000004,-
2016//2//4,35,07::33:04,17::13:46,12::23:07,3.83,13.52,0.728,10.804,0.002,263.329,0.006,100.029,0.726,10.88,6.63,10.28,-3.5199000000000003,0.8243,-0.032100000000000004,0.2684,-
2016//2//5,36,07::31:40,17::15:21,12::23:12,3.8890000000000002,13.562000000000001,1.1360000000000001,6.5920000000000005,0.20400000000000001,4.566,0.622,3.2560000000000002,0.932,8.093,6.32,11.950000000000001,-3.8532,0.9862000000000001,-0.1956,0.3461,-
2016//2//6,37,07::30:15,17::16:56,12::23:17,3.9490000000000003,13.651,0.772,10.288,0.004,148.611,0.011,55.505,0.768,10.415000000000001,4.69,9.81,-3.9534000000000002,0.7582,-0.2001,0.3488,-
2016//2//7,38,07::28:47,17::18:30,12::23:20,4.009,13.716000000000001,1.313,6.132000000000001,0.058,12.546,0.176,5.449,1.2550000000000001,6.555,3.7,11.870000000000001,-3.4194,0.4577,-0.15330000000000002,0.3457,-
2016//2//8,39,07::27:18,17::20:06,12::23:23,4.071,13.781,2.619,3.467,2.1430000000000002,2.778,6.306,2.758,0.47600000000000003,16.757,5.73,16.740000000000002,-3.8417000000000003,0.2676,-0.0942,0.3427,-
2016//2//9,40,07::25:47,17::21:41,12::23:25,4.133,13.846,2.134,4.162,1.1460000000000001,3.051,2.801,2.861,0.988,8.295,4.93,18.06,-4.1288,0.29460000000000003,-0.2192,0.39880000000000004,-
2016//2//10,41,07::24:16,17::23:16,12::23:26,4.197,13.911,0.668,12.023,0.02,28.931,0.051000000000000004,12.643,0.648,12.469,7.8500000000000005,13.15,-3.6666000000000003,0.881,-0.1865,0.6278,-
2016//2//11,42,07::22:42,17::24:51,12::23:27,4.261,13.976,1.053,7.484,0.013000000000000001,37.773,0.031,16.983,1.04,7.743,8.17,13.92,-3.577,0.7309,-0.0971,0.3617,-
2016//2//12,43,07::21:07,17::26:26,12::23:26,4.3260000000000005,14.040000000000001,1.825,4.863,0.9550000000000001,2.987,2.727,2.821,0.87,9.44,9.78,14.790000000000001,-4.0564,0.4645,-0.1948,0.2765,-
2016//2//13,44,07::19:31,17::28:01,12::23:25,4.392,14.104000000000001,0.725,11.133000000000001,0.002,156.672,0.007,45.273,0.724,11.195,7.11,10.25,-3.9275,1.0915000000000001,0.10210000000000001,0.5633,-
2016//2//14,45,07::17:52,17::29:35,12::23:24,4.4590000000000005,14.192,0.312,25.457,0.001,517.016,0.004,131.363,0.311,25.647000000000002,9.290000000000001,12.3,-3.7814,0.8824000000000001,-0.0611,0.2544,-
2016//2//15,46,07::16:13,17::31:10,12::23:21,4.527,14.256,0.607,13.679,0.001,319.369,0.002,163.903,0.606,13.759,9.870000000000001,12.540000000000001,-4.9503,0.6349,-0.0654,0.35810000000000003,-
2016//2//16,47,07::14:34,17::32:44,12::23:18,4.596,14.32,1.472,5.751,0.247,4.496,0.513,3.504,1.225,6.845,9.59,14.06,-3.7613000000000003,0.8137000000000001,-0.0644,0.3074,-
2016//2//17,48,07::12:51,17::34:19,12::23:14,4.665,14.383000000000001,1.108,7.574,0.032,18.18,0.088,7.831,1.076,7.9510000000000005,8.81,15.030000000000001,-3.773,0.8841,-0.08650000000000001,0.37010000000000004,-
2016//2//18,49,07::11:08,17::35:53,12::23:09,4.735,14.47,1.8860000000000001,4.647,0.515,3.414,1.3820000000000001,2.944,1.37,6.457,7.15,12.07,-3.9989000000000003,1.1087,0.0655,0.45740000000000003,-
2016//2//19,50,07::09:25,17::37:26,12::23:04,4.806,14.533,0.626,13.326,0.005,88.054,0.02,24.923000000000002,0.62,13.511000000000001,5.26,10.14,-4.6343000000000005,0.7792,-0.058,0.4026,-
2016//2//20,51,07::07:39,17::39:00,12::22:58,4.877,14.596,2.858,3.609,1.52,2.836,3.822,2.77,1.338,6.476,4.61,14.450000000000001,-4.4535,0.43960000000000005,-0.18530000000000002,0.3618,-
2016//2//21,52,07::05:53,17::40:32,12::22:51,4.949,14.683,1.356,6.439,0.23600000000000002,5.058,0.809,3.329,1.12,7.782,3.29,10.92,-4.3417,0.40190000000000003,-0.19490000000000002,0.3654,-
2016//2//22,53,07::04:06,17::42:06,12::22:44,5.022,14.745000000000001,2.187,4.386,0.9580000000000001,3.17,2.748,2.887,1.229,7.256,5.41,13.65,-3.9354,0.7425,-0.12760000000000002,0.319,-
2016//2//23,54,07::02:18,17::43:38,12::22:36,5.095,14.831,3.353,3.265,2.582,2.783,6.21,2.758,0.771,11.15,3.12,16.41,-3.9141000000000004,0.4575,-0.1158,0.3433,-
2016//2//24,55,07::00:30,17::45:11,12::22:27,5.1690000000000005,14.894,2.287,4.21,0.3,4.2540000000000004,0.602,3.432,1.987,5.2780000000000005,7.3100000000000005,17.59,-3.3459000000000003,0.5472,-0.12890000000000001,0.3442,-
2016//2//25,56,06::58:39,17::46:43,12::22:18,5.244,14.956,3.428,3.233,2.615,2.775,6.3,2.757,0.8140000000000001,10.704,5.7700000000000005,18.5,-4.0082,0.2467,-0.16490000000000002,0.3297,-
2016//2//26,57,06::56:47,17::48:15,12::22:08,5.319,15.018,1.946,4.594,0.538,3.107,1.444,2.85,1.408,6.3500000000000005,7.0200000000000005,17.27,-3.9169,0.6485000000000001,-0.023200000000000002,0.2028,-
2016//2//27,58,06::54:55,17::49:47,12::21:58,5.394,15.104000000000001,1.663,5.409,0.262,4.916,0.839,3.362,1.401,6.664,8.38,15.49,-3.8718000000000004,0.5975,-0.06380000000000001,0.31010000000000004,-
2016//2//28,59,06::53:03,17::51:18,12::21:47,5.47,15.165000000000001,1.801,5.144,0.358,3.602,0.9500000000000001,3.036,1.443,6.458,6.9,11.620000000000001,-3.7735000000000003,0.9871000000000001,-0.04,0.29610000000000003,-
2016//2//29,60,06::51:10,17::52:49,12::21:36,5.546,15.25,2.623,3.958,1.046,3.036,2.12,2.875,1.577,5.956,6.2700000000000005,14.74,-4.287100000000001,0.9470000000000001,0.09570000000000001,0.3563,-
2016//3//1,61,06::49:16,17::54:20,12::21:24,5.623,15.312000000000001,0.905,10.337,0.029,18.941,0.11800000000000001,6.498,0.875,10.814,6.3500000000000005,12.42,-4.7262,0.3844,0.17270000000000002,0.325,-
2016//3//2,62,06::47:21,17::55:50,12::21:12,5.7,15.396,1.739,5.346,0.196,4.396,0.527,3.291,1.542,6.347,7.47,12.84,-4.5943000000000005,0.5262,0.3667,0.4162,-
2016//3//3,63,06::45:26,17::57:20,12::20:59,5.7780000000000005,15.458,2.041,4.956,0.586,3.255,1.46,2.915,1.455,6.954,8.120000000000001,14.700000000000001,-4.7853,0.746,0.083,0.40080000000000005,-
2016//3//4,64,06::43:30,17::58:50,12::20:46,5.856,15.542,1.26,7.3870000000000005,0.047,10.135,0.134,5.051,1.213,7.876,5.8100000000000005,13.700000000000001,-3.7773000000000003,0.6026,0.0757,0.3286,-
2016//3//5,65,06::41:33,18::00:20,12::20:32,5.934,15.58,3.509,3.503,2.24,2.779,4.634,2.7560000000000002,1.27,7.65,8.700000000000001,18.87,-5.290100000000001,1.8719000000000001,0.45130000000000003,0.6829000000000001,-
2016//3//6,66,06::39:36,18::01:49,12::20:18,6.013,15.664,2.265,4.564,0.896,2.98,1.909,2.833,1.369,6.994,6.640000000000001,15.34,-4.2549,1.6236000000000002,0.0809,0.7021000000000001,-
2016//3//7,67,06::37:38,18::03:18,12::20:03,6.091,15.724,2.376,4.624,1.089,3.085,2.747,2.884,1.286,7.95,5.67,12.43,-4.103400000000001,0.6949000000000001,-0.031,0.2929,-
2016//3//8,68,06::35:39,18::04:47,12::19:48,6.17,15.808,2.406,4.328,0.303,4.244,0.5720000000000001,3.422,2.103,5.266,5.42,13.39,-3.6263,0.7743,-0.0584,0.3617,-
2016//3//9,69,06::33:41,18::06:16,12::19:33,6.25,15.868,1.0030000000000001,9.669,0.01,33.273,0.018000000000000002,18.696,0.994,9.998,5.95,12.17,-4.234,0.4713,0.2853,0.4318,-
2016//3//10,70,06::31:41,18::07:44,12::19:18,6.329,15.951,2.472,4.1690000000000005,0.782,3.084,1.942,2.852,1.69,5.97,6.23,12.85,-4.0214,0.5891000000000001,0.2018,0.49920000000000003,-
2016//3//11,71,06::29:42,18::09:12,12::19:02,6.409,16.012,2.029,5.373,0.75,3.182,1.516,2.951,1.28,7.969,4.59,17.8,-4.0118,0.3396,-0.0656,0.30820000000000003,-
2016//3//12,72,06::27:42,18::10:40,12::18:46,6.488,16.095,2.7,4.069,0.745,3.16,1.301,2.967,1.955,5.587,6.140000000000001,11.09,-3.5804,0.7608,0.02,0.3534,-
2016//3//13,73,06::25:42,18::12:08,12::18:29,6.5680000000000005,16.154,1.7750000000000001,5.9350000000000005,0.395,3.983,0.88,3.253,1.3800000000000001,7.714,5.25,11.46,-4.3186,0.8005,-0.025500000000000002,0.32230000000000003,-
2016//3//14,74,06::23:41,18::13:34,12::18:12,6.648000000000001,16.237000000000002,2.866,4.0040000000000004,0.641,3.396,1.189,3.071,2.225,5.281,5.2,9.97,-3.4629000000000003,0.48450000000000004,-0.0766,0.1844,-
2016//3//15,75,06::21:40,18::15:03,12::17:56,6.728,16.297,2.665,4.324,0.932,3.1870000000000003,1.895,2.983,1.733,6.182,5.04,13.81,-3.1409000000000002,0.5739000000000001,-0.0335,0.1961,-
2016//3//16,76,06::19:39,18::16:28,12::17:38,6.808,16.379,3.257,3.746,1.707,2.934,3.569,2.827,1.55,6.8100000000000005,5.68,13.23,-3.7390000000000003,0.8678,-0.045200000000000004,0.27490000000000003,-
2016//3//17,77,06::17:38,18::17:57,12::17:21,6.888,16.438,5.056,2.985,4.439,2.758,9.268,2.751,0.618,16.281,2.66,15.18,-4.2902000000000005,0.8223,-0.0731,0.4903,-
2016//3//18,78,06::15:37,18::19:22,12::17:04,6.9670000000000005,16.498,4.21,3.1870000000000003,1.992,2.8080000000000003,4.038,2.763,2.218,5.082,7.0200000000000005,18.27,-4.0929,0.4984,0.0743,0.4748,-
2016//3//19,79,06::13:36,18::20:49,12::16:46,7.047,16.580000000000002,2.492,4.288,0.089,9.924,0.162,6.3870000000000005,2.403,5.08,9.38,18.830000000000002,-3.5147000000000004,0.5527000000000001,-0.19310000000000002,0.2883,-
2016//3//20,80,06::11:34,18::22:16,12::16:28,7.127,16.639,1.143,8.944,0.007,81.905,0.041,16.181,1.135,9.068,9.6,12.700000000000001,-3.8232000000000004,0.9406,0.061500000000000006,0.4184,-
2016//3//21,81,06::09:33,18::23:42,12::16:10,7.207,16.742,1.686,6.337,0.165,5.291,0.34900000000000003,3.918,1.5210000000000001,7.313,8.47,13.39,-4.3084,0.7795000000000001,-0.0034000000000000002,0.3336,-
2016//3//22,82,06::07:31,18::25:08,12::15:52,7.2860000000000005,16.801000000000002,3.205,3.932,1.291,3.0260000000000002,2.1,2.912,1.9140000000000001,5.731,7.3,16.1,-3.5047,0.531,-0.0397,0.1338,-
2016//3//23,83,06::05:29,18::26:33,12::15:34,7.3660000000000005,16.883,1.6400000000000001,6.288,0.011,42.81,0.02,24.081,1.629,6.721,7.890000000000001,11.4,-4.296600000000001,0.8374,0.09630000000000001,0.2776,-
2016//3//24,84,06::03:27,18::28:00,12::15:16,7.445,16.942,3.475,3.6270000000000002,0.741,3.21,1.41,2.998,2.734,4.981,6.76,13.57,-3.6648,0.6278,-0.010400000000000001,0.2858,-
2016//3//25,85,06::01:25,18::29:25,12::14:58,7.524,17.,3.3850000000000002,3.7070000000000003,1.563,2.976,3.301,2.837,1.821,5.901,6.7700000000000005,15.950000000000001,-3.5049,0.8316,-0.10060000000000001,0.24630000000000002,-
2016//3//26,86,05::59:23,18::30:51,12::14:40,7.603,17.082,4.091,3.4010000000000002,1.45,2.9130000000000003,2.287,2.828,2.642,5.0360000000000005,5.53,17.69,-4.1009,1.1816,0.091,0.3672,-
2016//3//27,87,05::57:22,18::32:17,12::14:22,7.681,17.14,1.895,6.101,0.28500000000000003,3.857,0.423,3.4530000000000003,1.609,7.5440000000000005,5.07,11.56,-3.8652,0.6774,0.15330000000000002,0.34590000000000004,-
2016//3//28,88,05::55:20,18::33:42,12::14:04,7.759,17.221,3.098,4.073,1.545,3.0380000000000003,3.327,2.874,1.553,7.101,4.89,13.92,-3.7969000000000004,0.7357,0.051300000000000005,0.3461,-
2016//3//29,89,05::53:19,18::35:08,12::13:46,7.837,17.279,5.801,2.9410000000000003,5.006,2.7600000000000002,9.533,2.7520000000000002,0.795,13.458,4.39,18.46,-4.3452,0.315,-0.1107,0.42610000000000003,-
2016//3//30,90,05::51:18,18::36:32,12::13:28,7.915,17.36,5.7540000000000004,2.952,4.936,2.7600000000000002,9.464,2.7520000000000002,0.8180000000000001,13.162,6.76,21.73,-4.381200000000001,0.2695,-0.17420000000000002,0.37570000000000003,-
2016//3//31,91,05::49:17,18::37:58,12::13:10,7.992,17.417,5.688,2.957,4.67,2.763,8.745000000000001,2.753,1.0190000000000001,10.553,8.870000000000001,24.82,-4.4553,0.3146,-0.11660000000000001,0.3841,-
2016//4//1,92,05::47:16,18::39:23,12::12:52,8.069,17.475,5.767,2.956,-,-,-,-,-,-,9.620000000000001,23.92,-4.5182,0.1776,-0.1622,0.3184,-
2016//4//2,93,05::45:16,18::40:48,12::12:34,8.146,17.556,4.372,3.568,-,-,-,-,-,-,8.8,19.25,-4.1687,0.2957,0.026500000000000003,0.2318,-
2016//4//3,94,05::43:16,18::42:14,12::12:17,8.222,17.613,5.155,3.173,-,-,-,-,-,-,8.22,23.06,-4.7264,1.2485000000000002,-0.1197,0.4985,-
2016//4//4,95,05::41:16,18::43:38,12::12:00,8.298,17.694,4.819,3.267,-,-,-,-,-,-,8.97,17.31,-4.1808000000000005,0.8504,0.1752,0.31930000000000003,-
2016//4//5,96,05::39:17,18::45:04,12::11:42,8.373,17.751,2.922,4.1530000000000005,-,-,-,-,-,-,8.040000000000001,14.370000000000001,-3.3397,0.7316,-0.0439,0.3435,-
2016//4//6,97,05::37:19,18::46:28,12::11:26,8.448,17.831,5.93,2.992,-,-,-,-,-,-,7.72,22.86,-4.1887,0.4984,-0.0016,0.26330000000000003,-
2016//4//7,98,05::35:20,18::47:54,12::11:09,8.523,17.889,6.183,2.9170000000000003,-,-,-,-,-,-,10.540000000000001,26.830000000000002,-4.5200000000000005,0.219,-0.0219,0.26230000000000003,-
2016//4//8,99,05::33:23,18::49:19,12::10:52,8.597,17.946,5.863,3.017,-,-,-,-,-,-,11.700000000000001,24.71,-4.4446,0.326,-0.0307,0.2842,-
2016//4//9,100,05::31:25,18::50:43,12::10:36,8.67,18.026,6.259,2.955,-,-,-,-,-,-,9.4,21.45,-4.6528,0.3266,-0.10110000000000001,0.2501,-
2016//4//10,101,05::29:29,18::52:09,12::10:20,8.743,18.083000000000002,4.172,3.394,-,-,-,-,-,-,9.31,17.35,-3.9693,0.6844,-0.0364,0.14170000000000002,-
2016//4//11,102,05::27:33,18::53:33,12::10:05,8.815,18.14,2.489,4.636,-,-,-,-,-,-,9.71,15.84,-3.4823,0.38770000000000004,-0.0227,0.2439,-
2016//4//12,103,05::25:36,18::54:59,12::09:49,8.887,18.197,2.464,5.245,-,-,-,-,-,-,7.72,14.98,-3.8249,0.4363,-0.0459,0.14070000000000002,-
2016//4//13,104,05::23:41,18::56:23,12::09:34,8.958,18.255,4.047,3.418,-,-,-,-,-,-,7.7700000000000005,16.02,-3.5456000000000003,0.9818,-0.0083,0.4675,-
2016//4//14,105,05::21:47,18::57:48,12::09:19,9.028,18.334,5.664,3.176,-,-,-,-,-,-,7.04,17.14,-4.4801,1.3296000000000001,0.4037,0.46280000000000004,-
2016//4//15,106,05::19:53,18::59:13,12::09:05,9.098,18.391000000000002,3.906,3.583,-,-,-,-,-,-,9.5,17.64,-3.5351000000000004,0.8589,-0.057600000000000005,0.2508,-
2016//4//16,107,05::18:00,19::00:37,12::08:51,9.168000000000001,18.471,5.675,2.997,-,-,-,-,-,-,7.46,22.77,-4.3662,0.17500000000000002,-0.0945,0.276,-
2016//4//17,108,05::16:08,19::02:03,12::08:37,9.236,18.528,6.482,2.943,-,-,-,-,-,-,10.4,27.47,-4.3434,0.196,-0.0219,0.30160000000000003,-
2016//4//18,109,05::14:18,19::03:27,12::08:24,9.304,18.585,6.726,2.914,-,-,-,-,-,-,12.64,34.86,-4.9148000000000005,0.602,-0.1794,0.3326,-
2016//4//19,110,05::12:28,19::04:52,12::08:12,9.371,18.664,6.705,2.899,-,-,-,-,-,-,14.120000000000001,30.14,-5.0378,0.3116,-0.0746,0.31620000000000004,-
2016//4//20,111,05::10:38,19::06:17,12::07:59,9.438,18.699,6.846,2.9090000000000003,-,-,-,-,-,-,13.75,30.79,-4.7041,0.40890000000000004,-0.1109,0.31670000000000004,-
2016//4//21,112,05::08:49,19::07:41,12::07:47,9.503,18.778,6.384,3.045,-,-,-,-,-,-,12.620000000000001,27.060000000000002,-4.5555,0.8375,-0.0233,0.37210000000000004,-
2016//4//22,113,05::07:01,19::09:06,12::07:36,9.568,18.835,1.909,6.305,-,-,-,-,-,-,12.31,17.76,-3.9386,0.5692,-0.096,0.34740000000000004,-
2016//4//23,114,05::05:15,19::10:29,12::07:25,9.632,18.914,5.29,3.347,-,-,-,-,-,-,11.370000000000001,20.240000000000002,-3.5905,0.539,0.0257,0.31970000000000004,-
2016//4//24,115,05::03:30,19::11:55,12::07:14,9.696,18.949,2.578,5.292,-,-,-,-,-,-,7.98,13.75,-3.6275000000000004,0.9065000000000001,-0.0218,0.4456,-
2016//4//25,116,05::01:45,19::13:19,12::07:04,9.758000000000001,19.006,4.505,3.5540000000000003,-,-,-,-,-,-,7.53,16.080000000000002,-3.9875000000000003,0.7884,0.0913,0.4363,-
2016//4//26,117,05::00:01,19::14:43,12::06:55,9.82,19.085,6.057,3.1710000000000003,-,-,-,-,-,-,7.25,18.51,-3.7402,0.5825,0.066,0.3007,-
2016//4//27,118,04::58:20,19::16:07,12::06:45,9.881,19.142,3.6350000000000002,3.989,-,-,-,-,-,-,10.33,18.35,-3.5942000000000003,0.6594,0.0546,0.382,-
2016//4//28,119,04::56:38,19::17:30,12::06:37,9.941,19.176000000000002,3.778,4.042,-,-,-,-,-,-,11.58,19.85,-3.0709,0.3709,0.057800000000000004,0.3428,-
2016//4//29,120,04::54:58,19::18:54,12::06:29,10.001,19.256,3.541,4.097,-,-,-,-,-,-,8.9,19.37,-3.8186,0.9116000000000001,-0.17,0.26430000000000003,-
2016//4//30,121,04::53:20,19::20:17,12::06:21,10.059000000000001,19.313,7.074,2.918,-,-,-,-,-,-,9.38,20.98,-4.4036,0.516,0.0562,0.3116,-
2016//5//1,122,04::51:43,19::21:40,12::06:14,10.116,19.37,7.573,2.904,-,-,-,-,-,-,10.38,26.57,-4.927700000000001,0.2874,-0.0603,0.326,-
2016//5//2,123,04::50:07,19::23:03,12::06:08,10.173,19.427,7.506,2.934,-,-,-,-,-,-,13.790000000000001,33.94,-5.1467,0.3471,-0.2533,0.3594,-
2016//5//3,124,04::48:33,19::24:25,12::06:02,10.229000000000001,19.462,5.862,3.2720000000000002,-,-,-,-,-,-,13.39,26.53,-4.2441,0.5373,-0.11900000000000001,0.2495,-
2016//5//4,125,04::46:59,19::25:48,12::05:57,10.283,19.541,2.325,5.622,-,-,-,-,-,-,10.700000000000001,15.68,-3.5412000000000003,0.4156,-0.019700000000000002,0.3242,-
2016//5//5,126,04::45:28,19::27:10,12::05:52,10.337,19.576,6.425,3.035,-,-,-,-,-,-,10.8,21.31,-4.1425,0.8778,-0.09570000000000001,0.3003,-
2016//5//6,127,04::43:57,19::28:30,12::05:48,10.39,19.633,7.684,2.9330000000000003,-,-,-,-,-,-,12.14,24.91,-5.0745000000000005,0.40280000000000005,0.044500000000000005,0.2864,-
2016//5//7,128,04::42:30,19::29:52,12::05:44,10.442,19.691,7.79,2.924,6.644,2.755,10.576,2.751,1.1460000000000001,11.63,13.370000000000001,29.6,-5.1240000000000006,0.3398,-0.0415,0.3506,-
2016//5//8,129,04::41:02,19::31:12,12::05:41,10.493,19.748,2.916,4.8500000000000005,0.27,4.258,0.333,3.928,2.645,5.713,9.540000000000001,18.64,-4.8298000000000005,0.811,0.22,0.3914,-
2016//5//9,130,04::39:37,19::32:31,12::05:39,10.543000000000001,19.783,6.831,3.076,4.88,2.79,7.894,2.775,1.951,7.281000000000001,9.59,21.16,-4.4192,1.0023,0.07440000000000001,0.46190000000000003,-
2016//5//10,131,04::38:13,19::33:51,12::05:37,10.592,19.863,8.106,2.8810000000000002,7.246,2.7560000000000002,11.834,2.751,0.861,15.48,10.3,25.400000000000002,-5.2434,0.4592,-0.1398,0.3649,-
2016//5//11,132,04::36:50,19::35:10,12::05:35,10.639,19.898,7.933,2.914,6.897,2.7600000000000002,11.061,2.755,1.036,12.907,12.16,29.85,-5.3272,0.34900000000000003,-0.10980000000000001,0.267,-
2016//5//12,133,04::35:31,19::36:27,12::05:35,10.686,19.934,7.922000000000001,2.916,6.657,2.7560000000000002,10.622,2.751,1.264,10.705,12.69,27.37,-5.224600000000001,0.23420000000000002,-0.0609,0.21300000000000002,-
2016//5//13,134,04::34:12,19::37:45,12::05:34,10.732000000000001,20.014,7.5680000000000005,2.969,5.591,2.765,8.641,2.754,1.977,7.15,12.44,29.78,-5.103800000000001,0.1867,-0.1938,0.234,-
2016//5//14,135,04::32:55,19::39:03,12::05:35,10.777000000000001,20.049,1.5,9.062,0.01,53.105000000000004,0.017,31.555,1.49,9.182,12.59,18.150000000000002,-5.6408000000000005,0.5294,-0.1358,0.4325,-
2016//5//15,136,04::31:40,19::40:18,12::05:36,10.82,20.085,0.643,21.026,0.002,179.247,0.002,182.09900000000002,0.641,21.132,12.08,13.99,-3.6462000000000003,1.1291,0.3441,0.1165,-
2016//5//16,137,04::30:28,19::41:33,12::05:37,10.863,20.121,1.93,7.074,0.016,47.843,0.022,35.054,1.9140000000000001,7.287,10.700000000000001,16.21,-4.6355,1.4286,-0.1353,0.2841,-
2016//5//17,138,04::29:17,19::42:48,12::05:39,10.904,20.201,6.972,2.978,3.7600000000000002,2.762,6.307,2.751,3.212,5.1770000000000005,11.07,22.79,-4.3386000000000005,0.45180000000000003,-0.12890000000000001,0.261,-
2016//5//18,139,04::28:07,19::44:01,12::05:42,10.945,20.237000000000002,3.208,4.707,0.5690000000000001,3.5260000000000002,1.133,3.113,2.638,5.925,9.59,19.080000000000002,-4.7702,0.6487,-0.0196,0.2894,-
2016//5//19,140,04::27:00,19::45:14,12::05:45,10.984,20.273,4.917,3.738,2.0260000000000002,2.954,2.517,2.91,2.891,5.3660000000000005,9.43,17.900000000000002,-3.9984,0.9694,0.21530000000000002,0.2867,-
2016//5//20,141,04::25:55,19::46:24,12::05:49,11.022,20.309,6.447,3.227,3.891,2.823,5.235,2.793,2.556,5.686,10.21,19.580000000000002,-3.6018000000000003,0.8385,0.26780000000000004,0.1952,-
2016//5//21,142,04::24:53,19::47:35,12::05:53,11.059000000000001,20.346,1.649,8.204,0.01,44.598,0.012,38.116,1.639,8.634,10.96,15.25,-3.9424,0.36060000000000003,0.07880000000000001,0.2655,-
2016//5//22,143,04::23:52,19::48:44,12::05:58,11.095,20.404,6.862,3.289,4.289,2.815,5.497,2.801,2.573,5.926,11.92,20.73,-4.2012,0.4783,-0.0524,0.1957,-
2016//5//23,144,04::22:53,19::49:53,12::06:03,11.129,20.441,3.782,4.101,0.272,4.529,0.5630000000000001,3.543,3.5100000000000002,5.0360000000000005,12.25,19.330000000000002,-3.8841,0.6313000000000001,0.021,0.25620000000000004,-
2016//5//24,145,04::21:57,19::51:00,12::06:09,11.163,20.477,3.833,3.9530000000000003,0.047,16.157,0.069,11.435,3.786,4.901,13.23,20.98,-3.6946000000000003,0.44880000000000003,-0.0645,0.20800000000000002,-
2016//5//25,146,04::21:03,19::52:05,12::06:15,11.195,20.514,3.719,4.445,0.744,3.333,0.903,3.236,2.975,5.734,12.52,21.31,-3.8851,0.47040000000000004,0.0502,0.2179,-
2016//5//26,147,04::20:11,19::53:09,12::06:22,11.226,20.551000000000002,2.975,5.219,0.214,5.271,0.251,4.886,2.761,6.143,11.370000000000001,18.27,-3.7816,0.3945,-0.0795,0.2427,-
2016//5//27,148,04::19:22,19::54:12,12::06:29,11.256,20.566,4.737,3.785,1.429,3.004,1.819,2.9410000000000003,3.3080000000000003,5.196,8.81,19.35,-4.0566,1.478,-0.0539,0.48700000000000004,-
2016//5//28,149,04::18:35,19::55:13,12::06:37,11.285,20.603,3.216,4.926,0.521,3.773,0.592,3.645,2.695,6.057,9.700000000000001,17.98,-4.0116000000000005,0.5805,0.025400000000000002,0.2566,-
2016//5//29,150,04::17:50,19::56:13,12::06:45,11.312,20.641000000000002,2.762,5.124,0.099,8.878,0.556,3.785,2.664,5.8500000000000005,10.48,16.86,-4.3762,0.6654,-0.0852,0.2585,-
2016//5//30,151,04::17:07,19::57:11,12::06:53,11.339,20.678,8.332,2.923,6.72,2.759,10.235,2.7520000000000002,1.611,8.795,9.3,23.1,-4.7914,0.159,0.0505,0.2432,-
2016//5//31,152,04::16:28,19::58:08,12::07:02,11.364,20.694,7.9990000000000006,2.958,5.883,2.761,8.52,2.754,2.116,6.948,12.34,28.03,-4.9759,0.1052,0.0256,0.2016,-
2016//6//1,153,04::15:50,19::59:03,12::07:12,11.387,20.732,6.144,3.301,2.551,2.8000000000000003,4.049,2.7800000000000002,3.593,5.1290000000000004,15.41,25.34,-4.4789,0.2817,-0.048400000000000006,0.1462,-
2016//6//2,154,04::15:15,19::59:56,12::07:21,11.41,20.77,5.3580000000000005,3.6950000000000003,1.491,2.968,1.877,2.919,3.866,5.102,14.72,22.650000000000002,-4.4829,0.5088,-0.043500000000000004,0.1558,-
2016//6//3,155,04::14:42,20::00:48,12::07:31,11.431000000000001,20.786,8.365,3.047,7.263,2.779,11.002,2.7680000000000002,1.103,13.755,14.33,27.55,-4.8479,0.3538,0.07970000000000001,0.1413,-
2016//6//4,156,04::14:12,20::01:37,12::07:42,11.451,20.802,8.402000000000001,2.96,7.274,2.754,11.464,2.751,1.129,13.439,17.1,29.26,-5.0243,0.1859,0.0663,0.1203,-
2016//6//5,157,04::13:44,20::02:24,12::07:53,11.47,20.818,8.335,2.955,6.953,2.755,10.899000000000001,2.751,1.3820000000000001,10.944,19.03,34.76,-5.4523,0.29560000000000003,0.0439,0.1527,-
2016//6//6,158,04::13:20,20::03:11,12::08:04,11.487,20.857,8.676,2.943,7.513,2.767,11.669,2.769,1.164,13.102,18.79,30.85,-5.3945,0.20040000000000002,-0.0123,0.0371,-
2016//6//7,159,04::12:57,20::03:54,12::08:15,11.504,20.874,8.059000000000001,3.063,6.26,2.765,8.99,2.755,1.799,8.572000000000001,14.99,31.6,-5.1958,0.3572,-0.044700000000000004,0.12390000000000001,-
2016//6//8,160,04::12:37,20::04:35,12::08:27,11.518,20.869,5.307,3.5660000000000003,1.881,2.884,3.311,2.823,3.427,5.545,13.68,21.17,-4.4804,0.7531,-0.034800000000000005,0.2725,-
2016//6//9,161,04::12:20,20::05:15,12::08:39,11.532,20.886,4.555,3.713,0.6960000000000001,3.3930000000000002,1.4000000000000001,3.053,3.86,4.948,12.47,19.97,-4.4588,0.46440000000000003,0.1008,0.34690000000000004,-
2016//6//10,162,04::12:05,20::05:53,12::08:51,11.544,20.925,5.888,3.5060000000000002,2.972,2.821,4.2620000000000005,2.791,2.9170000000000003,5.873,11.16,20.830000000000002,-4.0309,0.6751,0.18030000000000002,0.24830000000000002,-
2016//6//11,163,04::11:52,20::06:27,12::09:03,11.555,20.92,5.3420000000000005,3.7070000000000003,2.094,2.958,2.676,2.903,3.247,5.365,11.5,21.150000000000002,-3.4745000000000004,0.31,0.0557,0.2584,-
2016//6//12,164,04::11:43,20::07:01,12::09:15,11.565,20.938,7.224,3.113,4.054,2.795,6.396,2.775,3.17,5.47,13.02,22.13,-4.040900000000001,0.8490000000000001,0.0804,0.2295,-
2016//6//13,165,04::11:36,20::07:31,12::09:28,11.574,20.934,5.369,3.708,1.932,2.936,2.791,2.873,3.4370000000000003,5.468,11.56,19.81,-4.5773,0.2331,0.0094,0.3261,-
2016//6//14,166,04::11:32,20::08:00,12::09:41,11.581,20.952,5.812,3.623,2.936,2.86,3.731,2.833,2.876,5.751,9.66,15.950000000000001,-4.5497000000000005,0.3895,-0.0922,0.2762,-
2016//6//15,167,04::11:30,20::08:26,12::09:54,11.587,20.948,6.755,3.3930000000000002,4.338,2.8080000000000003,6.077,2.7840000000000003,2.4170000000000003,6.721,8.94,21.1,-5.1083,0.43960000000000005,0.396,0.49200000000000005,-
2016//6//16,168,04::11:31,20::08:50,12::10:07,11.591000000000001,20.967,7.618,3.238,5.881,2.774,7.995,2.762,1.737,8.834,11.46,23.61,-4.496700000000001,0.6929000000000001,0.6896,0.669,-
2016//6//17,169,04::11:34,20::09:11,12::10:20,11.594,20.963,5.447,3.592,3.192,2.818,5.4750000000000005,2.786,2.2560000000000002,7.252,11.23,20.36,-5.2484,0.2953,-0.0828,0.3356,-
2016//6//18,170,04::11:39,20::09:29,12::10:33,11.596,20.96,2.596,6.359,0.34900000000000003,4.513,0.556,3.846,2.247,7.5360000000000005,11.83,18.76,-5.1127,0.2348,0.0959,0.2993,-
2016//6//19,171,04::11:47,20::09:46,12::10:46,11.597,20.979,8.317,3.059,6.75,2.7680000000000002,10.088000000000001,2.757,1.567,9.956,10.53,21.150000000000002,-4.9096,0.233,-0.1829,0.2442,-
2016//6//20,172,04::11:58,20::10:00,12::10:59,11.596,20.976,5.149,3.642,2.1430000000000002,2.935,3.549,2.853,3.0060000000000002,5.822,13.57,25.400000000000002,-4.7236,0.1646,-0.024800000000000003,0.2401,-
2016//6//21,173,04::12:11,20::10:11,12::11:12,11.594,20.973,5.55,3.727,2.5100000000000002,2.9090000000000003,3.6350000000000002,2.856,3.041,6.056,13.17,24.07,-4.3968,0.3879,0.1131,0.231,-
2016//6//22,174,04::12:28,20::10:19,12::11:25,11.591000000000001,20.949,6.861,3.269,3.31,2.79,4.622,2.778,3.552,5.306,13.02,26.14,-5.2118,1.5490000000000002,0.2758,0.3677,-
2016//6//23,175,04::12:45,20::10:25,12::11:38,11.586,20.947,4.112,4.518,0.777,3.1430000000000002,0.914,3.065,3.335,5.756,12.34,21.16,-4.998200000000001,0.8707,0.43710000000000004,0.3685,-
2016//6//24,176,04::13:06,20::10:28,12::11:51,11.58,20.945,4.553,4.102,1.056,3.193,1.345,3.108,3.497,5.522,11.75,23.57,-3.5104,0.2869,0.2605,0.25270000000000004,-
2016//6//25,177,04::13:30,20::10:29,12::12:03,11.573,20.921,6.304,3.3850000000000002,3.844,2.833,6.099,2.801,2.462,6.8870000000000005,13.52,22.82,-4.0905000000000005,0.9081,-0.0859,0.3029,-
2016//6//26,178,04::13:54,20::10:27,12::12:16,11.564,20.92,8.609,2.968,7.4910000000000005,2.757,11.588000000000001,2.753,1.119,13.769,12.950000000000001,26.62,-5.051,0.1351,-0.18530000000000002,0.1471,-
2016//6//27,179,04::14:22,20::10:23,12::12:28,11.555,20.896,8.183,3.096,6.434,2.821,9.657,2.797,1.595,9.763,16.65,31.42,-5.1965,0.43660000000000004,-0.3428,0.38620000000000004,-
2016//6//28,180,04::14:51,20::10:16,12::12:40,11.543000000000001,20.895,7.6290000000000004,3.19,5.893,2.794,8.494,2.777,1.738,9.306000000000001,13.65,28.5,-5.1474,0.12810000000000002,-0.33290000000000003,0.1364,-
2016//6//29,181,04::15:24,20::10:07,12::12:52,11.531,20.872,5.495,3.754,3.2800000000000002,2.89,5.307,2.839,2.215,7.759,14.05,25.11,-5.0064,0.1232,-0.2836,0.1245,-
2016//6//30,182,04::15:57,20::09:55,12::13:04,11.517,20.871,5.261,3.693,2.352,2.908,4.0600000000000005,2.837,2.91,6.339,14.39,24.62,-4.2976,0.7464000000000001,0.0424,0.23750000000000002,-
2016//7//1,183,04::16:34,20::09:39,12::13:15,11.503,20.849,6.622,3.241,3.206,2.8120000000000003,4.265,2.7920000000000003,3.4170000000000003,5.216,13.92,26.240000000000002,-4.3599000000000006,0.7544000000000001,0.0751,0.3141,-
2016//7//2,184,04::17:12,20::09:22,12::13:27,11.486,20.826,5.6000000000000005,3.45,2.091,2.8770000000000002,3.402,2.82,3.509,5.3260000000000005,15.77,27.310000000000002,-3.4711000000000003,0.3578,0.0625,0.18000000000000002,-
2016//7//3,185,04::17:52,20::09:02,12::13:38,11.469,20.804000000000002,5.018,3.7600000000000002,1.714,2.951,2.408,2.875,3.3040000000000003,5.3740000000000006,14.41,24.080000000000002,-3.7017,0.5890000000000001,0.021500000000000002,0.3392,-
2016//7//4,186,04::18:35,20::08:39,12::13:48,11.450000000000001,20.782,2.787,5.431,0.27,4.163,0.366,3.747,2.516,6.2700000000000005,13.9,20.54,-3.5082,0.2485,0.101,0.1703,-
2016//7//5,187,04::19:19,20::08:14,12::13:58,11.43,20.761,3.701,4.445,0.312,3.896,0.525,3.396,3.388,5.431,13.13,23.3,-3.4645,0.3685,0.0551,0.1869,-
2016//7//6,188,04::20:05,20::07:46,12::14:08,11.409,20.739,8.039,2.95,5.933,2.758,9.467,2.753,2.106,7.031000000000001,13.96,26.29,-4.0294,0.5444,-0.0161,0.2278,-
2016//7//7,189,04::20:53,20::07:16,12::14:18,11.387,20.696,2.99,5.213,0.043000000000000003,11.636000000000001,0.055,9.539,2.947,6.082,15.18,20.42,-4.7471000000000005,0.8460000000000001,0.099,0.2109,-
2016//7//8,190,04::21:43,20::06:43,12::14:27,11.363,20.675,6.247,3.3080000000000003,2.829,2.833,3.786,2.805,3.418,5.0920000000000005,14.85,24.36,-6.4572,0.311,0.011300000000000001,0.2069,-
2016//7//9,191,04::22:35,20::06:08,12::14:35,11.338000000000001,20.632,5.642,3.384,1.168,2.902,1.97,2.829,4.474,4.695,14.59,23.34,-5.25,0.746,0.3637,0.30160000000000003,-
2016//7//10,192,04::23:28,20::05:29,12::14:44,11.312,20.589000000000002,5.187,3.596,1.46,2.987,1.95,2.904,3.727,4.8790000000000004,15.290000000000001,26.09,-4.7172,1.4385000000000001,0.06570000000000001,0.533,-
2016//7//11,193,04::24:23,20::04:49,12::14:51,11.285,20.568,4.031,4.165,1.469,2.996,2.477,2.894,2.563,6.069,14.1,24.76,-3.9063000000000003,0.5669000000000001,-0.08420000000000001,0.218,-
2016//7//12,194,04::25:19,20::04:06,12::14:59,11.257,20.548000000000002,6.439,3.24,2.864,2.832,4.057,2.798,3.575,4.998,15.24,26.85,-4.1370000000000005,0.3181,-0.1303,0.2447,-
2016//7//13,195,04::26:17,20::03:20,12::15:06,11.227,20.506,6.535,3.177,3.224,2.82,5.316,2.789,3.311,5.452,15.43,26.32,-4.468500000000001,0.7546,-0.0076,0.193,-
2016//7//14,196,04::27:16,20::02:32,12::15:12,11.196,20.464000000000002,7.6610000000000005,3.078,5.787,2.7640000000000002,8.258000000000001,2.758,1.873,7.821,13.77,26.52,-4.7148,0.5412,0.07970000000000001,0.2973,-
2016//7//15,197,04::28:16,20::01:43,12::15:18,11.165000000000001,20.444,7.707,3.037,4.926,2.7760000000000002,7.567,2.763,2.781,5.867,14.06,26.72,-4.8098,0.7413000000000001,-0.1542,0.25720000000000004,-
2016//7//16,198,04::29:18,20::00:51,12::15:23,11.132,20.403,5.212,3.549,1.226,3.003,2.285,2.872,3.986,5.058,14.71,25.07,-4.4786,0.4854,-0.1283,0.163,-
2016//7//17,199,04::30:22,19::59:56,12::15:28,11.097,20.361,7.369,3.04,4.325,2.785,6.534,2.767,3.044,5.287,15.57,28.650000000000002,-4.5099,0.32170000000000004,-0.046900000000000004,0.1814,-
2016//7//18,200,04::31:27,19::58:59,12::15:32,11.062,20.298000000000002,2.811,5.245,0.296,4.269,0.96,3.182,2.515,6.1290000000000004,16.47,23.05,-4.7062,0.3366,-0.1673,0.1967,-
2016//7//19,201,04::32:32,19::58:00,12::15:36,11.026,20.257,6.746,3.1,3.547,2.797,5.902,2.774,3.2,5.439,16.14,27.36,-4.4217,0.47790000000000005,-0.1046,0.22940000000000002,-
2016//7//20,202,04::33:38,19::56:59,12::15:39,10.988,20.216,7.96,2.971,6.421,2.763,9.675,2.757,1.539,9.424,16.96,29.54,-4.8468,0.48450000000000004,0.0125,0.22,-
2016//7//21,203,04::34:46,19::55:55,12::15:42,10.950000000000001,20.176000000000002,7.658,3.043,6.119,2.759,9.133000000000001,2.755,1.539,9.352,15.82,29.05,-5.3702000000000005,0.48210000000000003,-0.0944,0.3296,-
2016//7//22,204,04::35:54,19::54:49,12::15:44,10.91,20.135,2.088,6.732,0.015,30.231,0.019,23.987000000000002,2.073,7.142,15.65,20.43,-3.8431,0.6547000000000001,0.10690000000000001,0.2129,-
2016//7//23,205,04::37:04,19::53:41,12::15:45,10.870000000000001,20.095,4.86,3.588,2.051,2.866,3.996,2.81,2.809,5.9590000000000005,14.780000000000001,25.310000000000002,-4.0257000000000005,0.9068,0.0077,0.1945,-
2016//7//24,206,04::38:15,19::52:31,12::15:46,10.828,20.033,7.9830000000000005,2.919,7.186,2.754,11.72,2.7520000000000002,0.797,17.626,14.13,27.61,-4.9244,0.3421,-0.002,0.2636,-
2016//7//25,207,04::39:27,19::51:20,12::15:46,10.785,19.971,7.698,2.959,6.452,2.763,10.491,2.759,1.247,11.569,16.36,30.37,-4.5326,0.4128,0.1259,0.1882,-
2016//7//26,208,04::40:39,19::50:07,12::15:46,10.742,19.931,5.901,3.37,3.741,2.809,5.963,2.786,2.16,7.479,16.080000000000002,27.91,-4.5437,0.4461,-0.0509,0.3552,-
2016//7//27,209,04::41:51,19::48:51,12::15:45,10.697000000000001,19.891000000000002,7.8,2.936,6.844,2.753,11.154,2.751,0.9570000000000001,14.632,15.77,29.76,-5.0591,0.2381,-0.0349,0.1625,-
2016//7//28,210,04::43:05,19::47:33,12::15:43,10.651,19.830000000000002,7.868,2.93,7.074,2.757,11.628,2.755,0.794,17.579,17.18,32.14,-5.415500000000001,0.33590000000000003,0.0125,0.18680000000000002,-
2016//7//29,211,04::44:20,19::46:14,12::15:41,10.604000000000001,19.79,7.807,2.922,6.992,2.7520000000000002,11.403,2.75,0.8150000000000001,16.979,17.68,32.3,-5.2834,0.2165,0.002,0.12340000000000001,-
2016//7//30,212,04::45:35,19::44:53,12::15:38,10.557,19.729,6.515000000000001,3.164,4.173,2.7920000000000003,6.437,2.773,2.342,6.487,15.35,26.69,-5.2551000000000005,0.34040000000000004,-0.33440000000000003,0.2575,-
2016//7//31,213,04::46:50,19::43:29,12::15:35,10.508000000000001,19.668,6.248,3.297,4.102,2.803,6.211,2.783,2.1470000000000002,7.222,14.39,24.78,-5.1528,0.47590000000000005,-0.1814,0.2569,-
2016//8//1,214,04::48:06,19::42:06,12::15:31,10.458,19.629,6.572,3.379,4.873,2.803,7.187,2.7800000000000002,1.699,9.309000000000001,13.64,26.97,-4.8582,0.2078,-0.0339,0.2873,-
2016//8//2,215,04::49:23,19::40:39,12::15:26,10.408,19.59,3.843,4.71,1.373,3.005,1.796,2.934,2.47,6.899,14.33,23.89,-3.5077000000000003,0.42410000000000003,0.1433,0.39380000000000004,-
2016//8//3,216,04::50:40,19::39:12,12::15:21,10.356,19.507,6.174,3.426,3.946,2.829,6.098,2.797,2.228,7.192,15.64,25.14,-4.4188,1.1481000000000001,-0.0454,0.2571,-
2016//8//4,217,04::51:57,19::37:42,12::15:15,10.304,19.469,7.577,3.0220000000000002,6.597,2.758,10.831,2.754,0.98,15.614,14.450000000000001,28.22,-5.3002,0.35910000000000003,-0.046400000000000004,0.26830000000000004,-
2016//8//5,218,04::53:15,19::36:11,12::15:09,10.251,19.409,7.573,3.0220000000000002,6.585,2.754,10.777000000000001,2.75,0.988,15.437000000000001,15.48,26.86,-5.2342,0.30770000000000003,0.016,0.2849,-
2016//8//6,219,04::54:33,19::34:38,12::15:02,10.197000000000001,19.348,4.415,4.03,1.683,3.0180000000000002,2.872,2.892,2.732,6.002,14.24,23.64,-4.6699,0.6806,0.1129,0.38480000000000003,-
2016//8//7,220,04::55:51,19::33:05,12::14:54,10.142,19.288,3.823,4.329,0.596,3.25,0.931,3.041,3.227,5.493,15.120000000000001,22.900000000000002,-3.3772,0.5373,0.3516,0.1373,-
2016//8//8,221,04::57:10,19::31:28,12::14:46,10.086,19.228,3.5100000000000002,4.704,0.898,3.207,1.615,2.977,2.612,6.383,14.38,24.16,-3.5574000000000003,0.6047,0.14930000000000002,0.2614,-
2016//8//9,222,04::58:30,19::29:53,12::14:38,10.029,19.168,2.868,5.603,0.278,4.718,0.41600000000000004,4.035,2.59,6.599,15.34,23.76,-3.5621,0.27890000000000004,-0.0315,0.2586,-
2016//8//10,223,04::59:48,19::28:14,12::14:28,9.972,19.108,4.713,3.89,2.461,2.896,4.445,2.85,2.2520000000000002,7.228,16.02,25.12,-4.2607,0.8338,-0.0678,0.2482,-
2016//8//11,224,05::01:08,19::26:34,12::14:18,9.913,19.071,7.118,3.068,6.0520000000000005,2.7560000000000002,10.095,2.7520000000000002,1.066,14.009,15.67,27.18,-5.0385,0.23720000000000002,0.0092,0.2421,-
2016//8//12,225,05::02:28,19::24:54,12::14:08,9.854000000000001,19.011,7.136,3.0260000000000002,6.228,2.758,10.51,2.755,0.909,16.228,17.05,32.25,-5.1122000000000005,0.232,0.028300000000000002,0.304,-
2016//8//13,226,05::03:47,19::23:12,12::13:57,9.795,18.93,6.7540000000000004,3.082,5.1080000000000005,2.7600000000000002,8.533,2.753,1.6460000000000001,8.941,19.2,33.05,-5.238,0.5807,-0.0524,0.39390000000000003,-
2016//8//14,227,05::05:07,19::21:28,12::13:45,9.734,18.87,7.178,3.0300000000000002,6.431,2.757,10.867,2.7520000000000002,0.747,19.767,15.72,29.490000000000002,-5.4314,0.3154,-0.1791,0.2844,-
2016//8//15,228,05::06:28,19::19:44,12::13:33,9.673,18.833000000000002,7.011,3.051,6.268,2.757,10.759,2.755,0.744,19.847,16.39,30.07,-5.1116,0.2742,0.0007,0.2501,-
2016//8//16,229,05::07:47,19::17:59,12::13:21,9.61,18.752,6.94,3.067,5.843,2.7560000000000002,9.88,2.751,1.097,13.557,15.51,28.54,-5.269,0.39080000000000004,-0.1242,0.2842,-
2016//8//17,230,05::09:07,19::16:13,12::13:08,9.548,18.693,6.966,3.056,6.144,2.761,10.513,2.7560000000000002,0.8230000000000001,17.779,15.09,28.18,-5.3198,0.19920000000000002,-0.11470000000000001,0.18610000000000002,-
2016//8//18,231,05::10:29,19::14:24,12::12:54,9.484,18.634,6.9110000000000005,3.044,6.077,2.755,10.452,2.7520000000000002,0.835,17.424,17.76,31.62,-5.5271,0.6733,0.047400000000000005,0.1986,-
2016//8//19,232,05::11:48,19::12:36,12::12:40,9.42,18.575,6.8100000000000005,3.065,5.952,2.7600000000000002,10.215,2.7560000000000002,0.858,16.917,19.14,34.38,-5.8104000000000005,0.5187,-0.0454,0.4615,-
2016//8//20,233,05::13:08,19::10:47,12::12:25,9.355,18.516000000000002,6.759,3.079,5.753,2.759,9.628,2.7520000000000002,1.006,14.345,18.7,34.77,-5.7658000000000005,0.2288,-0.1388,0.34990000000000004,-
2016//8//21,234,05::14:30,19::08:56,12::12:10,9.290000000000001,18.457,3.099,5.314,0.978,3.223,1.272,3.103,2.121,7.226,14.81,24.21,-4.7882,0.8952,-0.1953,0.29960000000000003,-
2016//8//22,235,05::15:49,19::07:05,12::11:55,9.223,18.376,5.639,3.384,3.749,2.807,6.276,2.779,1.891,7.8340000000000005,14.14,24.59,-4.5529,0.8598,-0.0609,0.3017,-
2016//8//23,236,05::17:10,19::05:12,12::11:39,9.157,18.317,6.67,3.04,5.9270000000000005,2.754,10.434000000000001,2.751,0.743,19.085,14.200000000000001,26.7,-5.1559,0.2953,0.003,0.37370000000000003,-
2016//8//24,237,05::18:31,19::03:19,12::11:23,9.089,18.237000000000002,6.594,3.071,5.883,2.761,10.323,2.7560000000000002,0.712,19.963,16.41,30.16,-5.3181,0.30210000000000004,0.0604,0.2485,-
2016//8//25,238,05::19:51,19::01:25,12::11:06,9.021,18.178,6.472,3.056,5.732,2.7560000000000002,10.162,2.7520000000000002,0.74,18.982,17.830000000000002,33.13,-5.3472,0.37310000000000004,-0.11,0.38370000000000004,-
2016//8//26,239,05::21:11,18::59:29,12::10:49,8.953,18.142,6.022,3.1790000000000003,4.382,2.759,7.390000000000001,2.7520000000000002,1.6400000000000001,8.657,18.17,35.12,-5.4792000000000005,0.46280000000000004,-0.1077,0.2822,-
2016//8//27,240,05::22:33,18::57:34,12::10:31,8.884,18.061,1.833,7.652,0.009000000000000001,74.09700000000001,0.016,41.804,1.824,7.763,15.42,23.02,-5.4008,0.6121,-0.0882,0.2926,-
2016//8//28,241,05::23:52,18::55:38,12::10:13,8.814,18.003,2.746,5.135,0.121,6.57,0.181,5.05,2.625,5.737,14.36,21.45,-4.0716,0.5962000000000001,0.0189,0.3164,-
2016//8//29,242,05::25:13,18::53:42,12::09:55,8.744,17.945,5.759,3.295,4.681,2.786,7.534,2.77,1.078,12.766,13.64,28.29,-4.7567,0.5535,0.049300000000000004,0.3042,-
2016//8//30,243,05::26:34,18::51:44,12::09:36,8.673,17.864,3.444,4.257,0.528,3.568,1.331,3.047,2.9170000000000003,5.398,14.97,22.22,-5.068700000000001,0.4086,-0.006200000000000001,0.2823,-
2016//8//31,244,05::27:53,18::49:47,12::09:18,8.602,17.806,2.069,6.6930000000000005,0.046,15.346,0.096,8.395,2.023,6.912,16.3,20.72,-4.7923,1.0759,0.0102,0.30710000000000004,-
2016//9//1,245,05::29:14,18::47:48,12::08:58,8.53,17.748,2.396,5.174,0.07100000000000001,10.889,0.148,6.481,2.325,5.575,13.99,18.990000000000002,-5.2782,1.1432,0.152,0.4801,-
2016//9//2,246,05::30:35,18::45:49,12::08:39,8.458,17.667,2.998,5.049,1.428,3.0700000000000003,1.944,2.969,1.569,8.34,13.72,21.1,-4.2468,1.0808,0.07390000000000001,0.37310000000000004,-
2016//9//3,247,05::31:54,18::43:49,12::08:19,8.386000000000001,17.609,4.489,3.674,2.406,2.87,4.595,2.809,2.083,7.0840000000000005,12.61,22.18,-4.1453,0.8957,-0.16040000000000001,0.26730000000000004,-
2016//9//4,248,05::33:15,18::41:49,12::07:59,8.313,17.551000000000002,4.609,3.416,2.57,2.854,4.817,2.797,2.039,6.706,12.07,22.5,-4.6721,0.3496,0.041800000000000004,0.34140000000000004,-
2016//9//5,249,05::34:36,18::39:48,12::07:39,8.239,17.471,2.519,5.103,0.106,8.607,0.15,6.734,2.4130000000000003,5.772,13.02,19.240000000000002,-4.9435,1.2638,-0.0693,0.4444,-
2016//9//6,250,05::35:55,18::37:47,12::07:19,8.165000000000001,17.413,2.544,4.93,0.265,4.971,0.609,3.664,2.2800000000000002,5.712,13.05,21.88,-4.6822,1.345,0.2949,0.32120000000000004,-
2016//9//7,251,05::37:16,18::35:46,12::06:58,8.091,17.355,1.801,6.8660000000000005,0.018000000000000002,36.968,0.026000000000000002,26.22,1.7830000000000001,7.447,14.49,19.35,-4.5034,1.1212,0.0913,0.3637,-
2016//9//8,252,05::38:37,18::33:44,12::06:37,8.017,17.274,3.366,4.249,1.367,3.056,2.338,2.907,1.999,6.212,14.42,23.71,-4.1978,0.8012,-0.0023,0.2957,-
2016//9//9,253,05::39:56,18::31:42,12::06:17,7.942,17.216,5.526,3.043,4.483,2.763,8.783,2.7560000000000002,1.043,11.528,11.72,25.28,-4.871700000000001,0.1177,0.011000000000000001,0.3467,-
2016//9//10,254,05::41:17,18::29:40,12::05:56,7.867,17.158,5.53,3.104,4.862,2.7640000000000002,8.85,2.7560000000000002,0.668,18.111,13.36,27.16,-4.2695,0.4738,-0.0378,0.3234,-
2016//9//11,255,05::42:38,18::27:37,12::05:34,7.791,17.078,4.073,3.673,2.505,2.876,4.824,2.807,1.568,7.8100000000000005,13.99,22.14,-4.416300000000001,0.7214,0.038400000000000004,0.33630000000000004,-
2016//9//12,256,05::43:58,18::25:34,12::05:13,7.716,17.02,5.6160000000000005,3.025,5.073,2.7560000000000002,9.875,2.753,0.544,21.765,11.57,24.330000000000002,-5.1214,0.23390000000000002,0.1285,0.35860000000000003,-
2016//9//13,257,05::45:19,18::23:31,12::04:52,7.640000000000001,16.962,5.532,3.044,5.039,2.7560000000000002,9.913,2.751,0.493,24.017,12.290000000000001,25.080000000000002,-5.1637,0.24500000000000002,-0.12660000000000002,0.393,-
2016//9//14,258,05::46:39,18::21:28,12::04:30,7.563,16.881,5.3660000000000005,3.079,4.83,2.7600000000000002,9.526,2.755,0.536,21.977,13.15,27.63,-5.099600000000001,0.4083,-0.1927,0.3287,-
2016//9//15,259,05::47:59,18::19:24,12::04:09,7.487,16.801000000000002,4.072,3.69,2.944,2.857,5.464,2.806,1.1280000000000001,10.768,13.22,24.18,-4.7107,0.2084,0.0473,0.313,-
2016//9//16,260,05::49:21,18::17:21,12::03:48,7.41,16.743000000000002,3.586,3.891,1.131,3.011,2.011,2.863,2.455,5.37,12.8,25.560000000000002,-4.392,0.7992,-0.0709,0.4282,-
2016//9//17,261,05::50:41,18::15:18,12::03:26,7.3340000000000005,16.662,1.139,9.8,0.006,97.294,0.01,59.667,1.133,9.919,14.21,19.02,-3.6381,1.0337,0.0114,0.3815,-
2016//9//18,262,05::52:02,18::13:15,12::03:05,7.257000000000001,16.604,4.33,3.431,2.486,2.844,4.7090000000000005,2.7880000000000003,1.844,6.415,13.56,22.77,-4.4343,1.2438,0.003,0.35500000000000004,-
2016//9//19,263,05::53:24,18::11:11,12::02:43,7.18,16.546,4.1770000000000005,3.541,2.68,2.84,4.904,2.791,1.497,7.723,13.040000000000001,21.82,-4.7156,0.6243000000000001,0.054,0.43760000000000004,-
2016//9//20,264,05::54:44,18::09:08,12::02:22,7.102,16.465,4.442,3.286,3.2520000000000002,2.778,6.906000000000001,2.757,1.19,9.753,11.09,20.31,-4.5934,0.5323,0.0039000000000000003,0.35500000000000004,-
2016//9//21,265,05::56:05,18::07:05,12::02:01,7.025,16.407,4.621,3.2840000000000003,3.58,2.797,7.034,2.773,1.041,11.232000000000001,11.,20.59,-4.7727,0.2146,-0.0263,0.29460000000000003,-
2016//9//22,266,05::57:28,18::05:01,12::01:40,6.948,16.349,4.796,3.1390000000000002,4.173,2.757,8.595,2.7520000000000002,0.623,18.225,11.06,20.8,-4.8387,0.4181,0.0016,0.3304,-
2016//9//23,267,05::58:48,18::02:58,12::01:19,6.87,16.268,1.846,6.208,0.55,3.589,1.557,3.02,1.296,8.956,13.08,17.66,-3.9853,0.6385000000000001,0.0896,0.2629,-
2016//9//24,268,06::00:10,18::00:55,12::00:58,6.793,16.21,3.223,4.053,0.986,3.0460000000000003,1.697,2.903,2.237,5.792,13.17,20.69,-3.2827,0.523,0.0006000000000000001,0.30870000000000003,-
2016//9//25,269,06::01:33,17::58:51,12::00:37,6.716,16.15,4.093,3.383,2.773,2.828,5.199,2.7840000000000003,1.32,8.569,15.540000000000001,26.41,-3.7931000000000004,0.8761,0.006900000000000001,0.33890000000000003,-
2016//9//26,270,06::02:54,17::56:49,12::00:17,6.638,16.071,4.548,3.176,4.096,2.769,8.568,2.757,0.452,24.583000000000002,13.51,28.,-4.4508,0.41150000000000003,-0.0077,0.31970000000000004,-
2016//9//27,271,06::04:17,17::54:46,11::59:57,6.561,16.012,4.638,3.235,3.48,2.787,6.897,2.766,1.158,9.726,13.09,21.48,-4.0031,0.9119,0.1325,0.2869,-
2016//9//28,272,06::05:39,17::52:43,11::59:36,6.484,15.931000000000001,4.112,3.457,3.105,2.811,6.144,2.779,1.0070000000000001,11.019,11.91,21.85,-4.8182,0.7754000000000001,0.0671,0.3126,-
2016//9//29,273,06::07:02,17::50:41,11::59:17,6.407,15.873000000000001,3.716,3.483,1.7550000000000001,3.101,3.684,2.979,1.974,5.985,10.11,20.2,-4.765000000000001,0.2736,-0.0273,0.3085,-
2016//9//30,274,06::08:25,17::48:39,11::58:57,6.329,15.814,4.203,3.331,3.247,2.791,6.611,2.775,0.9560000000000001,11.432,10.09,20.77,-4.5589,0.6782,-0.019200000000000002,0.3648,-
2016//10//1,275,06::09:48,17::46:38,11::58:38,6.252,15.733,2.31,5.027,0.593,3.34,1.334,2.961,1.717,6.618,11.48,17.91,-4.647600000000001,0.9755,0.2139,0.4116,-
2016//10//2,276,06::11:11,17::44:37,11::58:19,6.176,15.674,3.387,3.875,2.218,2.883,4.41,2.798,1.169,9.679,11.16,20.23,-4.0619000000000005,0.7358,-0.0308,0.3957,-
2016//10//3,277,06::12:36,17::42:36,11::58:00,6.099,15.593,2.773,4.441,0.717,3.271,1.235,3.0020000000000002,2.056,5.72,11.52,17.51,-4.994000000000001,1.3464,0.14070000000000002,0.3134,-
2016//10//4,278,06::13:59,17::40:36,11::57:42,6.023,15.534,1.942,5.647,0.161,5.268,0.512,3.463,1.7810000000000001,6.364,11.4,15.74,-4.0495,0.8836,0.198,0.3391,-
2016//10//5,279,06::15:24,17::38:36,11::57:24,5.947,15.475,3.102,3.852,1.45,2.948,3.438,2.829,1.6520000000000001,6.932,12.33,19.61,-3.7815000000000003,0.6968000000000001,-0.0036000000000000003,0.3351,-
2016//10//6,280,06::16:47,17::36:37,11::57:07,5.871,15.393,2.024,5.3100000000000005,0.156,5.7,0.397,3.782,1.868,6.156,12.07,17.22,-4.9824,1.3703,0.1177,0.3609,-
2016//10//7,281,06::18:12,17::34:39,11::56:50,5.795,15.334,2.128,5.32,0.296,3.9050000000000002,0.534,3.3040000000000003,1.833,6.351,12.25,18.05,-5.5168,0.9054000000000001,0.2106,0.5145000000000001,-
2016//10//8,282,06::19:38,17::32:41,11::56:33,5.72,15.252,1.471,7.734,0.18,4.621,0.324,3.775,1.292,9.044,10.94,20.26,-5.5785,1.2215,0.0109,0.6164000000000001,-
2016//10//9,283,06::21:02,17::30:44,11::56:17,5.6450000000000005,15.193,1.7530000000000001,6.002,0.116,7.205,0.251,4.632,1.6360000000000001,6.582,10.26,15.75,-5.0314000000000005,0.6355000000000001,0.2146,0.2553,-
2016//10//10,284,06::22:29,17::28:47,11::56:01,5.57,15.133000000000001,2.844,4.2620000000000005,1.873,2.9130000000000003,4.401,2.814,0.97,11.108,9.09,17.1,-4.6207,1.1107,0.16790000000000002,0.35200000000000004,-
2016//10//11,285,06::23:54,17::26:51,11::55:46,5.496,15.051,3.829,3.34,3.3770000000000002,2.7640000000000002,7.969,2.751,0.452,23.587,6.4,19.240000000000002,-5.0381,0.28500000000000003,-0.0504,0.4398,-
2016//10//12,286,06::25:21,17::24:56,11::55:31,5.422,14.992,3.3850000000000002,3.693,2.751,2.774,6.162,2.761,0.634,16.914,6.9,21.69,-4.4185,0.8952,-0.0453,0.35810000000000003,-
2016//10//13,287,06::26:47,17::23:01,11::55:17,5.348,14.909,0.34800000000000003,30.558,0.001,344.735,0.001,357.135,0.34800000000000003,30.681,11.43,14.81,-4.9232000000000005,1.7539,0.263,0.3381,-
2016//10//14,288,06::28:14,17::21:07,11::55:03,5.275,14.85,1.025,10.263,0.11,5.884,0.3,3.843,0.915,11.612,10.59,15.51,-4.7476,0.7708,0.09820000000000001,0.3785,-
2016//10//15,289,06::29:41,17::19:14,11::54:50,5.203,14.767,0.549,18.295,0.002,162.447,0.006,54.785000000000004,0.546,18.47,10.51,16.240000000000002,-5.2357000000000005,0.9845,0.3538,0.4469,-
2016//10//16,290,06::31:08,17::17:21,11::54:37,5.131,14.707,1.625,6.031,0.133,6.063,0.273,4.236,1.492,6.72,10.620000000000001,16.22,-5.4814,0.6298,0.24200000000000002,0.3563,-
2016//10//17,291,06::32:37,17::15:29,11::54:25,5.059,14.647,2.0060000000000002,5.359,0.52,3.576,1.4000000000000001,3.024,1.486,7.202,10.55,16.22,-4.6113,0.811,0.079,0.3617,-
2016//10//18,292,06::34:04,17::13:40,11::54:14,4.988,14.587,2.693,4.279,1.326,2.977,2.998,2.83,1.367,7.706,9.89,16.22,-4.748600000000001,0.7595000000000001,0.0041,0.2602,-
2016//10//19,293,06::35:33,17::11:51,11::54:03,4.918,14.504,1.3980000000000001,7.385,0.192,4.11,0.675,3.063,1.207,8.647,9.81,15.280000000000001,-4.867900000000001,0.7939,0.0145,0.3423,-
2016//10//20,294,06::37:01,17::10:02,11::53:53,4.848,14.443,0.783,13.137,0.096,9.197000000000001,0.311,4.704,0.686,14.996,10.58,16.86,-3.7341,0.8430000000000001,-0.0298,0.33530000000000004,-
2016//10//21,295,06::38:31,17::08:15,11::53:44,4.779,14.382,1.603,6.165,0.17300000000000001,4.657,0.379,3.466,1.429,6.971,10.94,15.99,-3.439,0.6094,0.0369,0.2685,-
2016//10//22,296,06::39:59,17::06:27,11::53:35,4.71,14.299,2.86,3.951,1.877,2.842,4.276,2.7800000000000002,0.983,10.370000000000001,9.15,19.34,-4.4813,1.8633000000000002,0.0302,0.4813,-
2016//10//23,297,06::41:30,17::04:43,11::53:27,4.642,14.261000000000001,2.107,5.048,0.907,3.063,2.081,2.88,1.2,8.483,10.51,20.17,-4.6676,0.9418000000000001,0.06770000000000001,0.3534,-
2016//10//24,298,06::42:58,17::02:59,11::53:20,4.575,14.178,0.836,11.569,0.004,120.671,0.016,31.349,0.8320000000000001,11.684000000000001,11.31,16.76,-3.9577,0.6109,0.15610000000000002,0.3173,-
2016//10//25,299,06::44:30,17::01:16,11::53:13,4.508,14.117,2.6590000000000003,4.102,1.461,2.873,3.592,2.7920000000000003,1.198,8.427,11.58,18.54,-4.2455,0.5347000000000001,-0.049100000000000005,0.37470000000000003,-
2016//10//26,300,06::45:59,16::59:34,11::53:07,4.442,14.056000000000001,0.359,26.854,0.001,425.338,0.002,217.629,0.358,27.037,11.34,14.57,-4.5144,1.0252000000000001,0.169,0.5146000000000001,-
2016//10//27,301,06::47:30,16::57:55,11::53:02,4.377,13.994,1.109,8.888,0.016,32.786,0.038,15.035,1.092,9.114,11.65,15.290000000000001,-3.8308,0.7737,0.29050000000000004,0.2783,-
2016//10//28,302,06::49:00,16::56:15,11::52:58,4.313,13.91,2.457,4.249,1.293,2.914,3.3770000000000002,2.7960000000000003,1.165,8.573,10.790000000000001,21.26,-4.419700000000001,0.7383000000000001,0.028800000000000003,0.3673,-
2016//10//29,303,06::50:32,16::54:37,11::52:54,4.249,13.849,0.835,11.245000000000001,0.055,12.397,0.247,4.746,0.78,12.103,10.05,15.98,-4.3152,0.7259,-0.032600000000000004,0.40040000000000003,-
2016//10//30,304,06::52:02,16::53:02,11::52:51,4.187,13.787,0.888,10.682,0.017,26.479,0.092,6.109,0.872,10.921,8.35,12.75,-4.6449,0.38570000000000004,0.0654,0.2732,-
2016//10//31,305,06::53:34,16::51:26,11::52:49,4.125,13.703,1.041,9.157,0.133,5.033,0.316,3.613,0.908,10.546,9.33,14.58,-4.839,0.7399,0.0682,0.219,-
2016//11//1,306,06::55:04,16::49:54,11::52:48,4.064,13.664,0.803,10.273,0.026000000000000002,20.14,0.058,10.378,0.777,10.769,9.31,13.66,-4.1231,0.5273,0.0731,0.2581,-
2016//11//2,307,06::56:36,16::48:21,11::52:47,4.0040000000000004,13.579,0.586,15.366,0.004,118.644,0.01,48.738,0.582,15.519,10.96,14.370000000000001,-5.1385000000000005,1.2999,0.0341,0.3718,-
2016//11//3,308,06::58:07,16::46:52,11::52:48,3.9450000000000003,13.540000000000001,2.453,3.871,2.0420000000000003,2.795,6.174,2.765,0.41000000000000003,21.958000000000002,9.96,20.68,-4.5863000000000005,0.7281000000000001,-0.0618,0.45680000000000004,-
2016//11//4,309,06::59:39,16::45:23,11::52:49,3.886,13.454,2.008,4.659,0.991,2.984,2.585,2.828,1.0170000000000001,8.747,8.05,20.18,-4.0394000000000005,0.7499,0.0118,0.5981000000000001,-
2016//11//5,310,07::01:10,16::43:56,11::52:51,3.829,13.415000000000001,0.41300000000000003,21.023,0.001,445.53700000000003,0.003,154.53900000000002,0.41200000000000003,21.139,11.47,17.01,-4.6675,1.0381,0.0111,0.5148,-
2016//11//6,311,07::02:41,16::42:30,11::52:54,3.773,13.33,1.983,4.714,1.037,2.997,2.819,2.822,0.9470000000000001,9.502,9.56,17.26,-4.128,0.803,0.043000000000000003,0.5087,-
2016//11//7,312,07::04:12,16::41:08,11::52:57,3.717,13.290000000000001,1.32,6.569,0.107,6.791,0.295,4.022,1.214,7.191,11.11,18.8,-4.4267,0.7975,-0.0601,0.3909,-
2016//11//8,313,07::05:43,16::39:46,11::53:02,3.6630000000000003,13.227,2.241,4.043,1.873,2.7840000000000003,5.987,2.755,0.368,23.866,11.040000000000001,23.34,-4.7226,0.4787,-0.2003,0.43470000000000003,-
2016//11//9,314,07::07:15,16::38:26,11::53:07,3.61,13.164,1.368,6.313,0.379,3.774,1.395,2.995,0.99,8.726,12.26,19.86,-4.363,0.8731,-0.0546,0.4847,-
2016//11//10,315,07::08:45,16::37:09,11::53:14,3.557,13.101,1.978,4.648,0.962,2.987,2.571,2.831,1.016,8.713000000000001,9.57,20.93,-4.4249,0.42660000000000003,-0.14350000000000002,0.38470000000000004,-
2016//11//11,316,07::10:16,16::35:53,11::53:21,3.5060000000000002,13.061,1.284,6.815,0.18,4.748,0.505,3.3160000000000003,1.103,7.936,12.19,19.04,-3.7237,0.401,-0.0873,0.3262,-
2016//11//12,317,07::11:46,16::34:39,11::53:29,3.456,12.998000000000001,0.933,9.175,0.20600000000000002,4.7940000000000005,0.557,3.454,0.727,11.754,11.77,15.27,-4.669700000000001,1.0083,0.038400000000000004,0.40690000000000004,-
2016//11//13,318,07::13:16,16::33:27,11::53:37,3.407,12.934000000000001,0.451,19.187,0.001,322.853,0.004,83.296,0.45,19.289,9.38,12.9,-4.5958000000000006,0.8975000000000001,0.1943,0.3441,-
2016//11//14,319,07::14:46,16::32:17,11::53:47,3.359,12.871,1.441,6.,0.334,3.733,0.984,3.039,1.107,7.7620000000000005,9.82,16.3,-4.7259,0.8177000000000001,0.049300000000000004,0.336,-
2016//11//15,320,07::16:15,16::31:10,11::53:57,3.3120000000000003,12.83,1.2750000000000001,6.8950000000000005,0.353,3.638,0.929,3.0540000000000003,0.922,9.407,6.57,13.16,-4.3660000000000005,0.8171,0.051300000000000005,0.3199,-
2016//11//16,321,07::17:44,16::30:05,11::54:09,3.266,12.766,0.633,13.508000000000001,0.09,6.48,0.442,3.457,0.543,15.795,7.16,12.3,-3.6461,0.6409,0.0758,0.325,-
2016//11//17,322,07::19:12,16::29:02,11::54:21,3.222,12.726,1.496,5.774,0.47400000000000003,3.5140000000000002,1.601,2.9410000000000003,1.0210000000000001,8.329,5.61,12.530000000000001,-4.2074,0.6718000000000001,-0.1312,0.36710000000000004,-
2016//11//18,323,07::20:39,16::28:01,11::54:34,3.178,12.661,0.552,15.172,0.001,427.457,0.004,110.739,0.551,15.246,5.43,13.040000000000001,-4.0534,0.4228,0.059500000000000004,0.3744,-
2016//11//19,324,07::22:06,16::27:02,11::54:48,3.136,12.620000000000001,0.656,12.365,0.02,26.199,0.079,8.353,0.637,12.773,8.28,12.98,-4.6291,1.6886,0.0417,0.6874,-
2016//11//20,325,07::23:33,16::26:06,11::55:02,3.095,12.556000000000001,0.352,22.961000000000002,0.001,373.218,0.003,125.697,0.352,23.031,9.950000000000001,12.83,-4.787100000000001,1.4952,0.0626,0.5467000000000001,-
2016//11//21,326,07::24:57,16::25:12,11::55:18,3.056,12.514000000000001,1.088,7.651,0.265,4.106,1.0010000000000001,3.036,0.8230000000000001,10.084,8.620000000000001,13.450000000000001,-4.336,1.0190000000000001,0.0849,0.3578,-
2016//11//22,327,07::26:23,16::24:20,11::55:34,3.017,12.473,0.421,18.85,0.002,231.163,0.012,40.925000000000004,0.42,18.953,7.82,12.77,-4.2542,0.7261000000000001,-0.06520000000000001,0.32320000000000004,-
2016//11//23,328,07::27:46,16::23:31,11::55:51,2.98,12.408,1.169,7.097,0.177,4.45,0.686,3.061,0.992,8.332,6.8500000000000005,9.86,-4.8451,0.9175000000000001,0.26980000000000004,0.399,-
2016//11//24,329,07::29:08,16::22:45,11::56:09,2.944,12.39,0.209,39.652,0.,100,0.,100,0.209,39.773,7.67,10.85,-5.0192000000000005,1.3895,0.37010000000000004,0.6132000000000001,-
2016//11//25,330,07::30:31,16::22:02,11::56:27,2.9090000000000003,12.324,1.342,6.188,0.553,3.035,1.683,2.811,0.789,10.505,7.51,13.08,-4.3461,1.0297,0.0629,0.2926,-
2016//11//26,331,07::31:50,16::21:20,11::56:46,2.875,12.282,0.562,14.095,0.004,89.542,0.013000000000000001,28.578,0.558,14.244,6.8,11.76,-5.0751,0.38220000000000004,0.1975,0.333,-
2016//11//27,332,07::33:09,16::20:41,11::57:06,2.843,12.264000000000001,0.294,27.64,0.001,324.144,0.004,84.418,0.293,27.819,6.46,8.56,-4.4614,0.7099000000000001,0.2533,0.34840000000000004,-
2016//11//28,333,07::34:28,16::20:06,11::57:27,2.8120000000000003,12.198,1.002,8.168000000000001,0.056,13.148,0.20800000000000002,5.21,0.9460000000000001,8.68,5.84,11.53,-4.0132,0.8831,-0.0809,0.3763,-
2016//11//29,334,07::35:44,16::19:32,11::57:48,2.782,12.156,0.91,8.866,0.064,10.645,0.28700000000000003,4.3,0.846,9.565,7.51,12.68,-3.8358000000000003,0.8705,-0.042,0.2867,-
2016//11//30,335,07::36:59,16::19:02,11::58:10,2.754,12.136000000000001,0.464,17.545,0.001,433.915,0.006,74.138,0.463,17.637,6.66,11.31,-4.5151,0.5262,0.07540000000000001,0.4268,-
2016//12//1,336,07::38:13,16::18:34,11::58:33,2.727,12.094,0.811,8.856,-,-,-,-,-,-,5.6000000000000005,8.64,-3.8196000000000003,0.8500000000000001,0.0016,0.319,-
2016//12//2,337,07::39:26,16::18:10,11::58:56,2.701,12.051,0.452,14.741,-,-,-,-,-,-,7.03,9.71,-3.8203,0.9435,0.0024000000000000002,0.2102,-
2016//12//3,338,07::40:37,16::17:48,11::59:20,2.676,12.031,0.528,13.308,-,-,-,-,-,-,7.65,9.49,-4.383900000000001,0.8232,0.1053,0.36210000000000003,-
2016//12//4,339,07::41:45,16::17:28,11::59:45,2.653,11.988,1.579,4.5,-,-,-,-,-,-,2.98,9.52,-4.4631,0.7379,-0.046200000000000005,0.335,-
2016//12//5,340,07::42:52,16::17:12,12::00:10,2.632,11.968,0.45,14.518,-,-,-,-,-,-,1.34,4.7700000000000005,-3.4543000000000004,0.6908000000000001,0.1056,0.3244,-
2016//12//6,341,07::43:58,16::16:59,12::00:35,2.611,11.948,1.41,5.034,-,-,-,-,-,-,0.07,5.63,-3.9313000000000002,0.32170000000000004,-0.0579,0.37,-
2016//12//7,342,07::45:01,16::16:48,12::01:01,2.592,11.928,1.606,4.4350000000000005,-,-,-,-,-,-,-2.08,4.96,-4.6295,0.2286,-0.14350000000000002,0.4132,-
2016//12//8,343,07::46:03,16::16:40,12::01:28,2.574,11.908,1.131,6.331,-,-,-,-,-,-,-0.68,5.22,-4.2102,0.5809000000000001,-0.0238,0.5139,-
2016//12//9,344,07::47:02,16::16:35,12::01:55,2.5580000000000003,11.864,0.371,19.01,-,-,-,-,-,-,0.,3.97,-4.3824000000000005,0.5413,-0.0572,0.316,-
2016//12//10,345,07::48:00,16::16:34,12::02:22,2.543,11.844,0.418,16.53,-,-,-,-,-,-,2.64,6.46,-3.8014,1.165,-0.0714,0.3425,-
2016//12//11,346,07::48:55,16::16:35,12::02:50,2.529,11.823,0.361,19.284,-,-,-,-,-,-,5.0200000000000005,6.26,-4.567200000000001,0.6891,-0.2682,0.31820000000000004,-
2016//12//12,347,07::49:48,16::16:39,12::03:18,2.517,11.826,0.376,18.377,-,-,-,-,-,-,3.33,6.61,-3.4434,0.7653000000000001,-0.1521,0.3136,-
2016//12//13,348,07::50:39,16::16:47,12::03:46,2.5060000000000002,11.805,0.793,8.828,-,-,-,-,-,-,0.53,5.16,-3.8114000000000003,0.8262,-0.0716,0.2939,-
2016//12//14,349,07::51:28,16::16:57,12::04:15,2.497,11.784,-,-,-,-,-,-,-,-,-0.61,3.61,-4.0113,0.7728,-0.030000000000000002,0.2286,-
2016//12//15,350,07::52:13,16::17:10,12::04:44,2.488,11.787,0.759,9.223,0.005,93.243,0.018000000000000002,28.036,0.754,9.32,0.84,4.08,-3.1389,0.3118,-0.050300000000000004,0.24880000000000002,-
2016//12//16,351,07::52:57,16::17:25,12::05:13,2.482,11.765,1.5110000000000001,4.631,1.307,2.813,5.114,2.761,0.20400000000000001,34.385,-2.06,3.04,-4.4571000000000005,0.4057,-0.1184,0.3134,-
2016//12//17,352,07::53:38,16::17:44,12::05:43,2.476,11.767,0.624,11.136000000000001,0.034,15.239,0.304,4.024,0.59,11.823,-2.59,2.11,-3.7246,0.6046,0.0302,0.3628,-
2016//12//18,353,07::54:17,16::18:06,12::06:12,2.472,11.769,0.809,8.573,0.099,5.864,0.396,3.3770000000000002,0.71,9.806000000000001,0.,4.7700000000000005,-3.1095,0.392,-0.0013000000000000002,0.2929,-
2016//12//19,354,07::54:52,16::18:29,12::06:42,2.47,11.748000000000001,0.2,34.938,0.001,422.437,0.003,147.744,0.199,35.249,2.18,7.5,-4.2433000000000005,1.0474,-0.0526,0.317,-
2016//12//20,355,07::55:26,16::18:58,12::07:12,2.469,11.75,1.422,4.841,1.115,2.7960000000000003,4.4030000000000005,2.754,0.306,22.582,6.2,10.89,-4.572,0.3912,0.0463,0.4408,-
2016//12//21,356,07::55:56,16::19:27,12::07:42,2.469,11.751,1.208,5.809,0.528,3.082,2.071,2.8080000000000003,0.68,10.292,4.66,9.99,-3.9449,0.6171,-0.061000000000000006,0.2968,-
2016//12//22,357,07::56:25,16::20:00,12::08:12,2.47,11.753,0.451,15.508000000000001,0.021,18.486,0.115,5.4350000000000005,0.43,16.314,3.31,7.83,-4.458600000000001,0.8657,-0.084,0.4459,-
2016//12//23,358,07::56:49,16::20:35,12::08:41,2.473,11.754,0.24,28.032,0.,100,0.001,191.52,0.24,28.141000000000002,1.7,5.0600000000000005,-3.7164,0.7856000000000001,0.1121,0.3075,-
2016//12//24,359,07::57:12,16::21:14,12::09:11,2.478,11.779,0.781,9.003,0.23500000000000001,4.003,0.794,3.074,0.546,12.847,2.5300000000000002,6.13,-2.9657,0.7418,0.0572,0.29710000000000003,-
2016//12//25,360,07::57:32,16::21:55,12::09:41,2.483,11.78,0.745,9.365,0.039,12.722,0.132,5.531,0.706,9.902000000000001,1.62,5.12,-3.0777,0.5523,-0.051500000000000004,0.323,-
2016//12//26,361,07::57:48,16::22:38,12::10:11,2.491,11.781,0.45,14.431000000000001,0.005,49.467,0.027,10.617,0.446,14.617,2.05,6.07,-3.7649000000000004,0.7504000000000001,0.09530000000000001,0.2849,-
2016//12//27,362,07::58:02,16::23:24,12::10:40,2.499,11.805,0.678,10.311,0.089,6.456,0.33,3.6550000000000002,0.589,11.887,4.44,8.07,-4.3001000000000005,0.5760000000000001,0.0625,0.3251,-
2016//12//28,363,07::58:13,16::24:13,12::11:09,2.509,11.83,1.309,5.314,0.397,3.09,1.407,2.82,0.911,7.628,4.0200000000000005,9.,-3.3354000000000004,0.4486,-0.08460000000000001,0.2908,-
2016//12//29,364,07::58:21,16::25:04,12::11:38,2.521,11.83,0.298,23.579,0.,100,0.001,250.61700000000002,0.298,23.67,5.23,8.24,-3.8801,0.9268000000000001,0.0534,0.3629,-
2016//12//30,365,07::58:27,16::25:57,12::12:07,2.533,11.854000000000001,1.135,6.269,0.367,3.565,1.418,2.904,0.768,9.168000000000001,2.19,8.35,-4.0978,0.7086,-0.0419,0.4242,-
2016//12//31,366,07::58:30,16::26:53,12::12:36,2.547,11.878,0.5,14.079,0.022,15.860000000000001,0.082,6.212,0.47800000000000004,14.784,1.31,4.45,-3.2668000000000004,0.905,0.0358,0.44720000000000004,-
END_OF_YEARLY_DATA,END_OF_YEARLY_DATA,END_OF_YEARLY_DATA,END_OF_YEARLY_DATA,END_OF_YEARLY_DATA,END_OF_YEARLY_DATA,END_OF_YEARLY_DATA,END_OF_YEARLY_DATA,END_OF_YEARLY_DATA,END_OF_YEARLY_DATA,END_OF_YEARLY_DATA,END_OF_YEARLY_DATA,END_OF_YEARLY_DATA,END_OF_YEARLY_DATA,END_OF_YEARLY_DATA,END_OF_YEARLY_DATA,END_OF_YEARLY_DATA,END_OF_YEARLY_DATA,END_OF_YEARLY_DATA,END_OF_YEARLY_DATA,END_OF_YEARLY_DATA,END_OF_YEARLY_DATA
-,-,-,-,-,-,-,-,-,-,-,-,-,-,-,-,-,-,-,-,-,-
JANUARY,JANUARY,JANUARY,JANUARY,JANUARY,JANUARY,JANUARY,JANUARY,JANUARY,JANUARY,JANUARY,JANUARY,JANUARY,JANUARY,JANUARY,JANUARY,JANUARY,JANUARY,JANUARY,JANUARY,JANUARY,JANUARY
Station Name:,STW,-,-,-,-,Element:,1000,-,2000,-,2010,-,3000,-,9300,-,1000_original,-,2010_original,-,Contact Info: http://solardat.uoregon.edu
Station Location:,Seattle_Washington_USA,-,-,-,-,Instrument Serial Number:,PSP(23620F3),-,NIP(17009E6),-,NIP(17009E6),-,Computed from GHI and DNI,-,Temperature(STW),-,PSP(23620F3),-,NIP(17009E6),-,Element description at: http://solardat.uoregon.edu/DataElementNumbers.html
Latitude:,47.653871,-,-,-,-,Instrument Shorthand Name:,PSP(10),-,-,-,NIP(11),-,-,-,TEMP(STW),-,PSP(10),-,NIP(11),-,Flag description at: http://solardat.uoregon.edu/QualityControlFlags.html
Longitude (+ East):,-122.309481,-,-,-,-,Responsivity:,8.2956,microV/(W/m^2),-,-,8.3514,microV/(W/m^2),-,-,1000.0000000000001,microV?/C,8.2956,microV/(W/m^2),8.3514,microV/(W/m^2),Data has been calibrated using the responsivity values listed 
Altitude (m):,30.,-,-,-,-,Estimated Uncertainty (U95%):,2.5420000000000003,-,2.75,-,2.75,-,3.745,-,2.2,-,2.5420000000000003,-,2.75,-,The phrase (_original) means the data has not had the nighttime offset subtracted.
Time Zone (+ East):,-8.,-,-,-,-,Sample Method:,Avg,-,-,-,Avg,-,-,-,Avg,-,Avg,-,Avg,-,Data that has been (computed) was calculated from measured columns.
Time Interval (Minutes):,1,-,-,-,-,Units:,W/m^2,-,W/m^2,-,W/m^2,-,W/m^2,-,C,-,W/m^2,-,W/m^2,-,Date this file was created: 2018-10-19
Year//Month,2016//01,-,-,-,-,Column Notes:,AdjustedColumn,-,CalculatedColumn,-,AdjustedColumn,-,CalculatedColumn,-,MeasuredColumn,-,MeasuredColumn,-,MeasuredColumn,-,This file was created using code: Check data (2018-10-17).nb
-,-,-,-,-,-,-,-,-,-,-,-,-,-,-,-,-,-,-,-,-,-
Day of month,Day of year,Time Sunrise (HH::MM:SS),Time Sunset (HH::MM:SS),Time Solar Noon (HH::MM:SS),Daily Total Energy ETR (kW h/m^2),Daily Total Energy ETRn (kW h/m^2),Daily Total Energy (kWh/m^2),Daily Total Uncertainty (U95%),Daily Total Energy (kWh/m^2),Daily Total Uncertainty (U95%),Daily Total Energy (kWh/m^2),Daily Total Uncertainty (U95%),Daily Total Energy (kWh/m^2),Daily Total Uncertainty (U95%),Minimum daily value,Maximum daily value,Average Nighttime Value,Standard Deviation Nighttime,Average Nighttime Value,Standard Deviation Nighttime,Assorted Daily Values (Rows 12 - 42)
FEBRUARY,FEBRUARY,FEBRUARY,FEBRUARY,FEBRUARY,FEBRUARY,FEBRUARY,FEBRUARY,FEBRUARY,FEBRUARY,FEBRUARY,FEBRUARY,FEBRUARY,FEBRUARY,FEBRUARY,FEBRUARY,FEBRUARY,FEBRUARY,FEBRUARY,FEBRUARY,FEBRUARY,FEBRUARY
Station ID Number:,94291,-,-,-,-,Type of Measurement:,GHI,GHI_Flag,DrHI_Calc,DrHI_Calc_Flag,DNI,DNI_Flag,DHI_Calc,DHI_Calc_Flag,Temperature,Temperature_Flag,GHI_original,GHI_original_Flag,DNI_original,DNI_original_Flag,NOTES
Station Name:,STW,-,-,-,-,Element:,1000,-,2000,-,2010,-,3000,-,9300,-,1000_original,-,2010_original,-,Contact Info: http://solardat.uoregon.edu
Station Location:,Seattle_Washington_USA,-,-,-,-,Instrument Serial Number:,PSP(23620F3),-,NIP(17009E6),-,NIP(17009E6),-,Computed from GHI and DNI,-,Temperature(STW),-,PSP(23620F3),-,NIP(17009E6),-,Element description at: http://solardat.uoregon.edu/DataElementNumbers.html
Latitude:,47.653871,-,-,-,-,Instrument Shorthand Name:,PSP(10),-,-,-,NIP(11),-,-,-,TEMP(STW),-,PSP(10),-,NIP(11),-,Flag description at: http://solardat.uoregon.edu/QualityControlFlags.html
Longitude (+ East):,-122.309481,-,-,-,-,Responsivity:,8.2956,microV/(W/m^2),-,-,8.3514,microV/(W/m^2),-,-,1000.0000000000001,microV?/C,8.2956,microV/(W/m^2),8.3514,microV/(W/m^2),Data has been calibrated using the responsivity values listed 
Altitude (m):,30.,-,-,-,-,Estimated Uncertainty (U95%):,2.5420000000000003,-,2.75,-,2.75,-,3.745,-,2.2,-,2.5420000000000003,-,2.75,-,The phrase (_original) means the data has not had the nighttime offset subtracted.
Time Zone (+ East):,-8.,-,-,-,-,Sample Method:,Avg,-,-,-,Avg,-,-,-,Avg,-,Avg,-,Avg,-,Data that has been (computed) was calculated from measured columns.
Time Interval (Minutes):,1,-,-,-,-,Units:,W/m^2,-,W/m^2,-,W/m^2,-,W/m^2,-,C,-,W/m^2,-,W/m^2,-,Date this file was created: 2018-10-19
Year//Month,2016//02,-,-,-,-,Column Notes:,AdjustedColumn,-,CalculatedColumn,-,AdjustedColumn,-,CalculatedColumn,-,MeasuredColumn,-,MeasuredColumn,-,MeasuredColumn,-,This file was created using code: Check data (2018-10-17).nb
-,-,-,-,-,-,-,-,-,-,-,-,-,-,-,-,-,-,-,-,-,-
MARCH,MARCH,MARCH,MARCH,MARCH,MARCH,MARCH,MARCH,MARCH,MARCH,MARCH,MARCH,MARCH,MARCH,MARCH,MARCH,MARCH,MARCH,MARCH,MARCH,MARCH,MARCH
Station ID Number:,94291,-,-,-,-,Type of Measurement:,GHI,GHI_Flag,DrHI_Calc,DrHI_Calc_Flag,DNI,DNI_Flag,DHI_Calc,DHI_Calc_Flag,Temperature,Temperature_Flag,GHI_original,GHI_original_Flag,DNI_original,DNI_original_Flag,NOTES
Station Name:,STW,-,-,-,-,Element:,1000,-,2000,-,2010,-,3000,-,9300,-,1000_original,-,2010_original,-,Contact Info: http://solardat.uoregon.edu
Station Location:,Seattle_Washington_USA,-,-,-,-,Instrument Serial Number:,PSP(23620F3),-,NIP(17009E6),-,NIP(17009E6),-,Computed from GHI and DNI,-,Temperature(STW),-,PSP(23620F3),-,NIP(17009E6),-,Element description at: http://solardat.uoregon.edu/DataElementNumbers.html
Latitude:,47.653871,-,-,-,-,Instrument Shorthand Name:,PSP(10),-,-,-,NIP(11),-,-,-,TEMP(STW),-,PSP(10),-,NIP(11),-,Flag description at: http://solardat.uoregon.edu/QualityControlFlags.html
Longitude (+ East):,-122.309481,-,-,-,-,Responsivity:,8.2956,microV/(W/m^2),-,-,8.3514,microV/(W/m^2),-,-,1000.0000000000001,microV?/C,8.2956,microV/(W/m^2),8.3514,microV/(W/m^2),Data has been calibrated using the responsivity values listed 
Altitude (m):,30.,-,-,-,-,Estimated Uncertainty (U95%):,2.5420000000000003,-,2.75,-,2.75,-,3.745,-,2.2,-,2.5420000000000003,-,2.75,-,The phrase (_original) means the data has not had the nighttime offset subtracted.
Time Zone (+ East):,-8.,-,-,-,-,Sample Method:,Avg,-,-,-,Avg,-,-,-,Avg,-,Avg,-,Avg,-,Data that has been (computed) was calculated from measured columns.
Time Interval (Minutes):,1,-,-,-,-,Units:,W/m^2,-,W/m^2,-,W/m^2,-,W/m^2,-,C,-,W/m^2,-,W/m^2,-,Date this file was created: 2018-10-19
Year//Month,2016//03,-,-,-,-,Column Notes:,AdjustedColumn,-,CalculatedColumn,-,AdjustedColumn,-,CalculatedColumn,-,MeasuredColumn,-,MeasuredColumn,-,MeasuredColumn,-,This file was created using code: Check data (2018-10-17).nb
-,-,-,-,-,-,-,-,-,-,-,-,-,-,-,-,-,-,-,-,-,-
APRIL,APRIL,APRIL,APRIL,APRIL,APRIL,APRIL,APRIL,APRIL,APRIL,APRIL,APRIL,APRIL,APRIL,APRIL,APRIL,APRIL,APRIL,APRIL,APRIL,APRIL,APRIL
Station ID Number:,94291,-,-,-,-,Type of Measurement:,GHI,GHI_Flag,DrHI_Calc,DrHI_Calc_Flag,DNI,DNI_Flag,DHI_Calc,DHI_Calc_Flag,Temperature,Temperature_Flag,GHI_original,GHI_original_Flag,DNI_original,DNI_original_Flag,NOTES
Station Name:,STW,-,-,-,-,Element:,1000,-,2000,-,2010,-,3000,-,9300,-,1000_original,-,2010_original,-,Contact Info: http://solardat.uoregon.edu
Station Location:,Seattle_Washington_USA,-,-,-,-,Instrument Serial Number:,PSP(23620F3),-,NIP(17009E6),-,NIP(17009E6),-,Computed from GHI and DNI,-,Temperature(STW),-,PSP(23620F3),-,NIP(17009E6),-,Element description at: http://solardat.uoregon.edu/DataElementNumbers.html
Latitude:,47.653871,-,-,-,-,Instrument Shorthand Name:,PSP(10),-,-,-,NIP(11),-,-,-,TEMP(STW),-,PSP(10),-,NIP(11),-,Flag description at: http://solardat.uoregon.edu/QualityControlFlags.html
Longitude (+ East):,-122.309481,-,-,-,-,Responsivity:,8.2956,microV/(W/m^2),-,-,8.3514,microV/(W/m^2),-,-,1000.0000000000001,microV?/C,8.2956,microV/(W/m^2),8.3514,microV/(W/m^2),Data has been calibrated using the responsivity values listed 
Altitude (m):,30.,-,-,-,-,Estimated Uncertainty (U95%):,2.5420000000000003,-,2.75,-,2.75,-,3.745,-,2.2,-,2.5420000000000003,-,2.75,-,The phrase (_original) means the data has not had the nighttime offset subtracted.
Time Zone (+ East):,-8.,-,-,-,-,Sample Method:,Avg,-,-,-,Avg,-,-,-,Avg,-,Avg,-,Avg,-,Data that has been (computed) was calculated from measured columns.
Time Interval (Minutes):,1,-,-,-,-,Units:,W/m^2,-,W/m^2,-,W/m^2,-,W/m^2,-,C,-,W/m^2,-,W/m^2,-,Date this file was created: 2018-10-22
Year//Month,2016//04,-,-,-,-,Column Notes:,AdjustedColumn,-,CalculatedColumn,-,AdjustedColumn,-,CalculatedColumn,-,MeasuredColumn,-,MeasuredColumn,-,MeasuredColumn,-,This file was created using code: Check data (2018-10-17).nb
-,-,-,-,-,-,-,-,-,-,-,-,-,-,-,-,-,-,-,-,-,-
MAY,MAY,MAY,MAY,MAY,MAY,MAY,MAY,MAY,MAY,MAY,MAY,MAY,MAY,MAY,MAY,MAY,MAY,MAY,MAY,MAY,MAY
Station ID Number:,94291,-,-,-,-,Type of Measurement:,GHI,GHI_Flag,DrHI_Calc,DrHI_Calc_Flag,DNI,DNI_Flag,DHI_Calc,DHI_Calc_Flag,Temperature,Temperature_Flag,GHI_original,GHI_original_Flag,DNI_original,DNI_original_Flag,NOTES
Station Name:,STW,-,-,-,-,Element:,1000,-,2000,-,2010,-,3000,-,9300,-,1000_original,-,2010_original,-,Contact Info: http://solardat.uoregon.edu
Station Location:,Seattle_Washington_USA,-,-,-,-,Instrument Serial Number:,PSP(23620F3),-,NIP(17009E6),-,NIP(17009E6),-,Computed from GHI and DNI,-,Temperature(STW),-,PSP(23620F3),-,NIP(17009E6),-,Element description at: http://solardat.uoregon.edu/DataElementNumbers.html
Latitude:,47.653871,-,-,-,-,Instrument Shorthand Name:,PSP(10),-,-,-,NIP(11),-,-,-,TEMP(STW),-,PSP(10),-,NIP(11),-,Flag description at: http://solardat.uoregon.edu/QualityControlFlags.html
Longitude (+ East):,-122.309481,-,-,-,-,Responsivity:,8.2956,microV/(W/m^2),-,-,8.3514,microV/(W/m^2),-,-,1000.0000000000001,microV?/C,8.2956,microV/(W/m^2),8.3514,microV/(W/m^2),Data has been calibrated using the responsivity values listed 
Altitude (m):,30.,-,-,-,-,Estimated Uncertainty (U95%):,2.5420000000000003,-,2.75,-,2.75,-,3.745,-,2.2,-,2.5420000000000003,-,2.75,-,The phrase (_original) means the data has not had the nighttime offset subtracted.
Time Zone (+ East):,-8.,-,-,-,-,Sample Method:,Avg,-,-,-,Avg,-,-,-,Avg,-,Avg,-,Avg,-,Data that has been (computed) was calculated from measured columns.
Time Interval (Minutes):,1,-,-,-,-,Units:,W/m^2,-,W/m^2,-,W/m^2,-,W/m^2,-,C,-,W/m^2,-,W/m^2,-,Date this file was created: 2018-10-22
Year//Month,2016//05,-,-,-,-,Column Notes:,AdjustedColumn,-,CalculatedColumn,-,AdjustedColumn,-,CalculatedColumn,-,MeasuredColumn,-,MeasuredColumn,-,MeasuredColumn,-,This file was created using code: Check data (2018-10-17).nb
-,-,-,-,-,-,-,-,-,-,-,-,-,-,-,-,-,-,-,-,-,-
JUNE,JUNE,JUNE,JUNE,JUNE,JUNE,JUNE,JUNE,JUNE,JUNE,JUNE,JUNE,JUNE,JUNE,JUNE,JUNE,JUNE,JUNE,JUNE,JUNE,JUNE,JUNE
Station ID Number:,94291,-,-,-,-,Type of Measurement:,GHI,GHI_Flag,DrHI_Calc,DrHI_Calc_Flag,DNI,DNI_Flag,DHI_Calc,DHI_Calc_Flag,Temperature,Temperature_Flag,GHI_original,GHI_original_Flag,DNI_original,DNI_original_Flag,NOTES
Station Name:,STW,-,-,-,-,Element:,1000,-,2000,-,2010,-,3000,-,9300,-,1000_original,-,2010_original,-,Contact Info: http://solardat.uoregon.edu
Station Location:,Seattle_Washington_USA,-,-,-,-,Instrument Serial Number:,PSP(23620F3),-,NIP(17009E6),-,NIP(17009E6),-,Computed from GHI and DNI,-,Temperature(STW),-,PSP(23620F3),-,NIP(17009E6),-,Element description at: http://solardat.uoregon.edu/DataElementNumbers.html
Latitude:,47.653871,-,-,-,-,Instrument Shorthand Name:,PSP(10),-,-,-,NIP(11),-,-,-,TEMP(STW),-,PSP(10),-,NIP(11),-,Flag description at: http://solardat.uoregon.edu/QualityControlFlags.html
Longitude (+ East):,-122.309481,-,-,-,-,Responsivity:,8.2956,microV/(W/m^2),-,-,8.3514,microV/(W/m^2),-,-,1000.0000000000001,microV?/C,8.2956,microV/(W/m^2),8.3514,microV/(W/m^2),Data has been calibrated using the responsivity values listed 
Altitude (m):,30.,-,-,-,-,Estimated Uncertainty (U95%):,2.5420000000000003,-,2.75,-,2.75,-,3.745,-,2.2,-,2.5420000000000003,-,2.75,-,The phrase (_original) means the data has not had the nighttime offset subtracted.
Time Zone (+ East):,-8.,-,-,-,-,Sample Method:,Avg,-,-,-,Avg,-,-,-,Avg,-,Avg,-,Avg,-,Data that has been (computed) was calculated from measured columns.
Time Interval (Minutes):,1,-,-,-,-,Units:,W/m^2,-,W/m^2,-,W/m^2,-,W/m^2,-,C,-,W/m^2,-,W/m^2,-,Date this file was created: 2018-10-22
Year//Month,2016//06,-,-,-,-,Column Notes:,AdjustedColumn,-,CalculatedColumn,-,AdjustedColumn,-,CalculatedColumn,-,MeasuredColumn,-,MeasuredColumn,-,MeasuredColumn,-,This file was created using code: Check data (2018-10-17).nb
-,-,-,-,-,-,-,-,-,-,-,-,-,-,-,-,-,-,-,-,-,-
JULY,JULY,JULY,JULY,JULY,JULY,JULY,JULY,JULY,JULY,JULY,JULY,JULY,JULY,JULY,JULY,JULY,JULY,JULY,JULY,JULY,JULY
Station ID Number:,94291,-,-,-,-,Type of Measurement:,GHI,GHI_Flag,DrHI_Calc,DrHI_Calc_Flag,DNI,DNI_Flag,DHI_Calc,DHI_Calc_Flag,Temperature,Temperature_Flag,GHI_original,GHI_original_Flag,DNI_original,DNI_original_Flag,NOTES
Station Name:,STW,-,-,-,-,Element:,1000,-,2000,-,2010,-,3000,-,9300,-,1000_original,-,2010_original,-,Contact Info: http://solardat.uoregon.edu
Station Location:,Seattle_Washington_USA,-,-,-,-,Instrument Serial Number:,PSP(23620F3),-,NIP(17009E6),-,NIP(17009E6),-,Computed from GHI and DNI,-,Temperature(STW),-,PSP(23620F3),-,NIP(17009E6),-,Element description at: http://solardat.uoregon.edu/DataElementNumbers.html
Latitude:,47.653871,-,-,-,-,Instrument Shorthand Name:,PSP(10),-,-,-,NIP(11),-,-,-,TEMP(STW),-,PSP(10),-,NIP(11),-,Flag description at: http://solardat.uoregon.edu/QualityControlFlags.html
Longitude (+ East):,-122.309481,-,-,-,-,Responsivity:,8.2956,microV/(W/m^2),-,-,8.3514,microV/(W/m^2),-,-,1000.0000000000001,microV?/C,8.2956,microV/(W/m^2),8.3514,microV/(W/m^2),Data has been calibrated using the responsivity values listed 
Altitude (m):,30.,-,-,-,-,Estimated Uncertainty (U95%):,2.5420000000000003,-,2.75,-,2.75,-,3.745,-,2.2,-,2.5420000000000003,-,2.75,-,The phrase (_original) means the data has not had the nighttime offset subtracted.
Time Zone (+ East):,-8.,-,-,-,-,Sample Method:,Avg,-,-,-,Avg,-,-,-,Avg,-,Avg,-,Avg,-,Data that has been (computed) was calculated from measured columns.
Time Interval (Minutes):,1,-,-,-,-,Units:,W/m^2,-,W/m^2,-,W/m^2,-,W/m^2,-,C,-,W/m^2,-,W/m^2,-,Date this file was created: 2018-10-26
Year//Month,2016//07,-,-,-,-,Column Notes:,AdjustedColumn,-,CalculatedColumn,-,AdjustedColumn,-,CalculatedColumn,-,MeasuredColumn,-,MeasuredColumn,-,MeasuredColumn,-,This file was created using code: Check data (2018-10-17).nb
-,-,-,-,-,-,-,-,-,-,-,-,-,-,-,-,-,-,-,-,-,-
AUGUST,AUGUST,AUGUST,AUGUST,AUGUST,AUGUST,AUGUST,AUGUST,AUGUST,AUGUST,AUGUST,AUGUST,AUGUST,AUGUST,AUGUST,AUGUST,AUGUST,AUGUST,AUGUST,AUGUST,AUGUST,AUGUST
Station ID Number:,94291,-,-,-,-,Type of Measurement:,GHI,GHI_Flag,DrHI_Calc,DrHI_Calc_Flag,DNI,DNI_Flag,DHI_Calc,DHI_Calc_Flag,Temperature,Temperature_Flag,GHI_original,GHI_original_Flag,DNI_original,DNI_original_Flag,NOTES
Station Name:,STW,-,-,-,-,Element:,1000,-,2000,-,2010,-,3000,-,9300,-,1000_original,-,2010_original,-,Contact Info: http://solardat.uoregon.edu
Station Location:,Seattle_Washington_USA,-,-,-,-,Instrument Serial Number:,PSP(23620F3),-,NIP(17009E6),-,NIP(17009E6),-,Computed from GHI and DNI,-,Temperature(STW),-,PSP(23620F3),-,NIP(17009E6),-,Element description at: http://solardat.uoregon.edu/DataElementNumbers.html
Latitude:,47.653871,-,-,-,-,Instrument Shorthand Name:,PSP(10),-,-,-,NIP(11),-,-,-,TEMP(STW),-,PSP(10),-,NIP(11),-,Flag description at: http://solardat.uoregon.edu/QualityControlFlags.html
Longitude (+ East):,-122.309481,-,-,-,-,Responsivity:,8.2956,microV/(W/m^2),-,-,8.3514,microV/(W/m^2),-,-,1000.0000000000001,microV?/C,8.2956,microV/(W/m^2),8.3514,microV/(W/m^2),Data has been calibrated using the responsivity values listed 
Altitude (m):,30.,-,-,-,-,Estimated Uncertainty (U95%):,2.5420000000000003,-,2.75,-,2.75,-,3.745,-,2.2,-,2.5420000000000003,-,2.75,-,The phrase (_original) means the data has not had the nighttime offset subtracted.
Time Zone (+ East):,-8.,-,-,-,-,Sample Method:,Avg,-,-,-,Avg,-,-,-,Avg,-,Avg,-,Avg,-,Data that has been (computed) was calculated from measured columns.
Time Interval (Minutes):,1,-,-,-,-,Units:,W/m^2,-,W/m^2,-,W/m^2,-,W/m^2,-,C,-,W/m^2,-,W/m^2,-,Date this file was created: 2018-10-26
Year//Month,2016//08,-,-,-,-,Column Notes:,AdjustedColumn,-,CalculatedColumn,-,AdjustedColumn,-,CalculatedColumn,-,MeasuredColumn,-,MeasuredColumn,-,MeasuredColumn,-,This file was created using code: Check data (2018-10-17).nb
-,-,-,-,-,-,-,-,-,-,-,-,-,-,-,-,-,-,-,-,-,-
SEPTEMBER,SEPTEMBER,SEPTEMBER,SEPTEMBER,SEPTEMBER,SEPTEMBER,SEPTEMBER,SEPTEMBER,SEPTEMBER,SEPTEMBER,SEPTEMBER,SEPTEMBER,SEPTEMBER,SEPTEMBER,SEPTEMBER,SEPTEMBER,SEPTEMBER,SEPTEMBER,SEPTEMBER,SEPTEMBER,SEPTEMBER,SEPTEMBER
Station ID Number:,94291,-,-,-,-,Type of Measurement:,GHI,GHI_Flag,DrHI_Calc,DrHI_Calc_Flag,DNI,DNI_Flag,DHI_Calc,DHI_Calc_Flag,Temperature,Temperature_Flag,GHI_original,GHI_original_Flag,DNI_original,DNI_original_Flag,NOTES
Station Name:,STW,-,-,-,-,Element:,1000,-,2000,-,2010,-,3000,-,9300,-,1000_original,-,2010_original,-,Contact Info: http://solardat.uoregon.edu
Station Location:,Seattle_Washington_USA,-,-,-,-,Instrument Serial Number:,PSP(23620F3),-,NIP(17009E6),-,NIP(17009E6),-,Computed from GHI and DNI,-,Temperature(STW),-,PSP(23620F3),-,NIP(17009E6),-,Element description at: http://solardat.uoregon.edu/DataElementNumbers.html
Latitude:,47.653871,-,-,-,-,Instrument Shorthand Name:,PSP(10),-,-,-,NIP(11),-,-,-,TEMP(STW),-,PSP(10),-,NIP(11),-,Flag description at: http://solardat.uoregon.edu/QualityControlFlags.html
Longitude (+ East):,-122.309481,-,-,-,-,Responsivity:,8.2956,microV/(W/m^2),-,-,8.3514,microV/(W/m^2),-,-,1000.0000000000001,microV?/C,8.2956,microV/(W/m^2),8.3514,microV/(W/m^2),Data has been calibrated using the responsivity values listed 
Altitude (m):,30.,-,-,-,-,Estimated Uncertainty (U95%):,2.5420000000000003,-,2.75,-,2.75,-,3.745,-,2.2,-,2.5420000000000003,-,2.75,-,The phrase (_original) means the data has not had the nighttime offset subtracted.
Time Zone (+ East):,-8.,-,-,-,-,Sample Method:,Avg,-,-,-,Avg,-,-,-,Avg,-,Avg,-,Avg,-,Data that has been (computed) was calculated from measured columns.
Time Interval (Minutes):,1,-,-,-,-,Units:,W/m^2,-,W/m^2,-,W/m^2,-,W/m^2,-,C,-,W/m^2,-,W/m^2,-,Date this file was created: 2018-10-26
Year//Month,2016//09,-,-,-,-,Column Notes:,AdjustedColumn,-,CalculatedColumn,-,AdjustedColumn,-,CalculatedColumn,-,MeasuredColumn,-,MeasuredColumn,-,MeasuredColumn,-,This file was created using code: Check data (2018-10-17).nb
-,-,-,-,-,-,-,-,-,-,-,-,-,-,-,-,-,-,-,-,-,-
OCTOBER,OCTOBER,OCTOBER,OCTOBER,OCTOBER,OCTOBER,OCTOBER,OCTOBER,OCTOBER,OCTOBER,OCTOBER,OCTOBER,OCTOBER,OCTOBER,OCTOBER,OCTOBER,OCTOBER,OCTOBER,OCTOBER,OCTOBER,OCTOBER,OCTOBER
Station ID Number:,94291,-,-,-,-,Type of Measurement:,GHI,GHI_Flag,DrHI_Calc,DrHI_Calc_Flag,DNI,DNI_Flag,DHI_Calc,DHI_Calc_Flag,Temperature,Temperature_Flag,GHI_original,GHI_original_Flag,DNI_original,DNI_original_Flag,NOTES
Station Name:,STW,-,-,-,-,Element:,1000,-,2000,-,2010,-,3000,-,9300,-,1000_original,-,2010_original,-,Contact Info: http://solardat.uoregon.edu
Station Location:,Seattle_Washington_USA,-,-,-,-,Instrument Serial Number:,PSP(23620F3),-,NIP(17009E6),-,NIP(17009E6),-,Computed from GHI and DNI,-,Temperature(STW),-,PSP(23620F3),-,NIP(17009E6),-,Element description at: http://solardat.uoregon.edu/DataElementNumbers.html
Latitude:,47.653871,-,-,-,-,Instrument Shorthand Name:,PSP(10),-,-,-,NIP(11),-,-,-,TEMP(STW),-,PSP(10),-,NIP(11),-,Flag description at: http://solardat.uoregon.edu/QualityControlFlags.html
Longitude (+ East):,-122.309481,-,-,-,-,Responsivity:,8.2956,microV/(W/m^2),-,-,8.3514,microV/(W/m^2),-,-,1000.0000000000001,microV?/C,8.2956,microV/(W/m^2),8.3514,microV/(W/m^2),Data has been calibrated using the responsivity values listed 
Altitude (m):,30.,-,-,-,-,Estimated Uncertainty (U95%):,2.5420000000000003,-,2.75,-,2.75,-,3.745,-,2.2,-,2.5420000000000003,-,2.75,-,The phrase (_original) means the data has not had the nighttime offset subtracted.
Time Zone (+ East):,-8.,-,-,-,-,Sample Method:,Avg,-,-,-,Avg,-,-,-,Avg,-,Avg,-,Avg,-,Data that has been (computed) was calculated from measured columns.
Time Interval (Minutes):,1,-,-,-,-,Units:,W/m^2,-,W/m^2,-,W/m^2,-,W/m^2,-,C,-,W/m^2,-,W/m^2,-,Date this file was created: 2018-10-26
Year//Month,2016//10,-,-,-,-,Column Notes:,AdjustedColumn,-,CalculatedColumn,-,AdjustedColumn,-,CalculatedColumn,-,MeasuredColumn,-,MeasuredColumn,-,MeasuredColumn,-,This file was created using code: Check data (2018-10-17).nb
-,-,-,-,-,-,-,-,-,-,-,-,-,-,-,-,-,-,-,-,-,-
NOVEMBER,NOVEMBER,NOVEMBER,NOVEMBER,NOVEMBER,NOVEMBER,NOVEMBER,NOVEMBER,NOVEMBER,NOVEMBER,NOVEMBER,NOVEMBER,NOVEMBER,NOVEMBER,NOVEMBER,NOVEMBER,NOVEMBER,NOVEMBER,NOVEMBER,NOVEMBER,NOVEMBER,NOVEMBER
Station ID Number:,94291,-,-,-,-,Type of Measurement:,GHI,GHI_Flag,DrHI_Calc,DrHI_Calc_Flag,DNI,DNI_Flag,DHI_Calc,DHI_Calc_Flag,Temperature,Temperature_Flag,GHI_original,GHI_original_Flag,DNI_original,DNI_original_Flag,NOTES
Station Name:,STW,-,-,-,-,Element:,1000,-,2000,-,2010,-,3000,-,9300,-,1000_original,-,2010_original,-,Contact Info: http://solardat.uoregon.edu
Station Location:,Seattle_Washington_USA,-,-,-,-,Instrument Serial Number:,PSP(23620F3),-,NIP(17009E6),-,NIP(17009E6),-,Computed from GHI and DNI,-,Temperature(STW),-,PSP(23620F3),-,NIP(17009E6),-,Element description at: http://solardat.uoregon.edu/DataElementNumbers.html
Latitude:,47.653871,-,-,-,-,Instrument Shorthand Name:,PSP(10),-,-,-,NIP(11),-,-,-,TEMP(STW),-,PSP(10),-,NIP(11),-,Flag description at: http://solardat.uoregon.edu/QualityControlFlags.html
Longitude (+ East):,-122.309481,-,-,-,-,Responsivity:,8.2956,microV/(W/m^2),-,-,8.3514,microV/(W/m^2),-,-,1000.0000000000001,microV?/C,8.2956,microV/(W/m^2),8.3514,microV/(W/m^2),Data has been calibrated using the responsivity values listed 
Altitude (m):,30.,-,-,-,-,Estimated Uncertainty (U95%):,2.5420000000000003,-,2.75,-,2.75,-,3.745,-,2.2,-,2.5420000000000003,-,2.75,-,The phrase (_original) means the data has not had the nighttime offset subtracted.
Time Zone (+ East):,-8.,-,-,-,-,Sample Method:,Avg,-,-,-,Avg,-,-,-,Avg,-,Avg,-,Avg,-,Data that has been (computed) was calculated from measured columns.
Time Interval (Minutes):,1,-,-,-,-,Units:,W/m^2,-,W/m^2,-,W/m^2,-,W/m^2,-,C,-,W/m^2,-,W/m^2,-,Date this file was created: 2018-10-29
Year//Month,2016//11,-,-,-,-,Column Notes:,AdjustedColumn,-,CalculatedColumn,-,AdjustedColumn,-,CalculatedColumn,-,MeasuredColumn,-,MeasuredColumn,-,MeasuredColumn,-,This file was created using code: Check data (2018-10-17).nb
-,-,-,-,-,-,-,-,-,-,-,-,-,-,-,-,-,-,-,-,-,-
DECEMBER,DECEMBER,DECEMBER,DECEMBER,DECEMBER,DECEMBER,DECEMBER,DECEMBER,DECEMBER,DECEMBER,DECEMBER,DECEMBER,DECEMBER,DECEMBER,DECEMBER,DECEMBER,DECEMBER,DECEMBER,DECEMBER,DECEMBER,DECEMBER,DECEMBER
Station ID Number:,94291,-,-,-,-,Type of Measurement:,GHI,GHI_Flag,DrHI_Calc,DrHI_Calc_Flag,DNI,DNI_Flag,DHI_Calc,DHI_Calc_Flag,Temperature,Temperature_Flag,GHI_original,GHI_original_Flag,DNI_original,DNI_original_Flag,NOTES
Station Name:,STW,-,-,-,-,Element:,1000,-,2000,-,2010,-,3000,-,9300,-,1000_original,-,2010_original,-,Contact Info: http://solardat.uoregon.edu
Station Location:,Seattle_Washington_USA,-,-,-,-,Instrument Serial Number:,PSP(23620F3),-,NIP(17009E6),-,NIP(17009E6),-,Computed from GHI and DNI,-,Temperature(STW),-,PSP(23620F3),-,NIP(17009E6),-,Element description at: http://solardat.uoregon.edu/DataElementNumbers.html
Latitude:,47.653871,-,-,-,-,Instrument Shorthand Name:,PSP(10),-,-,-,NIP(11),-,-,-,TEMP(STW),-,PSP(10),-,NIP(11),-,Flag description at: http://solardat.uoregon.edu/QualityControlFlags.html
Longitude (+ East):,-122.309481,-,-,-,-,Responsivity:,8.2956,microV/(W/m^2),-,-,8.3514,microV/(W/m^2),-,-,1000.0000000000001,microV?/C,8.2956,microV/(W/m^2),8.3514,microV/(W/m^2),Data has been calibrated using the responsivity values listed 
Altitude (m):,30.,-,-,-,-,Estimated Uncertainty (U95%):,2.5420000000000003,-,2.75,-,2.75,-,3.745,-,2.2,-,2.5420000000000003,-,2.75,-,The phrase (_original) means the data has not had the nighttime offset subtracted.
Time Zone (+ East):,-8.,-,-,-,-,Sample Method:,Avg,-,-,-,Avg,-,-,-,Avg,-,Avg,-,Avg,-,Data that has been (computed) was calculated from measured columns.
Time Interval (Minutes):,1,-,-,-,-,Units:,W/m^2,-,W/m^2,-,W/m^2,-,W/m^2,-,C,-,W/m^2,-,W/m^2,-,Date this file was created: 2018-10-31
Year//Month,2016//12,-,-,-,-,Column Notes:,AdjustedColumn,-,CalculatedColumn,-,AdjustedColumn,-,CalculatedColumn,-,MeasuredColumn,-,MeasuredColumn,-,MeasuredColumn,-,This file was created using code: Check data (2018-10-17).nb
-,-,-,-,-,-,-,-,-,-,-,-,-,-,-,-,-,-,-,-,-,-
