Station ID Number:,94169,-,-,-,-,Type of Measurement:,GHI,GHI_Flag,DrHI_Calc,DrHI_Calc_Flag,DNI,DNI_Flag,DHI_Calc,DHI_Calc_Flag,GHI_original,GHI_original_Flag,DNI_original,DNI_original_Flag,NOTES
Station Name:,HEO,-,-,-,-,Element:,1000,-,2000,-,2010,-,3000,-,1000_original,-,2010_original,-,Contact Info: http://solardat.uoregon.edu
Station Location:,Hermiston_Oregon_USA,-,-,-,-,Instrument Serial Number:,PSP(17854F3),-,NIP(17668E6),-,NIP(17668E6),-,Computed from GHI and DNI,-,PSP(17854F3),-,NIP(17668E6),-,File format description at: http://solardat.uoregon.edu/download/Papers/Structure_of_a_comprehensive_solar_radiation_dataset_ASES_2017_Final.pdf
Latitude:,45.818441,-,-,-,-,Instrument Shorthand Name:,PSP5,-,-,-,NIP4,-,-,-,PSP5,-,NIP4,-,Flag description at: http://solardat.uoregon.edu/QualityControlFlags.html
Longitude (+ East):,-119.284721,-,-,-,-,Responsivity:,7.444000000000001,microV/(W/m^2),-,-,8.72,microV/(W/m^2),-,-,7.444000000000001,microV/(W/m^2),8.72,microV/(W/m^2),Data has been calibrated using the responsivity values listed 
Altitude (m):,188.,-,-,-,-,Estimated Uncertainty (U95%):,2.8000000000000003,-,2.5300000000000002,-,2.5300000000000002,-,3.774,-,2.8000000000000003,-,2.5300000000000002,-,The phrase (_original) means the data has not had the nighttime offset subtracted (or any other adjustments).
Time Zone (+ East):,-8.,-,-,-,-,Sample Method:,Avg,-,-,-,Avg,-,-,-,Avg,-,Avg,-,Data that has been (computed) was calculated from measured columns.
Time Interval (Minutes):,60,-,-,-,-,Units:,W/m^2,-,W/m^2,-,W/m^2,-,W/m^2,-,W/m^2,-,W/m^2,-,Date this file was created: 2019-6-26
Year//Month,1980//02,-,-,-,-,Column Notes:,AdjustedColumn,-,CalculatedColumn,-,AdjustedColumn,-,CalculatedColumn,-,MeasuredColumn,-,MeasuredColumn,-,This file was created using code: AAA Check data (2019-06-26).nb
-,-,-,-,-,-,-,-,-,-,-,-,-,-,-,-,-,-,-,SZA horizon boundaries (East/West): 88/89
Day of month,Day of year,Time Sunrise (HH::MM:SS),Time Sunset (HH::MM:SS),Time Solar Noon (HH::MM:SS),Daily Total Energy ETR (kW h/m^2),Daily Total Energy ETRn (kW h/m^2),Daily Total Energy (kWh/m^2),Daily Total Uncertainty (U95%),Daily Total Energy (kWh/m^2),Daily Total Uncertainty (U95%),Daily Total Energy (kWh/m^2),Daily Total Uncertainty (U95%),Daily Total Energy (kWh/m^2),Daily Total Uncertainty (U95%),-,-,-,-,Assorted Daily Values (Rows 12 - 42)
1,32,07::21:33,16::58:44,12::10:40,3.934,12.818,0.919,2.8000000000000003,0.005,2.454,0.016,2.5300000000000002,0.914,3.775,-,-,-,-,-
2,33,07::20:31,17::00:11,12::10:47,3.988,12.839,0.389,2.8000000000000003,0.,100,0.,100,0.389,3.774,-,-,-,-,-
3,34,07::19:26,17::01:39,12::10:54,4.042,12.86,2.215,2.8000000000000003,1.549,2.531,4.081,2.5300000000000002,0.666,3.7720000000000002,-,-,-,-,-
4,35,07::18:18,17::03:08,12::11:00,4.097,12.882,2.678,2.8000000000000003,2.245,2.5300000000000002,6.274,2.5300000000000002,0.433,3.7720000000000002,-,-,-,-,-
5,36,07::17:08,17::04:37,12::11:06,4.1530000000000005,12.905000000000001,1.286,2.8000000000000003,0.054,2.5500000000000003,0.125,2.5300000000000002,1.232,3.773,-,-,-,-,-
6,37,07::15:56,17::06:07,12::11:10,4.21,12.929,2.003,2.8000000000000003,0.9540000000000001,2.531,2.107,2.5300000000000002,1.049,3.7720000000000002,-,-,-,-,-
7,38,07::14:42,17::07:37,12::11:14,4.267,12.953,2.677,2.8000000000000003,1.858,2.5300000000000002,5.1770000000000005,2.5300000000000002,0.8190000000000001,3.775,-,-,-,-,-
8,39,07::13:26,17::09:08,12::11:17,4.3260000000000005,12.978,1.0010000000000001,2.8000000000000003,0.005,2.323,0.01,2.5300000000000002,0.996,3.7760000000000002,-,-,-,-,-
9,40,07::12:07,17::10:39,12::11:19,4.385,13.004,0.989,2.8000000000000003,0.006,2.328,0.025,2.5300000000000002,0.983,3.7760000000000002,-,-,-,-,-
10,41,07::10:46,17::12:11,12::11:20,4.445,13.031,0.593,2.8000000000000003,0.,100,0.,100,0.593,3.774,-,-,-,-,-
11,42,07::09:24,17::13:44,12::11:21,4.507,13.058,0.465,2.8000000000000003,0.,100,0.,100,0.465,3.774,-,-,-,-,-
12,43,07::07:59,17::15:17,12::11:21,4.5680000000000005,13.086,0.725,2.8000000000000003,0.,100,0.,100,0.725,3.774,-,-,-,-,-
13,44,07::06:33,17::16:51,12::11:20,4.631,13.114,0.455,2.8000000000000003,0.,100,0.,100,0.455,3.774,-,-,-,-,-
14,45,07::05:04,17::18:26,12::11:18,4.695,13.143,1.284,2.8000000000000003,-,-,-,-,-,-,-,-,-,-,-
15,46,07::03:34,17::20:02,12::11:16,4.759,13.173,1.45,2.8000000000000003,-,-,-,-,-,-,-,-,-,-,-
16,47,07::02:02,17::21:40,12::11:12,4.824,13.203,1.367,2.8000000000000003,-,-,-,-,-,-,-,-,-,-,-
17,48,07::00:29,17::23:20,12::11:09,4.89,13.233,1.164,2.8000000000000003,-,-,-,-,-,-,-,-,-,-,-
18,49,06::58:53,17::25:05,12::11:04,4.956,13.265,0.785,2.8000000000000003,-,-,-,-,-,-,-,-,-,-,-
19,50,06::57:16,17::26:57,12::10:59,5.023,13.296000000000001,1.7690000000000001,2.8970000000000002,-,-,-,-,-,-,-,-,-,-,-
20,51,06::55:38,17::29:03,12::10:53,5.091,13.329,2.109,2.8000000000000003,-,-,-,-,-,-,-,-,-,-,-
21,52,06::53:58,17::31:26,12::10:46,5.159,13.361,2.842,2.8000000000000003,1.193,2.665,2.895,2.747,1.7810000000000001,4.025,-,-,-,-,-
22,53,06::52:16,17::32:34,12::10:39,5.2330000000000005,14.785,-,-,0.09,2.539,0.183,2.5300000000000002,-,-,-,-,-,-,-
23,54,06::50:33,17::33:43,12::10:31,5.308,14.818,2.886,2.8000000000000003,1.737,2.5300000000000002,3.598,2.5300000000000002,1.149,3.774,-,-,-,-,-
24,55,06::48:48,17::34:54,12::10:23,5.384,14.852,2.094,2.8000000000000003,0.134,2.5340000000000003,0.28400000000000003,2.5300000000000002,1.96,3.774,-,-,-,-,-
25,56,06::47:02,17::36:06,12::10:14,5.46,14.886000000000001,1.545,2.8000000000000003,0.35000000000000003,2.532,0.668,2.5300000000000002,1.195,3.773,-,-,-,-,-
26,57,06::45:13,17::37:20,12::10:04,5.537,14.92,0.666,2.8000000000000003,0.,100,0.,100,0.666,3.774,-,-,-,-,-
27,58,06::43:23,17::38:34,12::09:54,5.615,14.956,1.077,2.8000000000000003,-,-,-,-,-,-,-,-,-,-,-
28,59,06::41:31,17::39:49,12::09:43,5.6930000000000005,14.991,2.6310000000000002,2.8000000000000003,-,-,-,-,-,-,-,-,-,-,-
29,60,06::39:36,17::41:05,12::09:32,5.772,15.028,3.7920000000000003,3.214,2.844,2.928,5.992,2.871,0.987,4.21,-,-,-,-,-
-,-,-,-,-,-,-,-,-,-,-,-,-,-,-,-,-,-,-,-
-,-,-,-,-,-,-,-,-,-,-,-,-,-,-,-,-,-,-,-
-,-,-,-,-,-,-,-,-,-,-,-,-,-,-,-,-,-,-,-
year.fractionofyear,dayofyear.fractionofday,YYYY-MM-DD--HH:MM:SS,SZA,AZM,ETR (W/m^2),ETRn (W/m^2),GHI,GHI_Flag,DrHI_Calc,DrHI_Calc_Flag,DNI,DNI_Flag,DHI_Calc,DHI_Calc_Flag,GHI_original,GHI_original_Flag,DNI_original,DNI_original_Flag,Data_Begins_Next_Row
1980.0848132969036,32.041666666666664,1980-02-01--01:00:00,151.19213000000002,9.617750000000001,0,0.,0.,12,0.,72,0.,12,0.,72,NA,11,NA,11,-
1980.084927140255,32.08333333333333,1980-02-01--02:00:00,147.0372,36.55006,0,0.,0.,12,0.,72,0.,12,0.,72,NA,11,NA,11,-
1980.0850409836066,32.125,1980-02-01--03:00:00,139.3882,56.930730000000004,0,0.,0.,12,0.,72,0.,12,0.,72,NA,11,NA,11,-
1980.0851548269584,32.166666666666664,1980-02-01--04:00:00,129.94140000000002,72.15436000000001,0,0.,0.,12,0.,72,0.,12,0.,72,NA,11,NA,11,-
1980.08526867031,32.20833333333333,1980-02-01--05:00:00,119.70792000000002,84.40928000000001,0,0.,0.,12,0.,72,0.,12,0.,72,NA,11,NA,11,-
1980.0853825136614,32.25,1980-02-01--06:00:00,109.25603000000001,95.20190000000001,0,0.,0.,12,0.,72,0.,12,0.,72,NA,11,NA,11,-
1980.085496357013,32.291666666666664,1980-02-01--07:00:00,98.95955000000001,105.50537000000001,0,0.,0.,12,0.,72,0.,12,0.,72,NA,11,NA,11,-
1980.0856102003645,32.33333333333333,1980-02-01--08:00:00,88.84427000000001,116.01662,3.98,197.25,0.,92,0.,92,0.,92,0.,92,NA,91,NA,91,-
1980.085724043716,32.375,1980-02-01--09:00:00,80.23351000000001,127.29765,237.89000000000001,1402.38,27.,12,0.,72,0.,12,27.,72,NA,11,NA,11,-
1980.0858378870676,32.416666666666664,1980-02-01--10:00:00,72.68682000000001,139.80450000000002,417.34000000000003,1402.3700000000001,72.,12,0.,72,0.,12,72.,72,NA,11,NA,11,-
1980.085951730419,32.45833333333333,1980-02-01--11:00:00,66.96075,153.79641,548.83,1402.3500000000001,122.,12,0.,72,0.,12,122.,72,NA,11,NA,11,-
1980.0860655737706,32.5,1980-02-01--12:00:00,63.626070000000006,169.13908,622.95,1402.33,150.,12,0.,72,0.,12,150.,72,NA,11,NA,11,-
1980.0861794171221,32.541666666666664,1980-02-01--13:00:00,63.094170000000005,185.16301,634.58,1402.31,108.,12,0.,72,0.,12,108.,72,NA,11,NA,11,-
1980.0862932604737,32.58333333333333,1980-02-01--14:00:00,65.43747,200.86074000000002,582.92,1402.3,164.,12,2.08,72,5.,12,161.92000000000002,72,NA,11,NA,11,-
1980.0864071038254,32.625,1980-02-01--15:00:00,70.35061,215.39355,471.54,1402.28,166.,12,1.01,72,3.,12,164.99,72,NA,11,NA,11,-
1980.086520947177,32.666666666666664,1980-02-01--16:00:00,77.29989,228.43632000000002,308.28000000000003,1402.26,91.,12,1.76,72,8.,12,89.24,72,NA,11,NA,11,-
1980.0866347905285,32.70833333333333,1980-02-01--17:00:00,85.66172,240.13097000000002,106.07000000000001,1402.24,19.,12,0.,72,0.,12,19.,72,NA,11,NA,11,-
1980.08674863388,32.75,1980-02-01--18:00:00,95.27535,250.88012000000003,0,0.,0.,12,0.,72,0.,12,0.,72,NA,11,NA,11,-
1980.0868624772315,32.791666666666664,1980-02-01--19:00:00,105.43846,261.21144000000004,0,0.,0.,12,0.,72,0.,12,0.,72,NA,11,NA,11,-
1980.086976320583,32.83333333333333,1980-02-01--20:00:00,115.85727000000001,271.76477,0,0.,0.,12,0.,72,0.,12,0.,72,NA,11,NA,11,-
1980.0870901639346,32.875,1980-02-01--21:00:00,126.20023,283.39133000000004,0,0.,0.,12,0.,72,0.,12,0.,72,NA,11,NA,11,-
1980.0872040072861,32.916666666666664,1980-02-01--22:00:00,135.98514,297.36798000000005,0,0.,0.,12,0.,72,0.,12,0.,72,NA,11,NA,11,-
1980.0873178506376,32.95833333333333,1980-02-01--23:00:00,144.39281000000003,315.64168,0,0.,0.,12,0.,72,0.,12,0.,72,NA,11,NA,11,-
1980.0874316939892,33.,1980-02-01--24:00:00,149.97527000000002,340.22611,0,0.,0.,12,0.,72,0.,12,0.,72,NA,11,NA,11,-
1980.0875455373407,33.041666666666664,1980-02-02--01:00:00,150.9146,9.47972,0,0.,0.,12,0.,72,0.,12,0.,72,NA,11,NA,11,-
1980.0876593806925,33.08333333333333,1980-02-02--02:00:00,146.7955,36.271170000000005,0,0.,0.,12,0.,72,0.,12,0.,72,NA,11,NA,11,-
1980.087773224044,33.125,1980-02-02--03:00:00,139.18299000000002,56.62568,0,0.,0.,12,0.,72,0.,12,0.,72,NA,11,NA,11,-
1980.0878870673955,33.166666666666664,1980-02-02--04:00:00,129.75908,71.86727,0,0.,0.,12,0.,72,0.,12,0.,72,NA,11,NA,11,-
1980.088000910747,33.20833333333333,1980-02-02--05:00:00,119.53552,84.14642,0,0.,0.,12,0.,72,0.,12,0.,72,NA,11,NA,11,-
1980.0881147540986,33.25,1980-02-02--06:00:00,109.08354000000001,94.95972,0,0.,0.,12,0.,72,0.,12,0.,72,NA,11,NA,11,-
1980.08822859745,33.291666666666664,1980-02-02--07:00:00,98.77870000000001,105.27974,0,0.,0.,12,0.,72,0.,12,0.,72,NA,11,NA,11,-
1980.0883424408016,33.33333333333333,1980-02-02--08:00:00,88.66931000000001,115.80569000000001,5.15,221.57,0.,92,0.,92,0.,92,0.,92,NA,91,NA,91,-
1980.0884562841532,33.375,1980-02-02--09:00:00,80.02152000000001,127.10344,242.93,1401.96,7.,12,0.,72,0.,12,7.,72,NA,11,NA,11,-
1980.0885701275047,33.416666666666664,1980-02-02--10:00:00,72.45066,139.63441,422.72,1401.95,15.,12,0.,72,0.,12,15.,72,NA,11,NA,11,-
1980.0886839708562,33.45833333333333,1980-02-02--11:00:00,66.70098,153.66389,554.5,1401.93,67.,12,0.,72,0.,12,67.,72,NA,11,NA,11,-
1980.0887978142077,33.5,1980-02-02--12:00:00,63.347660000000005,169.06047,628.86,1401.91,80.,12,0.,72,0.,12,80.,72,NA,11,NA,11,-
1980.0889116575595,33.541666666666664,1980-02-02--13:00:00,62.80709,185.14918,640.65,1401.89,90.,12,0.,72,0.,12,90.,72,NA,11,NA,11,-
1980.089025500911,33.58333333333333,1980-02-02--14:00:00,65.15344,200.90964000000002,589.0500000000001,1401.88,59.,12,0.,72,0.,12,59.,72,NA,11,NA,11,-
1980.0891393442625,33.625,1980-02-02--15:00:00,70.07860000000001,215.49244000000002,477.66,1401.8600000000001,48.,12,0.,72,0.,12,48.,72,NA,11,NA,11,-
1980.089253187614,33.666666666666664,1980-02-02--16:00:00,77.04428,228.57033,314.29,1401.84,19.,12,0.,72,0.,12,19.,72,NA,11,NA,11,-
1980.0893670309656,33.70833333333333,1980-02-02--17:00:00,85.42760000000001,240.28911000000002,111.75,1401.82,4.,12,0.,72,0.,12,4.,72,NA,11,NA,11,-
1980.0894808743171,33.75,1980-02-02--18:00:00,95.04351000000001,251.05650000000003,0,0.,0.,12,0.,72,0.,12,0.,72,NA,11,NA,11,-
1980.0895947176687,33.791666666666664,1980-02-02--19:00:00,105.21700000000001,261.40416000000005,0,0.,0.,12,0.,72,0.,12,0.,72,NA,11,NA,11,-
1980.0897085610202,33.83333333333333,1980-02-02--20:00:00,115.63812000000001,271.97421,0,0.,0.,12,0.,72,0.,12,0.,72,NA,11,NA,11,-
1980.0898224043717,33.875,1980-02-02--21:00:00,125.9758,283.61726000000004,0,0.,0.,12,0.,72,0.,12,0.,72,NA,11,NA,11,-
1980.0899362477232,33.916666666666664,1980-02-02--22:00:00,135.74605000000003,297.60237,0,0.,0.,12,0.,72,0.,12,0.,72,NA,11,NA,11,-
1980.0900500910748,33.95833333333333,1980-02-02--23:00:00,144.12952,315.84849,0,0.,0.,12,0.,72,0.,12,0.,72,NA,11,NA,11,-
1980.0901639344263,34.,1980-02-02--24:00:00,149.68849,340.30999,0,0.,0.,12,0.,72,0.,12,0.,72,NA,11,NA,11,-
1980.090277777778,34.041666666666664,1980-02-03--01:00:00,150.63162000000003,9.34928,0,0.,0.,12,0.,72,0.,12,0.,72,NA,11,NA,11,-
1980.0903916211296,34.08333333333333,1980-02-03--02:00:00,146.54734000000002,35.99718,0,0.,0.,12,0.,72,0.,12,0.,72,NA,11,NA,11,-
1980.090505464481,34.125,1980-02-03--03:00:00,138.97111,56.322410000000005,0,0.,0.,12,0.,72,0.,12,0.,72,NA,11,NA,11,-
1980.0906193078326,34.166666666666664,1980-02-03--04:00:00,129.57029,71.58023,0,0.,0.,12,0.,72,0.,12,0.,72,NA,11,NA,11,-
1980.0907331511842,34.20833333333333,1980-02-03--05:00:00,119.35689,83.88285,0,0.,0.,12,0.,72,0.,12,0.,72,NA,11,NA,11,-
1980.0908469945357,34.25,1980-02-03--06:00:00,108.90502000000001,94.71655000000001,0,0.,0.,12,0.,72,0.,12,0.,72,NA,11,NA,11,-
1980.0909608378872,34.291666666666664,1980-02-03--07:00:00,98.59192,105.05311,0,0.,0.,12,0.,72,0.,12,0.,72,NA,11,NA,11,-
1980.0910746812388,34.33333333333333,1980-02-03--08:00:00,88.48764000000001,115.5939,6.51,246.81,0.,92,0.,92,0.,92,0.,92,NA,91,NA,91,-
1980.0911885245903,34.375,1980-02-03--09:00:00,79.80376000000001,126.90867000000001,248.1,1401.53,24.,12,0.,72,0.,12,24.,72,NA,11,NA,11,-
1980.0913023679418,34.416666666666664,1980-02-03--10:00:00,72.20880000000001,139.46436,428.23,1401.51,129.,12,42.17,72,138.,12,86.83,72,NA,11,NA,11,-
1980.0914162112933,34.45833333333333,1980-02-03--11:00:00,66.43565000000001,153.53238000000002,560.29,1401.5,339.,12,234.27,72,586.,12,104.73,72,NA,11,NA,11,-
1980.091530054645,34.5,1980-02-03--12:00:00,63.06398000000001,168.98423000000003,634.86,1401.48,406.,12,279.95,72,618.,12,126.05,72,NA,11,NA,11,-
1980.0916438979966,34.541666666666664,1980-02-03--13:00:00,62.51531000000001,185.13919,646.79,1401.46,432.,12,326.75,72,708.,12,105.25,72,NA,11,NA,11,-
1980.0917577413481,34.58333333333333,1980-02-03--14:00:00,64.86551,200.96355000000003,595.25,1401.44,397.,12,307.51,72,724.,12,89.49,72,NA,11,NA,11,-
1980.0918715846997,34.625,1980-02-03--15:00:00,69.80352,215.59694000000002,483.83,1401.42,290.,12,224.41,72,650.,12,65.59,72,NA,11,NA,11,-
1980.0919854280512,34.666666666666664,1980-02-03--16:00:00,76.78632,228.7101,320.34000000000003,1401.41,171.,12,125.04,72,547.,12,45.96,72,NA,11,NA,11,-
1980.0920992714027,34.70833333333333,1980-02-03--17:00:00,85.19062000000001,240.45293,117.49000000000001,1401.39,27.,12,9.22,72,110.,12,17.78,72,NA,11,NA,11,-
1980.0922131147543,34.75,1980-02-03--18:00:00,94.80997,251.23843000000002,0,0.,0.,12,0.,72,0.,12,0.,72,NA,11,NA,11,-
1980.0923269581058,34.791666666666664,1980-02-03--19:00:00,104.99425000000001,261.60241,0,0.,0.,12,0.,72,0.,12,0.,72,NA,11,NA,11,-
1980.0924408014573,34.83333333333333,1980-02-03--20:00:00,115.41761000000001,272.18922000000003,0,0.,0.,12,0.,72,0.,12,0.,72,NA,11,NA,11,-
1980.0925546448088,34.875,1980-02-03--21:00:00,125.74973000000001,283.84892,0,0.,0.,12,0.,72,0.,12,0.,72,NA,11,NA,11,-
1980.0926684881604,34.916666666666664,1980-02-03--22:00:00,135.50478,297.84270000000004,0,0.,0.,12,0.,72,0.,12,0.,72,NA,11,NA,11,-
1980.0927823315121,34.95833333333333,1980-02-03--23:00:00,143.86328,316.0615,0,0.,0.,12,0.,72,0.,12,0.,72,NA,11,NA,11,-
1980.0928961748637,35.,1980-02-03--24:00:00,149.39770000000001,340.40081000000004,0,0.,0.,12,0.,72,0.,12,0.,72,NA,11,NA,11,-
1980.0930100182152,35.041666666666664,1980-02-04--01:00:00,150.34332,9.22634,0,0.,0.,12,0.,72,0.,12,0.,72,NA,11,NA,11,-
1980.0931238615667,35.08333333333333,1980-02-04--02:00:00,146.29284,35.72824,0,0.,0.,12,0.,72,0.,12,0.,72,NA,11,NA,11,-
1980.0932377049182,35.125,1980-02-04--03:00:00,138.75266000000002,56.02112,0,0.,0.,12,0.,72,0.,12,0.,72,NA,11,NA,11,-
1980.0933515482698,35.166666666666664,1980-02-04--04:00:00,129.37508,71.29341000000001,0,0.,0.,12,0.,72,0.,12,0.,72,NA,11,NA,11,-
1980.0934653916213,35.20833333333333,1980-02-04--05:00:00,119.17210000000001,83.61871000000001,0,0.,0.,12,0.,72,0.,12,0.,72,NA,11,NA,11,-
1980.0935792349728,35.25,1980-02-04--06:00:00,108.72055,94.47252,0,0.,0.,12,0.,72,0.,12,0.,72,NA,11,NA,11,-
1980.0936930783243,35.291666666666664,1980-02-04--07:00:00,98.39927,104.82554,0,0.,0.,12,0.,72,0.,12,0.,72,NA,11,NA,11,-
1980.0938069216759,35.33333333333333,1980-02-04--08:00:00,88.29931,115.38129,8.1,272.97,23.,92,3.5300000000000002,92,119.,92,19.47,92,NA,91,NA,91,-
1980.0939207650274,35.375,1980-02-04--09:00:00,79.58032,126.71341000000001,253.4,1401.09,140.,12,105.44,72,583.,12,34.56,72,NA,11,NA,11,-
1980.0940346083792,35.416666666666664,1980-02-04--10:00:00,71.96134,139.29439000000002,433.85,1401.07,275.,12,237.51,72,767.,12,37.49,72,NA,11,NA,11,-
1980.0941484517307,35.45833333333333,1980-02-04--11:00:00,66.16483000000001,153.40191000000002,566.17,1401.05,388.,12,342.68,72,848.,12,45.32,72,NA,11,NA,11,-
1980.0942622950822,35.5,1980-02-04--12:00:00,62.775130000000004,168.91039,640.95,1401.03,447.,12,404.87,72,885.,12,42.13,72,NA,11,NA,11,-
1980.0943761384337,35.541666666666664,1980-02-04--13:00:00,62.21894,185.13309,653.,1401.01,467.,12,412.49,72,885.,12,54.51,72,NA,11,NA,11,-
1980.0944899817853,35.58333333333333,1980-02-04--14:00:00,64.57379,201.0225,601.52,1401.,418.,12,356.36,72,830.,12,61.64,72,NA,11,NA,11,-
1980.0946038251368,35.625,1980-02-04--15:00:00,69.52550000000001,215.70706,490.05,1400.98,300.,12,230.86,72,660.,12,69.14,72,NA,11,NA,11,-
1980.0947176684883,35.666666666666664,1980-02-04--16:00:00,76.52613000000001,228.85559,326.43,1400.96,190.,12,144.93,72,622.,12,45.07,72,NA,11,NA,11,-
1980.0948315118399,35.70833333333333,1980-02-04--17:00:00,84.95149,240.62236000000001,123.28,1400.94,30.,12,6.6000000000000005,72,75.,12,23.400000000000002,72,NA,11,NA,11,-
1980.0949453551914,35.75,1980-02-04--18:00:00,94.57479000000001,251.42586000000003,0,0.,0.,12,0.,72,0.,12,0.,72,NA,11,NA,11,-
1980.095059198543,35.791666666666664,1980-02-04--19:00:00,104.77027000000001,261.80607000000003,0,0.,0.,12,0.,72,0.,12,0.,72,NA,11,NA,11,-
1980.0951730418944,35.83333333333333,1980-02-04--20:00:00,115.1958,272.40969,0,0.,0.,12,0.,72,0.,12,0.,72,NA,11,NA,11,-
1980.0952868852462,35.875,1980-02-04--21:00:00,125.52206000000001,284.08617000000004,0,0.,0.,12,0.,72,0.,12,0.,72,NA,11,NA,11,-
1980.0954007285977,35.916666666666664,1980-02-04--22:00:00,135.26138,298.08877,0,0.,0.,12,0.,72,0.,12,0.,72,NA,11,NA,11,-
1980.0955145719493,35.95833333333333,1980-02-04--23:00:00,143.59413,316.28046,0,0.,0.,12,0.,72,0.,12,0.,72,NA,11,NA,11,-
1980.0956284153008,36.,1980-02-04--24:00:00,149.10302000000001,340.49835,0,0.,0.,12,0.,72,0.,12,0.,72,NA,11,NA,11,-
1980.0957422586523,36.041666666666664,1980-02-05--01:00:00,150.04982,9.11078,0,0.,0.,12,0.,72,0.,12,0.,72,NA,11,NA,11,-
1980.0958561020038,36.08333333333333,1980-02-05--02:00:00,146.03213000000002,35.46444,0,0.,0.,12,0.,72,0.,12,0.,72,NA,11,NA,11,-
1980.0959699453554,36.125,1980-02-05--03:00:00,138.52773000000002,55.722,0,0.,0.,12,0.,72,0.,12,0.,72,NA,11,NA,11,-
1980.096083788707,36.166666666666664,1980-02-05--04:00:00,129.17355,71.00699,0,0.,0.,12,0.,72,0.,12,0.,72,NA,11,NA,11,-
1980.0961976320584,36.20833333333333,1980-02-05--05:00:00,118.98122000000001,83.35415,0,0.,0.,12,0.,72,0.,12,0.,72,NA,11,NA,11,-
1980.09631147541,36.25,1980-02-05--06:00:00,108.53019,94.22773000000001,0,0.,0.,12,0.,72,0.,12,0.,72,NA,11,NA,11,-
1980.0964253187615,36.291666666666664,1980-02-05--07:00:00,98.20082000000001,104.59715000000001,0,0.,0.,12,0.,72,0.,12,0.,72,NA,11,NA,11,-
1980.096539162113,36.33333333333333,1980-02-05--08:00:00,88.10442,115.16796000000001,9.92,300.01,4.,92,0.,92,0.,92,4.,92,NA,91,NA,91,-
1980.0966530054648,36.375,1980-02-05--09:00:00,79.35129,126.5177,258.82,1400.63,53.,12,0.,72,0.,12,53.,72,NA,11,NA,11,-
1980.0967668488163,36.416666666666664,1980-02-05--10:00:00,71.70837,139.12453000000002,439.59000000000003,1400.6100000000001,141.,12,4.39,72,14.,12,136.61,72,NA,11,NA,11,-
1980.0968806921678,36.45833333333333,1980-02-05--11:00:00,65.88865,153.27251,572.16,1400.6000000000001,201.,12,4.49,72,11.,12,196.51,72,NA,11,NA,11,-
1980.0969945355193,36.5,1980-02-05--12:00:00,62.481230000000004,168.83896000000001,647.12,1400.58,320.,12,43.89,72,95.,12,276.11,72,NA,11,NA,11,-
1980.0971083788709,36.541666666666664,1980-02-05--13:00:00,61.91809000000001,185.13089000000002,659.29,1400.56,149.,12,0.,72,0.,12,149.,72,NA,11,NA,11,-
1980.0972222222224,36.58333333333333,1980-02-05--14:00:00,64.27839,201.08650000000003,607.83,1400.54,160.,12,0.,72,0.,12,160.,72,NA,11,NA,11,-
1980.097336065574,36.625,1980-02-05--15:00:00,69.24465000000001,215.82278000000002,496.31,1400.52,146.,12,1.42,72,4.,12,144.58,72,NA,11,NA,11,-
1980.0974499089255,36.666666666666664,1980-02-05--16:00:00,76.26382000000001,229.00678000000002,332.55,1400.5,87.,12,0.24,72,1.,12,86.76,72,NA,11,NA,11,-
1980.097563752277,36.70833333333333,1980-02-05--17:00:00,84.71084,240.79737000000003,129.1,1400.48,25.,12,0.,72,0.,12,25.,72,NA,11,NA,11,-
1980.0976775956285,36.75,1980-02-05--18:00:00,94.33798,251.61870000000002,0,0.,0.,12,0.,72,0.,12,0.,72,NA,11,NA,11,-
1980.09779143898,36.791666666666664,1980-02-05--19:00:00,104.54514,262.01507000000004,0,0.,0.,12,0.,72,0.,12,0.,72,NA,11,NA,11,-
1980.0979052823318,36.83333333333333,1980-02-05--20:00:00,114.97275,272.63550000000004,0,0.,0.,12,0.,72,0.,12,0.,72,NA,11,NA,11,-
1980.0980191256833,36.875,1980-02-05--21:00:00,125.29284000000001,284.32884,0,0.,0.,12,0.,72,0.,12,0.,72,NA,11,NA,11,-
1980.0981329690349,36.916666666666664,1980-02-05--22:00:00,135.01591000000002,298.34041,0,0.,0.,12,0.,72,0.,12,0.,72,NA,11,NA,11,-
1980.0982468123864,36.95833333333333,1980-02-05--23:00:00,143.32215000000002,316.50515,0,0.,0.,12,0.,72,0.,12,0.,72,NA,11,NA,11,-
1980.098360655738,37.,1980-02-05--24:00:00,148.80452000000002,340.60234,0,0.,0.,12,0.,72,0.,12,0.,72,NA,11,NA,11,-
1980.0984744990894,37.041666666666664,1980-02-06--01:00:00,149.75126,9.002500000000001,0,0.,0.,12,0.,72,0.,12,0.,72,NA,11,NA,11,-
1980.098588342441,37.08333333333333,1980-02-06--02:00:00,145.76532,35.205890000000004,0,0.,0.,12,0.,72,0.,12,0.,72,NA,11,NA,11,-
1980.0987021857925,37.125,1980-02-06--03:00:00,138.29642,55.42522,0,0.,0.,12,0.,72,0.,12,0.,72,NA,11,NA,11,-
1980.098816029144,37.166666666666664,1980-02-06--04:00:00,128.96578000000002,70.72113,0,0.,0.,12,0.,72,0.,12,0.,72,NA,11,NA,11,-
1980.0989298724955,37.20833333333333,1980-02-06--05:00:00,118.78433000000001,83.08929,0,0.,0.,12,0.,72,0.,12,0.,72,NA,11,NA,11,-
1980.099043715847,37.25,1980-02-06--06:00:00,108.33401,93.98229,0,0.,0.,12,0.,72,0.,12,0.,72,NA,11,NA,11,-
1980.0991575591988,37.291666666666664,1980-02-06--07:00:00,97.99666,104.36801000000001,0,0.,0.,12,0.,72,0.,12,0.,72,NA,11,NA,11,-
1980.0992714025504,37.33333333333333,1980-02-06--08:00:00,87.90308,114.95396000000001,12.,327.92,9.,12,0.,72,0.,12,9.,72,NA,11,NA,11,-
1980.0993852459019,37.375,1980-02-06--09:00:00,79.11677,126.32159000000001,264.36,1400.17,60.,12,0.,72,0.,12,60.,72,NA,11,NA,11,-
1980.0994990892534,37.416666666666664,1980-02-06--10:00:00,71.45,138.95483000000002,445.43,1400.15,100.,12,12.41,72,39.,12,87.59,72,NA,11,NA,11,-
1980.099612932605,37.45833333333333,1980-02-06--11:00:00,65.60719,153.1442,578.24,1400.13,268.,12,181.3,72,439.,12,86.7,72,NA,11,NA,11,-
1980.0997267759565,37.5,1980-02-06--12:00:00,62.182370000000006,168.76999,653.37,1400.1100000000001,592.,12,386.39,72,828.,12,205.61,72,NA,11,NA,11,-
1980.099840619308,37.541666666666664,1980-02-06--13:00:00,61.61287000000001,185.13263,665.64,1400.09,518.,12,312.36,72,657.,12,205.64000000000001,72,NA,11,NA,11,-
1980.0999544626595,37.58333333333333,1980-02-06--14:00:00,63.97943000000001,201.15556,614.2,1400.07,256.,12,56.59,72,129.,12,199.41,72,NA,11,NA,11,-
1980.100068306011,37.625,1980-02-06--15:00:00,68.96108000000001,215.94409000000002,502.62,1400.05,148.,12,5.39,72,15.,12,142.61,72,NA,11,NA,11,-
1980.1001821493626,37.666666666666664,1980-02-06--16:00:00,75.99948,229.16361,338.71,1400.03,34.,12,0.,72,0.,12,34.,72,NA,11,NA,11,-
1980.100295992714,37.70833333333333,1980-02-06--17:00:00,84.46875,240.97788000000003,134.94,1400.01,18.,12,0.,72,0.,12,18.,72,NA,11,NA,11,-
1980.1004098360659,37.75,1980-02-06--18:00:00,94.09957000000001,251.81688000000003,0,0.,0.,12,0.,72,0.,12,0.,72,NA,11,NA,11,-
1980.1005236794174,37.791666666666664,1980-02-06--19:00:00,104.31891,262.22929000000005,0,0.,0.,12,0.,72,0.,12,0.,72,NA,11,NA,11,-
1980.100637522769,37.83333333333333,1980-02-06--20:00:00,114.74852000000001,272.86654000000004,0,0.,0.,12,0.,72,0.,12,0.,72,NA,11,NA,11,-
1980.1007513661204,37.875,1980-02-06--21:00:00,125.06213000000001,284.57681,0,0.,0.,12,0.,72,0.,12,0.,72,NA,11,NA,11,-
1980.100865209472,37.916666666666664,1980-02-06--22:00:00,134.7684,298.59741,0,0.,0.,12,0.,72,0.,12,0.,72,NA,11,NA,11,-
1980.1009790528235,37.95833333333333,1980-02-06--23:00:00,143.0474,316.73532,0,0.,0.,12,0.,72,0.,12,0.,72,NA,11,NA,11,-
1980.101092896175,38.,1980-02-06--24:00:00,148.50230000000002,340.71253,0,0.,0.,12,0.,72,0.,12,0.,72,NA,11,NA,11,-
1980.1012067395266,38.041666666666664,1980-02-07--01:00:00,149.44776000000002,8.90135,0,0.,0.,12,0.,72,0.,12,0.,72,NA,11,NA,11,-
1980.101320582878,38.08333333333333,1980-02-07--02:00:00,145.49255000000002,34.95266,0,0.,0.,12,0.,72,0.,12,0.,72,NA,11,NA,11,-
1980.1014344262296,38.125,1980-02-07--03:00:00,138.05883,55.130930000000006,0,0.,0.,12,0.,72,0.,12,0.,72,NA,11,NA,11,-
1980.1015482695811,38.166666666666664,1980-02-07--04:00:00,128.75184000000002,70.43599,0,0.,0.,12,0.,72,0.,12,0.,72,NA,11,NA,11,-
1980.101662112933,38.20833333333333,1980-02-07--05:00:00,118.5815,82.82428,0,0.,0.,12,0.,72,0.,12,0.,72,NA,11,NA,11,-
1980.1017759562844,38.25,1980-02-07--06:00:00,108.13211000000001,93.73631,0,0.,0.,12,0.,72,0.,12,0.,72,NA,11,NA,11,-
1980.101889799636,38.291666666666664,1980-02-07--07:00:00,97.78687000000001,104.13821000000002,0,0.,0.,12,0.,72,0.,12,0.,72,NA,11,NA,11,-
1980.1020036429875,38.33333333333333,1980-02-07--08:00:00,87.6954,114.73935000000002,14.34,356.69,16.,12,3.98,72,99.,12,12.02,72,NA,11,NA,11,-
1980.102117486339,38.375,1980-02-07--09:00:00,78.87684,126.12514000000002,270.03000000000003,1399.69,151.,12,85.66,72,444.,12,65.34,72,NA,11,NA,11,-
1980.1022313296905,38.416666666666664,1980-02-07--10:00:00,71.18632000000001,138.78531,451.38,1399.67,285.,12,203.49,72,631.,12,81.51,72,NA,11,NA,11,-
1980.102345173042,38.45833333333333,1980-02-07--11:00:00,65.32058,153.01700000000002,584.41,1399.65,378.,12,277.25,72,664.,12,100.75,72,NA,11,NA,11,-
1980.1024590163936,38.5,1980-02-07--12:00:00,61.87867000000001,168.70348,659.7,1399.63,424.,12,288.93,72,613.,12,135.07,72,NA,11,NA,11,-
1980.1025728597451,38.541666666666664,1980-02-07--13:00:00,61.30341000000001,185.13831000000002,672.0500000000001,1399.6100000000001,473.,12,355.81,72,741.,12,117.19,72,NA,11,NA,11,-
1980.1026867030967,38.58333333333333,1980-02-07--14:00:00,63.67703,201.2297,620.62,1399.59,399.,12,236.35,72,533.,12,162.65,72,NA,11,NA,11,-
1980.1028005464482,38.625,1980-02-07--15:00:00,68.67490000000001,216.07098000000002,508.96000000000004,1399.57,323.,12,249.83,72,687.,12,73.17,72,NA,11,NA,11,-
1980.1029143897997,38.666666666666664,1980-02-07--16:00:00,75.73322,229.32607000000002,344.90000000000003,1399.54,183.,12,134.31,72,545.,12,48.69,72,NA,11,NA,11,-
1980.1030282331515,38.70833333333333,1980-02-07--17:00:00,84.22487000000001,241.16383000000002,140.83,1399.52,45.,12,22.14,72,220.,12,22.86,72,NA,11,NA,11,-
1980.103142076503,38.75,1980-02-07--18:00:00,93.85956,252.02031000000002,0,0.,0.,12,2.,72,2.,12,0.,72,NA,11,NA,11,-
1980.1032559198545,38.791666666666664,1980-02-07--19:00:00,104.09166,262.44864,0,0.,0.,12,0.,72,0.,12,0.,72,NA,11,NA,11,-
1980.103369763206,38.83333333333333,1980-02-07--20:00:00,114.52315000000002,273.10266,0,0.,0.,12,0.,72,0.,12,0.,72,NA,11,NA,11,-
1980.1034836065576,38.875,1980-02-07--21:00:00,124.82997000000002,284.82991000000004,0,0.,0.,12,0.,72,0.,12,0.,72,NA,11,NA,11,-
1980.103597449909,38.916666666666664,1980-02-07--22:00:00,134.51891,298.85958000000005,0,0.,0.,12,0.,72,0.,12,0.,72,NA,11,NA,11,-
1980.1037112932606,38.95833333333333,1980-02-07--23:00:00,142.76993000000002,316.97074000000003,0,0.,0.,12,0.,72,0.,12,0.,72,NA,11,NA,11,-
1980.1038251366122,39.,1980-02-07--24:00:00,148.19645,340.82868,0,0.,0.,12,0.,72,0.,12,0.,72,NA,11,NA,11,-
1980.1039389799637,39.041666666666664,1980-02-08--01:00:00,149.13946,8.8072,0,0.,0.,12,0.,72,0.,12,0.,72,NA,11,NA,11,-
1980.1040528233152,39.08333333333333,1980-02-08--02:00:00,145.21395,34.70481,0,0.,0.,12,0.,72,0.,12,0.,72,NA,11,NA,11,-
1980.1041666666667,39.125,1980-02-08--03:00:00,137.81508000000002,54.839310000000005,0,0.,0.,12,0.,72,0.,12,0.,72,NA,11,NA,11,-
1980.1042805100185,39.166666666666664,1980-02-08--04:00:00,128.53183,70.15172000000001,0,0.,0.,12,0.,72,0.,12,0.,72,NA,11,NA,11,-
1980.10439435337,39.20833333333333,1980-02-08--05:00:00,118.37281000000002,82.55924,0,0.,0.,12,0.,72,0.,12,0.,72,NA,11,NA,11,-
1980.1045081967216,39.25,1980-02-08--06:00:00,107.92456000000001,93.48988000000001,0,0.,0.,12,0.,72,0.,12,0.,72,NA,11,NA,11,-
1980.104622040073,39.291666666666664,1980-02-08--07:00:00,97.57151,103.90782000000002,0,0.,0.,12,0.,72,0.,12,0.,72,NA,11,NA,11,-
1980.1047358834246,39.33333333333333,1980-02-08--08:00:00,87.48151,114.52421000000001,16.97,386.27,0.,12,0.,72,0.,12,0.,72,NA,11,NA,11,-
1980.1048497267761,39.375,1980-02-08--09:00:00,78.63162000000001,125.92838,275.8,1399.2,40.,12,0.,72,0.,12,40.,72,NA,11,NA,11,-
1980.1049635701277,39.416666666666664,1980-02-08--10:00:00,70.91744,138.616,457.43,1399.17,91.,12,0.,72,0.,12,91.,72,NA,11,NA,11,-
1980.1050774134792,39.45833333333333,1980-02-08--11:00:00,65.02891000000001,152.89093000000003,590.67,1399.15,86.,12,0.,72,0.,12,86.,72,NA,11,NA,11,-
1980.1051912568307,39.5,1980-02-08--12:00:00,61.57025000000001,168.63945,666.1,1399.13,114.,12,0.,72,0.,12,114.,72,NA,11,NA,11,-
1980.1053051001822,39.541666666666664,1980-02-08--13:00:00,60.9898,185.14797000000002,678.52,1399.1100000000001,238.,12,1.45,72,3.,12,236.55,72,NA,11,NA,11,-
1980.1054189435338,39.58333333333333,1980-02-08--14:00:00,63.371300000000005,201.30892000000003,627.08,1399.09,243.,12,3.14,72,7.,12,239.86,72,NA,11,NA,11,-
1980.1055327868855,39.625,1980-02-08--15:00:00,68.38624,216.20343000000003,515.34,1399.07,113.,12,0.,72,0.,12,113.,72,NA,11,NA,11,-
1980.105646630237,39.666666666666664,1980-02-08--16:00:00,75.46516000000001,229.49410000000003,351.12,1399.05,58.,12,0.,72,0.,12,58.,72,NA,11,NA,11,-
1980.1057604735886,39.70833333333333,1980-02-08--17:00:00,83.97912000000001,241.35516,146.75,1399.03,18.,12,0.,72,0.,12,18.,72,NA,11,NA,11,-
1980.1058743169401,39.75,1980-02-08--18:00:00,93.61791000000001,252.2289,0,0.,0.,12,0.,72,0.,12,0.,72,NA,11,NA,11,-
1980.1059881602916,39.791666666666664,1980-02-08--19:00:00,103.86345000000001,262.67302,0,0.,0.,12,0.,72,0.,12,0.,72,NA,11,NA,11,-
1980.1061020036432,39.83333333333333,1980-02-08--20:00:00,114.29670000000002,273.34377,0,0.,0.,12,0.,72,0.,12,0.,72,NA,11,NA,11,-
1980.1062158469947,39.875,1980-02-08--21:00:00,124.59639000000001,285.08799000000005,0,0.,0.,12,0.,72,0.,12,0.,72,NA,11,NA,11,-
1980.1063296903462,39.916666666666664,1980-02-08--22:00:00,134.26747,299.12675,0,0.,0.,12,0.,72,0.,12,0.,72,NA,11,NA,11,-
1980.1064435336978,39.95833333333333,1980-02-08--23:00:00,142.48979,317.21117000000004,0,0.,0.,12,0.,72,0.,12,0.,72,NA,11,NA,11,-
1980.1065573770493,40.,1980-02-08--24:00:00,147.88707000000002,340.95053,0,0.,0.,12,0.,72,0.,12,0.,72,NA,11,NA,11,-
1980.1066712204008,40.041666666666664,1980-02-09--01:00:00,148.82647,8.7199,0,0.,0.,12,0.,72,0.,12,0.,72,NA,11,NA,11,-
1980.1067850637526,40.08333333333333,1980-02-09--02:00:00,144.92964,34.462390000000006,0,0.,0.,12,0.,72,0.,12,0.,72,NA,11,NA,11,-
1980.106898907104,40.125,1980-02-09--03:00:00,137.56527,54.55048000000001,0,0.,0.,12,0.,72,0.,12,0.,72,NA,11,NA,11,-
1980.1070127504556,40.166666666666664,1980-02-09--04:00:00,128.30585000000002,69.86846,0,0.,0.,12,0.,72,0.,12,0.,72,NA,11,NA,11,-
1980.1071265938072,40.20833333333333,1980-02-09--05:00:00,118.15837,82.29428,0,0.,0.,12,0.,72,0.,12,0.,72,NA,11,NA,11,-
1980.1072404371587,40.25,1980-02-09--06:00:00,107.71145000000001,93.24311,0,0.,0.,12,0.,72,0.,12,0.,72,NA,11,NA,11,-
1980.1073542805102,40.291666666666664,1980-02-09--07:00:00,97.35067000000001,103.67692000000001,0,0.,0.,12,0.,72,0.,12,0.,72,NA,11,NA,11,-
1980.1074681238617,40.33333333333333,1980-02-09--08:00:00,87.26157,114.30858,19.91,416.66,11.,12,0.62,72,13.,12,10.38,72,NA,11,NA,11,-
1980.1075819672133,40.375,1980-02-09--09:00:00,78.3812,125.73136000000001,281.7,1398.69,56.,12,0.2,72,1.,12,55.800000000000004,72,NA,11,NA,11,-
1980.1076958105648,40.416666666666664,1980-02-09--10:00:00,70.64347000000001,138.44693,463.58,1398.67,136.,12,0.,72,0.,12,136.,72,NA,11,NA,11,-
1980.1078096539163,40.45833333333333,1980-02-09--11:00:00,64.73230000000001,152.76602000000003,597.01,1398.65,244.,12,4.7,72,11.,12,239.3,72,NA,11,NA,11,-
1980.1079234972678,40.5,1980-02-09--12:00:00,61.257200000000005,168.57792,672.57,1398.63,240.,12,0.,72,0.,12,240.,72,NA,11,NA,11,-
1980.1080373406196,40.541666666666664,1980-02-09--13:00:00,60.672180000000004,185.16161000000002,685.0500000000001,1398.6100000000001,145.,12,0.,72,0.,12,145.,72,NA,11,NA,11,-
1980.1081511839711,40.58333333333333,1980-02-09--14:00:00,63.062360000000005,201.39322,633.59,1398.59,79.,12,0.,72,0.,12,79.,72,NA,11,NA,11,-
1980.1082650273227,40.625,1980-02-09--15:00:00,68.09519,216.34144,521.76,1398.57,48.,12,0.,72,0.,12,48.,72,NA,11,NA,11,-
1980.1083788706742,40.666666666666664,1980-02-09--16:00:00,75.19539,229.66766,357.36,1398.54,22.,12,0.,72,0.,12,22.,72,NA,11,NA,11,-
1980.1084927140257,40.70833333333333,1980-02-09--17:00:00,83.73190000000001,241.55181000000002,152.69,1398.52,8.,12,0.,72,0.,12,8.,72,NA,11,NA,11,-
1980.1086065573772,40.75,1980-02-09--18:00:00,93.37457,252.44258000000002,0,0.,0.,12,0.,72,0.,12,0.,72,NA,11,NA,11,-
1980.1087204007288,40.791666666666664,1980-02-09--19:00:00,103.63433,262.90232000000003,0,0.,0.,12,0.,72,0.,12,0.,72,NA,11,NA,11,-
1980.1088342440803,40.83333333333333,1980-02-09--20:00:00,114.06921000000001,273.58972,0,0.,0.,12,0.,72,0.,12,0.,72,NA,11,NA,11,-
1980.1089480874318,40.875,1980-02-09--21:00:00,124.36144000000002,285.35091,0,0.,0.,12,0.,72,0.,12,0.,72,NA,11,NA,11,-
1980.1090619307834,40.916666666666664,1980-02-09--22:00:00,134.01413000000002,299.3987,0,0.,0.,12,0.,72,0.,12,0.,72,NA,11,NA,11,-
1980.1091757741349,40.95833333333333,1980-02-09--23:00:00,142.20706,317.45637000000005,0,0.,0.,12,0.,72,0.,12,0.,72,NA,11,NA,11,-
1980.1092896174864,41.,1980-02-09--24:00:00,147.57424,341.07784000000004,0,0.,0.,12,0.,72,0.,12,0.,72,NA,11,NA,11,-
1980.1094034608382,41.041666666666664,1980-02-10--01:00:00,148.50893000000002,8.63929,0,0.,0.,12,0.,72,0.,12,0.,72,NA,11,NA,11,-
1980.1095173041897,41.08333333333333,1980-02-10--02:00:00,144.63976000000002,34.22543,0,0.,0.,12,0.,72,0.,12,0.,72,NA,11,NA,11,-
1980.1096311475412,41.125,1980-02-10--03:00:00,137.30951000000002,54.264570000000006,0,0.,0.,12,0.,72,0.,12,0.,72,NA,11,NA,11,-
1980.1097449908928,41.166666666666664,1980-02-10--04:00:00,128.074,69.58634,0,0.,0.,12,0.,72,0.,12,0.,72,NA,11,NA,11,-
1980.1098588342443,41.20833333333333,1980-02-10--05:00:00,117.93825000000001,82.02953000000001,0,0.,0.,12,0.,72,0.,12,0.,72,NA,11,NA,11,-
1980.1099726775958,41.25,1980-02-10--06:00:00,107.49287000000001,92.99609000000001,0,0.,0.,12,0.,72,0.,12,0.,72,NA,11,NA,11,-
1980.1100865209473,41.291666666666664,1980-02-10--07:00:00,97.12444,103.44560000000001,0,0.,0.,12,0.,72,0.,12,0.,72,NA,11,NA,11,-
1980.1102003642989,41.33333333333333,1980-02-10--08:00:00,87.0357,114.09253000000001,23.16,447.83,4.,12,0.,72,0.,12,4.,72,NA,11,NA,11,-
1980.1103142076504,41.375,1980-02-10--09:00:00,78.12567,125.53411000000001,287.7,1398.18,33.,12,0.,72,0.,12,33.,72,NA,11,NA,11,-
1980.110428051002,41.416666666666664,1980-02-10--10:00:00,70.36452,138.27812,469.83,1398.16,63.,12,0.,72,0.,12,63.,72,NA,11,NA,11,-
1980.1105418943534,41.45833333333333,1980-02-10--11:00:00,64.43085,152.64227000000002,603.44,1398.14,91.,12,0.,72,0.,12,91.,72,NA,11,NA,11,-
1980.1106557377052,41.5,1980-02-10--12:00:00,60.93965000000001,168.51891,679.11,1398.1100000000001,102.,12,0.,72,0.,12,102.,72,NA,11,NA,11,-
1980.1107695810567,41.541666666666664,1980-02-10--13:00:00,60.350640000000006,185.17925000000002,691.62,1398.09,88.,12,0.,72,0.,12,88.,72,NA,11,NA,11,-
1980.1108834244083,41.58333333333333,1980-02-10--14:00:00,62.75032,201.48262000000003,640.13,1398.07,80.,12,0.,72,0.,12,80.,72,NA,11,NA,11,-
1980.1109972677598,41.625,1980-02-10--15:00:00,67.80189,216.48498,528.2,1398.05,72.,12,0.,72,0.,12,72.,72,NA,11,NA,11,-
1980.1111111111113,41.666666666666664,1980-02-10--16:00:00,74.92402000000001,229.84670000000003,363.63,1398.03,43.,12,0.,72,0.,12,43.,72,NA,11,NA,11,-
1980.1112249544628,41.70833333333333,1980-02-10--17:00:00,83.48332,241.75371,158.66,1398.,17.,12,0.,72,0.,12,17.,72,NA,11,NA,11,-
1980.1113387978144,41.75,1980-02-10--18:00:00,93.12946000000001,252.66126000000003,0,0.,0.,12,0.,72,0.,12,0.,72,NA,11,NA,11,-
1980.111452641166,41.791666666666664,1980-02-10--19:00:00,103.40436000000001,263.13644,0,0.,0.,12,0.,72,0.,12,0.,72,NA,11,NA,11,-
1980.1115664845174,41.83333333333333,1980-02-10--20:00:00,113.84074000000001,273.84040000000005,0,0.,0.,12,0.,72,0.,12,0.,72,NA,11,NA,11,-
1980.111680327869,41.875,1980-02-10--21:00:00,124.12516000000001,285.61850000000004,0,0.,0.,12,0.,72,0.,12,0.,72,NA,11,NA,11,-
1980.1117941712205,41.916666666666664,1980-02-10--22:00:00,133.75892000000002,299.67525,0,0.,0.,12,0.,72,0.,12,0.,72,NA,11,NA,11,-
1980.1119080145722,41.95833333333333,1980-02-10--23:00:00,141.92177,317.70611,0,0.,0.,12,0.,72,0.,12,0.,72,NA,11,NA,11,-
1980.1120218579238,42.,1980-02-10--24:00:00,147.25806,341.21037,0,0.,0.,12,0.,72,0.,12,0.,72,NA,11,NA,11,-
1980.1121357012753,42.041666666666664,1980-02-11--01:00:00,148.18696,8.56522,0,0.,0.,12,0.,72,0.,12,0.,72,NA,11,NA,11,-
1980.1122495446268,42.08333333333333,1980-02-11--02:00:00,144.34446,33.99396,0,0.,0.,12,0.,72,0.,12,0.,72,NA,11,NA,11,-
1980.1123633879783,42.125,1980-02-11--03:00:00,137.04794,53.981700000000004,0,0.,0.,12,0.,72,0.,12,0.,72,NA,11,NA,11,-
1980.1124772313299,42.166666666666664,1980-02-11--04:00:00,127.83636000000001,69.30550000000001,0,0.,0.,12,0.,72,0.,12,0.,72,NA,11,NA,11,-
1980.1125910746814,42.20833333333333,1980-02-11--05:00:00,117.71256000000001,81.7651,0,0.,0.,12,0.,72,0.,12,0.,72,NA,11,NA,11,-
1980.112704918033,42.25,1980-02-11--06:00:00,107.26892000000001,92.74891000000001,0,0.,0.,12,0.,72,0.,12,0.,72,NA,11,NA,11,-
1980.1128187613845,42.291666666666664,1980-02-11--07:00:00,96.89289000000001,103.21391000000001,0,0.,0.,12,0.,72,0.,12,0.,72,NA,11,NA,11,-
1980.112932604736,42.33333333333333,1980-02-11--08:00:00,86.80406,113.87610000000001,26.75,479.74,0.,12,0.,72,0.,12,0.,72,NA,11,NA,11,-
1980.1130464480875,42.375,1980-02-11--09:00:00,77.86516,125.33668000000002,293.8,1397.65,14.,12,0.,72,0.,12,14.,72,NA,11,NA,11,-
1980.1131602914393,42.416666666666664,1980-02-11--10:00:00,70.08069,138.10959,476.17,1397.63,31.,12,0.,72,0.,12,31.,72,NA,11,NA,11,-
1980.1132741347908,42.45833333333333,1980-02-11--11:00:00,64.12468000000001,152.51969000000003,609.94,1397.6100000000001,52.,12,0.,72,0.,12,52.,72,NA,11,NA,11,-
1980.1133879781423,42.5,1980-02-11--12:00:00,60.617700000000006,168.46242,685.7,1397.59,65.,12,0.,72,0.,12,65.,72,NA,11,NA,11,-
1980.1135018214939,42.541666666666664,1980-02-11--13:00:00,60.025310000000005,185.20091000000002,698.25,1397.56,90.,12,0.,72,0.,12,90.,72,NA,11,NA,11,-
1980.1136156648454,42.58333333333333,1980-02-11--14:00:00,62.435300000000005,201.57711,646.71,1397.54,84.,12,0.,72,0.,12,84.,72,NA,11,NA,11,-
1980.113729508197,42.625,1980-02-11--15:00:00,67.50643000000001,216.63402000000002,534.66,1397.52,61.,12,0.,72,0.,12,61.,72,NA,11,NA,11,-
1980.1138433515484,42.666666666666664,1980-02-11--16:00:00,74.65114000000001,230.03119,369.91,1397.5,47.,12,0.,72,0.,12,47.,72,NA,11,NA,11,-
1980.1139571949,42.70833333333333,1980-02-11--17:00:00,83.23349,241.96077000000002,164.66,1397.48,21.,12,0.,72,0.,12,21.,72,NA,11,NA,11,-
1980.1140710382515,42.75,1980-02-11--18:00:00,92.88242000000001,252.88484000000003,0,0.,0.,12,0.,72,0.,12,0.,72,NA,11,NA,11,-
1980.114184881603,42.791666666666664,1980-02-11--19:00:00,103.17361000000001,263.37527,0,0.,0.,12,0.,72,0.,12,0.,72,NA,11,NA,11,-
1980.1142987249546,42.83333333333333,1980-02-11--20:00:00,113.61132,274.09567000000004,0,0.,0.,12,0.,72,0.,12,0.,72,NA,11,NA,11,-
1980.1144125683063,42.875,1980-02-11--21:00:00,123.88759000000002,285.89062,0,0.,0.,12,0.,72,0.,12,0.,72,NA,11,NA,11,-
1980.1145264116578,42.916666666666664,1980-02-11--22:00:00,133.5019,299.95622000000003,0,0.,0.,12,0.,72,0.,12,0.,72,NA,11,NA,11,-
1980.1146402550094,42.95833333333333,1980-02-11--23:00:00,141.63400000000001,317.96016000000003,0,0.,0.,12,0.,72,0.,12,0.,72,NA,11,NA,11,-
1980.114754098361,43.,1980-02-11--24:00:00,146.93861,341.34786,0,0.,0.,12,0.,72,0.,12,0.,72,NA,11,NA,11,-
1980.1148679417124,43.041666666666664,1980-02-12--01:00:00,147.8607,8.49751,0,0.,0.,12,0.,72,0.,12,0.,72,NA,11,NA,11,-
1980.114981785064,43.08333333333333,1980-02-12--02:00:00,144.04386000000002,33.76798,0,0.,0.,12,0.,72,0.,12,0.,72,NA,11,NA,11,-
1980.1150956284155,43.125,1980-02-12--03:00:00,136.78065,53.70197,0,0.,0.,12,0.,72,0.,12,0.,72,NA,11,NA,11,-
1980.115209471767,43.166666666666664,1980-02-12--04:00:00,127.59307000000001,69.02606,0,0.,0.,12,0.,72,0.,12,0.,72,NA,11,NA,11,-
1980.1153233151185,43.20833333333333,1980-02-12--05:00:00,117.48138000000002,81.50108,0,0.,0.,12,0.,72,0.,12,0.,72,NA,11,NA,11,-
1980.11543715847,43.25,1980-02-12--06:00:00,107.03968,92.50166,0,0.,0.,12,0.,72,0.,12,0.,72,NA,11,NA,11,-
1980.1155510018216,43.291666666666664,1980-02-12--07:00:00,96.65612,102.98192,0,0.,0.,12,0.,72,0.,12,0.,72,NA,11,NA,11,-
1980.1156648451731,43.33333333333333,1980-02-12--08:00:00,86.56681,113.65934000000001,30.68,512.39,8.,12,0.,72,0.,12,8.,72,NA,11,NA,11,-
1980.1157786885249,43.375,1980-02-12--09:00:00,77.59977,125.13908,300.02,1397.1200000000001,30.,12,0.,72,0.,12,30.,72,NA,11,NA,11,-
1980.1158925318764,43.416666666666664,1980-02-12--10:00:00,69.79209,137.94135,482.6,1397.09,60.,12,0.,72,0.,12,60.,72,NA,11,NA,11,-
1980.116006375228,43.45833333333333,1980-02-12--11:00:00,63.81391000000001,152.3983,616.51,1397.07,94.,12,0.,72,0.,12,94.,72,NA,11,NA,11,-
1980.1161202185795,43.5,1980-02-12--12:00:00,60.29148000000001,168.40846000000002,692.36,1397.05,117.,12,0.,72,0.,12,117.,72,NA,11,NA,11,-
1980.116234061931,43.541666666666664,1980-02-12--13:00:00,59.696310000000004,185.22659000000002,704.92,1397.03,126.,12,0.,72,0.,12,126.,72,NA,11,NA,11,-
1980.1163479052825,43.58333333333333,1980-02-12--14:00:00,62.11742,201.67669,653.32,1397.,129.,12,0.,72,0.,12,129.,72,NA,11,NA,11,-
1980.116461748634,43.625,1980-02-12--15:00:00,67.20892,216.78855000000001,541.15,1396.98,89.,12,0.,72,0.,12,89.,72,NA,11,NA,11,-
1980.1165755919856,43.666666666666664,1980-02-12--16:00:00,74.37687000000001,230.22106000000002,376.21,1396.96,56.,12,0.,72,0.,12,56.,72,NA,11,NA,11,-
1980.116689435337,43.70833333333333,1980-02-12--17:00:00,82.98249000000001,242.17294,170.67000000000002,1396.94,16.,12,0.,72,0.,12,16.,72,NA,11,NA,11,-
1980.1168032786886,43.75,1980-02-12--18:00:00,92.63323000000001,253.11323000000002,0,0.,0.,12,0.,72,0.,12,0.,72,NA,11,NA,11,-
1980.1169171220401,43.791666666666664,1980-02-12--19:00:00,102.94211000000001,263.61870000000005,0,0.,0.,12,0.,72,0.,12,0.,72,NA,11,NA,11,-
1980.117030965392,43.83333333333333,1980-02-12--20:00:00,113.38100000000001,274.35541,0,0.,0.,12,0.,72,0.,12,0.,72,NA,11,NA,11,-
1980.1171448087434,43.875,1980-02-12--21:00:00,123.64877000000001,286.1671,0,0.,0.,12,0.,72,0.,12,0.,72,NA,11,NA,11,-
1980.117258652095,43.916666666666664,1980-02-12--22:00:00,133.24308000000002,300.24141000000003,0,0.,0.,12,0.,72,0.,12,0.,72,NA,11,NA,11,-
1980.1173724954465,43.95833333333333,1980-02-12--23:00:00,141.34378,318.2183,0,0.,0.,12,0.,72,0.,12,0.,72,NA,11,NA,11,-
1980.117486338798,44.,1980-02-12--24:00:00,146.61598,341.49007,0,0.,0.,12,0.,72,0.,12,0.,72,NA,11,NA,11,-
1980.1176001821495,44.041666666666664,1980-02-13--01:00:00,147.53027,8.436,0,0.,0.,12,0.,72,0.,12,0.,72,NA,11,NA,11,-
1980.117714025501,44.08333333333333,1980-02-13--02:00:00,143.7381,33.547470000000004,0,0.,0.,12,0.,72,0.,12,0.,72,NA,11,NA,11,-
1980.1178278688526,44.125,1980-02-13--03:00:00,136.5078,53.42549,0,0.,0.,12,0.,72,0.,12,0.,72,NA,11,NA,11,-
1980.1179417122041,44.166666666666664,1980-02-13--04:00:00,127.34421,68.74812,0,0.,0.,12,0.,72,0.,12,0.,72,NA,11,NA,11,-
1980.1180555555557,44.20833333333333,1980-02-13--05:00:00,117.24483000000001,81.23758000000001,0,0.,0.,12,0.,72,0.,12,0.,72,NA,11,NA,11,-
1980.1181693989072,44.25,1980-02-13--06:00:00,106.80527000000001,92.25441000000001,0,0.,0.,12,0.,72,0.,12,0.,72,NA,11,NA,11,-
1980.118283242259,44.291666666666664,1980-02-13--07:00:00,96.41421000000001,102.74971000000001,0,0.,0.,12,0.,72,0.,12,0.,72,NA,11,NA,11,-
1980.1183970856105,44.33333333333333,1980-02-13--08:00:00,86.3241,113.4423,34.99,545.74,2.,12,0.,72,0.,12,2.,72,NA,11,NA,11,-
1980.118510928962,44.375,1980-02-13--09:00:00,77.32961,124.94135000000001,306.33,1396.57,32.,12,0.,72,0.,12,32.,72,NA,11,NA,11,-
1980.1186247723135,44.416666666666664,1980-02-13--10:00:00,69.49885,137.77343000000002,489.11,1396.55,62.,12,0.,72,0.,12,62.,72,NA,11,NA,11,-
1980.118738615665,44.45833333333333,1980-02-13--11:00:00,63.49864,152.27809000000002,623.16,1396.52,75.,12,0.,72,0.,12,75.,72,NA,11,NA,11,-
1980.1188524590166,44.5,1980-02-13--12:00:00,59.961090000000006,168.35703,699.07,1396.5,60.,12,0.,72,0.,12,60.,72,NA,11,NA,11,-
1980.118966302368,44.541666666666664,1980-02-13--13:00:00,59.36374000000001,185.2563,711.63,1396.48,75.,12,0.,72,0.,12,75.,72,NA,11,NA,11,-
1980.1190801457196,44.58333333333333,1980-02-13--14:00:00,61.79679000000001,201.78135,659.96,1396.45,68.,12,0.,72,0.,12,68.,72,NA,11,NA,11,-
1980.1191939890712,44.625,1980-02-13--15:00:00,66.90949,216.94853,547.66,1396.43,43.,12,0.,72,0.,12,43.,72,NA,11,NA,11,-
1980.1193078324227,44.666666666666664,1980-02-13--16:00:00,74.10129,230.41626000000002,382.53000000000003,1396.41,29.,12,0.,72,0.,12,29.,72,NA,11,NA,11,-
1980.1194216757742,44.70833333333333,1980-02-13--17:00:00,82.73044,242.39013000000003,176.70000000000002,1396.38,9.,12,0.,72,0.,12,9.,72,NA,11,NA,11,-
1980.119535519126,44.75,1980-02-13--18:00:00,92.38153000000001,253.34635000000003,0,0.,0.,12,0.,72,0.,12,0.,72,NA,11,NA,11,-
1980.1196493624775,44.791666666666664,1980-02-13--19:00:00,102.70994,263.86663000000004,0,0.,0.,12,0.,72,0.,12,0.,72,NA,11,NA,11,-
1980.119763205829,44.83333333333333,1980-02-13--20:00:00,113.14983000000001,274.61949000000004,0,0.,0.,12,0.,72,0.,12,0.,72,NA,11,NA,11,-
1980.1198770491806,44.875,1980-02-13--21:00:00,123.40873,286.44780000000003,0,0.,0.,12,0.,72,0.,12,0.,72,NA,11,NA,11,-
1980.119990892532,44.916666666666664,1980-02-13--22:00:00,132.98253,300.53062,0,0.,0.,12,0.,72,0.,12,0.,72,NA,11,NA,11,-
1980.1201047358836,44.95833333333333,1980-02-13--23:00:00,141.05118000000002,318.48029,0,0.,0.,12,0.,72,0.,12,0.,72,NA,11,NA,11,-
1980.1202185792351,45.,1980-02-13--24:00:00,146.29025000000001,341.63677,0,0.,0.,12,0.,72,0.,12,0.,72,NA,11,NA,11,-
1980.1203324225867,45.041666666666664,1980-02-14--01:00:00,147.19579000000002,8.380510000000001,0,0.,0.,12,0.,72,0.,12,0.,72,NA,11,NA,11,-
1980.1204462659382,45.08333333333333,1980-02-14--02:00:00,143.42733,33.332440000000005,0,0.,0.,12,0.,72,0.,12,0.,72,NA,11,NA,11,-
1980.1205601092897,45.125,1980-02-14--03:00:00,136.22948000000002,53.152330000000006,0,0.,0.,12,0.,72,0.,12,0.,72,NA,11,NA,11,-
1980.1206739526413,45.166666666666664,1980-02-14--04:00:00,127.08990000000001,68.47179,0,0.,0.,12,0.,72,0.,12,0.,72,NA,11,NA,11,-
1980.120787795993,45.20833333333333,1980-02-14--05:00:00,117.00301,80.97470000000001,0,0.,0.,12,0.,72,0.,12,0.,72,NA,11,NA,11,-
1980.1209016393445,45.25,1980-02-14--06:00:00,106.56579,92.00725000000001,0,0.,0.,12,0.,72,0.,12,0.,72,NA,11,NA,11,-
1980.121015482696,45.291666666666664,1980-02-14--07:00:00,96.16724,102.51732000000001,0,0.,0.,12,0.,72,0.,12,0.,72,NA,11,NA,11,-
1980.1211293260476,45.33333333333333,1980-02-14--08:00:00,86.07607,113.22503,39.68,579.78,1.,12,NA,99,NA,99,NA,99,NA,11,NA,99,-
1980.1212431693991,45.375,1980-02-14--09:00:00,77.05479000000001,124.74352,312.73,1396.01,29.,12,NA,99,NA,99,NA,99,NA,11,NA,99,-
1980.1213570127507,45.416666666666664,1980-02-14--10:00:00,69.20107,137.60582000000002,495.7,1395.99,73.,12,NA,99,NA,99,NA,99,NA,11,NA,99,-
1980.1214708561022,45.45833333333333,1980-02-14--11:00:00,63.178990000000006,152.15907,629.87,1395.96,133.,12,NA,99,NA,99,NA,99,NA,11,NA,99,-
1980.1215846994537,45.5,1980-02-14--12:00:00,59.626650000000005,168.30815,705.83,1395.94,198.,12,NA,99,NA,99,NA,99,NA,11,NA,99,-
1980.1216985428052,45.541666666666664,1980-02-14--13:00:00,59.02774,185.29004,718.37,1395.92,266.,12,NA,99,NA,99,NA,99,NA,11,NA,99,-
1980.1218123861568,45.58333333333333,1980-02-14--14:00:00,61.473530000000004,201.89110000000002,666.63,1395.89,269.,12,NA,99,NA,99,NA,99,NA,11,NA,99,-
1980.1219262295083,45.625,1980-02-14--15:00:00,66.60823,217.11393,554.1800000000001,1395.8700000000001,194.,12,NA,99,NA,99,NA,99,NA,11,NA,99,-
1980.1220400728598,45.666666666666664,1980-02-14--16:00:00,73.82451,230.61673000000002,388.86,1395.8500000000001,92.,12,NA,99,NA,99,NA,99,NA,11,NA,99,-
1980.1221539162116,45.70833333333333,1980-02-14--17:00:00,82.47741,242.61227000000002,182.74,1395.82,29.,12,NA,99,NA,99,NA,99,NA,11,NA,99,-
1980.122267759563,45.75,1980-02-14--18:00:00,92.1268,253.58409000000003,0,0.,0.,12,NA,99,NA,99,NA,99,NA,11,NA,99,-
1980.1223816029146,45.791666666666664,1980-02-14--19:00:00,102.47713,264.11893000000003,0,0.,0.,12,0.,72,0.,12,0.,72,NA,11,NA,11,-
1980.1224954462662,45.83333333333333,1980-02-14--20:00:00,112.91784000000001,274.88779,0,0.,0.,12,0.,72,0.,12,0.,72,NA,11,NA,11,-
1980.1226092896177,45.875,1980-02-14--21:00:00,123.1675,286.73255,0,0.,0.,12,0.,72,0.,12,0.,72,NA,11,NA,11,-
1980.1227231329692,45.916666666666664,1980-02-14--22:00:00,132.72026000000002,300.82368,0,0.,0.,12,0.,72,0.,12,0.,72,NA,11,NA,11,-
1980.1228369763207,45.95833333333333,1980-02-14--23:00:00,140.75626,318.74591000000004,0,0.,0.,12,0.,72,0.,12,0.,72,NA,11,NA,11,-
1980.1229508196723,46.,1980-02-14--24:00:00,145.96153,341.78772000000004,0,0.,0.,12,0.,72,0.,12,0.,72,NA,11,NA,11,-
1980.1230646630238,46.041666666666664,1980-02-15--01:00:00,146.85739,8.33084,0,0.,0.,12,0.,72,0.,12,0.,72,NA,11,NA,11,-
1980.1231785063753,46.08333333333333,1980-02-15--02:00:00,143.11168,33.122840000000004,0,0.,0.,12,0.,72,0.,12,0.,72,NA,11,NA,11,-
1980.1232923497269,46.125,1980-02-15--03:00:00,135.94585,52.88257,0,0.,0.,12,0.,72,0.,12,0.,72,NA,11,NA,11,-
1980.1234061930786,46.166666666666664,1980-02-15--04:00:00,126.83026000000001,68.19717,0,0.,0.,12,0.,72,0.,12,0.,72,NA,11,NA,11,-
1980.1235200364301,46.20833333333333,1980-02-15--05:00:00,116.75602,80.71252000000001,0,0.,0.,12,0.,72,0.,12,0.,72,NA,11,NA,11,-
1980.1236338797817,46.25,1980-02-15--06:00:00,106.32134,91.76025000000001,0,0.,0.,12,0.,72,0.,12,0.,72,NA,11,NA,11,-
1980.1237477231332,46.291666666666664,1980-02-15--07:00:00,95.91529000000001,102.28482000000001,0,0.,0.,12,0.,72,0.,12,0.,72,NA,11,NA,11,-
1980.1238615664847,46.33333333333333,1980-02-15--08:00:00,85.82286,113.00757000000002,44.76,614.49,22.,12,NA,99,NA,99,NA,99,NA,11,NA,99,-
1980.1239754098362,46.375,1980-02-15--09:00:00,76.77543,124.54562000000001,319.23,1395.44,69.,12,NA,99,NA,99,NA,99,NA,11,NA,99,-
1980.1240892531878,46.416666666666664,1980-02-15--10:00:00,68.89887,137.43855000000002,502.37,1395.42,208.,12,NA,99,NA,99,NA,99,NA,11,NA,99,-
1980.1242030965393,46.45833333333333,1980-02-15--11:00:00,62.85508000000001,152.04124000000002,636.64,1395.39,348.,12,NA,99,NA,99,NA,99,NA,11,NA,99,-
1980.1243169398908,46.5,1980-02-15--12:00:00,59.28828000000001,168.26180000000002,712.64,1395.3700000000001,252.,12,NA,99,NA,99,NA,99,NA,11,NA,99,-
1980.1244307832424,46.541666666666664,1980-02-15--13:00:00,58.6884,185.32782,725.15,1395.3500000000001,188.,12,NA,99,NA,99,NA,99,NA,11,NA,99,-
1980.124544626594,46.58333333333333,1980-02-15--14:00:00,61.147760000000005,202.00592,673.32,1395.32,179.,12,NA,99,NA,99,NA,99,NA,11,NA,99,-
1980.1246584699456,46.625,1980-02-15--15:00:00,66.30526,217.28472000000002,560.72,1395.3,109.,12,NA,99,NA,99,NA,99,NA,11,NA,99,-
1980.1247723132972,46.666666666666664,1980-02-15--16:00:00,73.54663000000001,230.82242000000002,395.19,1395.27,61.,12,NA,99,NA,99,NA,99,NA,11,NA,99,-
1980.1248861566487,46.70833333333333,1980-02-15--17:00:00,82.22351,242.83927000000003,188.79,1395.25,14.,12,NA,99,NA,99,NA,99,NA,11,NA,99,-
1980.1250000000002,46.75,1980-02-15--18:00:00,91.86824000000001,253.82636000000002,0,0.,0.,12,NA,99,NA,99,NA,99,NA,11,NA,99,-
1980.1251138433518,46.791666666666664,1980-02-15--19:00:00,102.24374,264.37551,0,0.,0.,12,0.,72,0.,12,0.,72,NA,11,NA,11,-
1980.1252276867033,46.83333333333333,1980-02-15--20:00:00,112.68507000000001,275.16016,0,0.,0.,12,0.,72,0.,12,0.,72,NA,11,NA,11,-
1980.1253415300548,46.875,1980-02-15--21:00:00,122.92512,287.02121,0,0.,0.,12,0.,72,0.,12,0.,72,NA,11,NA,11,-
1980.1254553734063,46.916666666666664,1980-02-15--22:00:00,132.45632,301.12039000000004,0,0.,0.,12,0.,72,0.,12,0.,72,NA,11,NA,11,-
1980.1255692167579,46.95833333333333,1980-02-15--23:00:00,140.45906000000002,319.01494,0,0.,0.,12,0.,72,0.,12,0.,72,NA,11,NA,11,-
1980.1256830601094,47.,1980-02-15--24:00:00,145.62988,341.94268000000005,0,0.,0.,12,0.,72,0.,12,0.,72,NA,11,NA,11,-
1980.125796903461,47.041666666666664,1980-02-16--01:00:00,146.51520000000002,8.286840000000002,0,0.,0.,12,0.,72,0.,12,0.,72,NA,11,NA,11,-
1980.1259107468127,47.08333333333333,1980-02-16--02:00:00,142.7913,32.91863,0,0.,0.,12,0.,72,0.,12,0.,72,NA,11,NA,11,-
1980.1260245901642,47.125,1980-02-16--03:00:00,135.65703000000002,52.61627000000001,0,0.,0.,12,0.,72,0.,12,0.,72,NA,11,NA,11,-
1980.1261384335157,47.166666666666664,1980-02-16--04:00:00,126.56541000000001,67.92435,0,0.,0.,12,0.,72,0.,12,0.,72,NA,11,NA,11,-
1980.1262522768673,47.20833333333333,1980-02-16--05:00:00,116.50398000000001,80.45114000000001,0,0.,0.,12,0.,72,0.,12,0.,72,NA,11,NA,11,-
1980.1263661202188,47.25,1980-02-16--06:00:00,106.07202000000001,91.51348,0,0.,0.,12,0.,72,0.,12,0.,72,NA,11,NA,11,-
1980.1264799635703,47.291666666666664,1980-02-16--07:00:00,95.65845,102.05227000000001,0,0.,0.,12,0.,72,0.,12,0.,72,NA,11,NA,11,-
1980.1265938069218,47.33333333333333,1980-02-16--08:00:00,85.56459000000001,112.78994000000002,50.26,649.83,40.,12,NA,99,NA,99,NA,99,NA,11,NA,99,-
1980.1267076502734,47.375,1980-02-16--09:00:00,76.49164,124.34765000000002,325.82,1394.8600000000001,106.,12,NA,99,NA,99,NA,99,NA,11,NA,99,-
1980.126821493625,47.416666666666664,1980-02-16--10:00:00,68.59238,137.27162,509.12,1394.84,160.,12,NA,99,NA,99,NA,99,NA,11,NA,99,-
1980.1269353369764,47.45833333333333,1980-02-16--11:00:00,62.52702000000001,151.92459000000002,643.47,1394.82,212.,12,NA,99,NA,99,NA,99,NA,11,NA,99,-
1980.127049180328,47.5,1980-02-16--12:00:00,58.9461,168.21799000000001,719.49,1394.79,255.,12,NA,99,NA,99,NA,99,NA,11,NA,99,-
1980.1271630236795,47.541666666666664,1980-02-16--13:00:00,58.345850000000006,185.36964,731.96,1394.77,153.,12,NA,99,NA,99,NA,99,NA,11,NA,99,-
1980.1272768670312,47.58333333333333,1980-02-16--14:00:00,60.81958,202.12581000000003,680.02,1394.74,205.,12,NA,99,NA,99,NA,99,NA,11,NA,99,-
1980.1273907103828,47.625,1980-02-16--15:00:00,66.00068,217.46087000000003,567.27,1394.72,145.,12,NA,99,NA,99,NA,99,NA,11,NA,99,-
1980.1275045537343,47.666666666666664,1980-02-16--16:00:00,73.26773,231.03326,401.53000000000003,1394.69,68.,12,NA,99,NA,99,NA,99,NA,11,NA,99,-
1980.1276183970858,47.70833333333333,1980-02-16--17:00:00,81.96883000000001,243.07105,194.85,1394.67,23.,12,NA,99,NA,99,NA,99,NA,11,NA,99,-
1980.1277322404374,47.75,1980-02-16--18:00:00,91.60456,254.07305000000002,0,0.,0.,12,NA,99,NA,99,NA,99,NA,11,NA,99,-
1980.1278460837889,47.791666666666664,1980-02-16--19:00:00,102.00981,264.63623,0,0.,0.,12,0.,72,0.,12,0.,72,NA,11,NA,11,-
1980.1279599271404,47.83333333333333,1980-02-16--20:00:00,112.45157,275.43647000000004,0,0.,0.,12,0.,72,0.,12,0.,72,NA,11,NA,11,-
1980.128073770492,47.875,1980-02-16--21:00:00,122.68162000000001,287.31361000000004,0,0.,0.,12,0.,72,0.,12,0.,72,NA,11,NA,11,-
1980.1281876138435,47.916666666666664,1980-02-16--22:00:00,132.19075,301.42056,0,0.,0.,12,0.,72,0.,12,0.,72,NA,11,NA,11,-
1980.128301457195,47.95833333333333,1980-02-16--23:00:00,140.15964000000002,319.28716000000003,0,0.,0.,12,0.,72,0.,12,0.,72,NA,11,NA,11,-
1980.1284153005465,48.,1980-02-16--24:00:00,145.2954,342.10142,0,0.,0.,12,0.,72,0.,12,0.,72,NA,11,NA,11,-
1980.1285291438983,48.041666666666664,1980-02-17--01:00:00,146.16934,8.24829,0,0.,0.,12,0.,72,0.,12,0.,72,NA,11,NA,11,-
1980.1286429872498,48.08333333333333,1980-02-17--02:00:00,142.46633,32.71978,0,0.,0.,12,0.,72,0.,12,0.,72,NA,11,NA,11,-
1980.1287568306013,48.125,1980-02-17--03:00:00,135.36314000000002,52.35349,0,0.,0.,12,0.,72,0.,12,0.,72,NA,11,NA,11,-
1980.1288706739529,48.166666666666664,1980-02-17--04:00:00,126.29547000000001,67.65342000000001,0,0.,0.,12,0.,72,0.,12,0.,72,NA,11,NA,11,-
1980.1289845173044,48.20833333333333,1980-02-17--05:00:00,116.24700000000001,80.19062000000001,0,0.,0.,12,0.,72,0.,12,0.,72,NA,11,NA,11,-
1980.129098360656,48.25,1980-02-17--06:00:00,105.81795000000001,91.26701000000001,0,0.,0.,12,0.,72,0.,12,0.,72,NA,11,NA,11,-
1980.1292122040074,48.291666666666664,1980-02-17--07:00:00,95.39679000000001,101.81970000000001,0,0.,0.,12,0.,72,0.,12,0.,72,NA,11,NA,11,-
1980.129326047359,48.33333333333333,1980-02-17--08:00:00,85.30124,112.57220000000001,56.18,685.82,21.,12,NA,99,NA,99,NA,99,NA,11,NA,99,-
1980.1294398907105,48.375,1980-02-17--09:00:00,76.20354,124.14965000000001,332.5,1394.27,63.,12,NA,99,NA,99,NA,99,NA,11,NA,99,-
1980.129553734062,48.416666666666664,1980-02-17--10:00:00,68.2817,137.10502000000002,515.9300000000001,1394.25,142.,12,NA,99,NA,99,NA,99,NA,11,NA,99,-
1980.1296675774136,48.45833333333333,1980-02-17--11:00:00,62.194950000000006,151.80912,650.36,1394.23,199.,12,NA,99,NA,99,NA,99,NA,11,NA,99,-
1980.1297814207653,48.5,1980-02-17--12:00:00,58.60022000000001,168.17671,726.39,1394.2,204.,12,NA,99,NA,99,NA,99,NA,11,NA,99,-
1980.1298952641168,48.541666666666664,1980-02-17--13:00:00,58.00021,185.41549,738.8000000000001,1394.18,137.,12,NA,99,NA,99,NA,99,NA,11,NA,99,-
1980.1300091074684,48.58333333333333,1980-02-17--14:00:00,60.48912000000001,202.25074,686.74,1394.15,155.,12,NA,99,NA,99,NA,99,NA,11,NA,99,-
1980.13012295082,48.625,1980-02-17--15:00:00,65.69461000000001,217.64233000000002,573.82,1394.13,148.,12,NA,99,NA,99,NA,99,NA,11,NA,99,-
1980.1302367941714,48.666666666666664,1980-02-17--16:00:00,72.98792,231.24919000000003,407.88,1394.1000000000001,68.,12,NA,99,NA,99,NA,99,NA,11,NA,99,-
1980.130350637523,48.70833333333333,1980-02-17--17:00:00,81.71344,243.30752,200.92000000000002,1394.08,27.,12,NA,99,NA,99,NA,99,NA,11,NA,99,-
1980.1304644808745,48.75,1980-02-17--18:00:00,91.33361000000001,254.32407000000003,0,0.,0.,12,NA,99,NA,99,NA,99,NA,11,NA,99,-
1980.130578324226,48.791666666666664,1980-02-17--19:00:00,101.77539,264.901,0,0.,0.,12,0.,72,0.,12,0.,72,NA,11,NA,11,-
1980.1306921675775,48.83333333333333,1980-02-17--20:00:00,112.21735000000001,275.7166,0,0.,0.,12,0.,72,0.,12,0.,72,NA,11,NA,11,-
1980.130806010929,48.875,1980-02-17--21:00:00,122.43704000000001,287.6096,0,0.,0.,12,0.,72,0.,12,0.,72,NA,11,NA,11,-
1980.1309198542806,48.916666666666664,1980-02-17--22:00:00,131.92358000000002,301.72401,0,0.,0.,12,0.,72,0.,12,0.,72,NA,11,NA,11,-
1980.1310336976323,48.95833333333333,1980-02-17--23:00:00,139.85805000000002,319.56236,0,0.,0.,12,0.,72,0.,12,0.,72,NA,11,NA,11,-
1980.1311475409839,49.,1980-02-17--24:00:00,144.95817000000002,342.26371,0,0.,0.,12,0.,72,0.,12,0.,72,NA,11,NA,11,-
1980.1312613843354,49.041666666666664,1980-02-18--01:00:00,145.81994,8.21503,0,0.,0.,12,0.,72,0.,12,0.,72,NA,11,NA,11,-
1980.131375227687,49.08333333333333,1980-02-18--02:00:00,142.13691,32.526210000000006,0,0.,0.,12,0.,72,0.,12,0.,72,NA,11,NA,11,-
1980.1314890710385,49.125,1980-02-18--03:00:00,135.06434000000002,52.09427,0,0.,0.,12,0.,72,0.,12,0.,72,NA,11,NA,11,-
1980.13160291439,49.166666666666664,1980-02-18--04:00:00,126.02056,67.38445,0,0.,0.,12,0.,72,0.,12,0.,72,NA,11,NA,11,-
1980.1317167577415,49.20833333333333,1980-02-18--05:00:00,115.9852,79.93105000000001,0,0.,0.,12,0.,72,0.,12,0.,72,NA,11,NA,11,-
1980.131830601093,49.25,1980-02-18--06:00:00,105.55925,91.02090000000001,0,0.,0.,12,0.,72,0.,12,0.,72,NA,11,NA,11,-
1980.1319444444446,49.291666666666664,1980-02-18--07:00:00,95.13037000000001,101.58718,0,0.,0.,12,0.,72,0.,12,0.,72,NA,11,NA,11,-
1980.132058287796,49.33333333333333,1980-02-18--08:00:00,85.03227000000001,112.35437,62.56,722.48,12.,12,NA,99,NA,99,NA,99,NA,11,NA,99,-
1980.1321721311476,49.375,1980-02-18--09:00:00,75.91126000000001,123.95162,339.25,1393.68,40.,12,NA,99,NA,99,NA,99,NA,11,NA,99,-
1980.1322859744994,49.416666666666664,1980-02-18--10:00:00,67.96696,136.93876,522.82,1393.65,59.,12,NA,99,NA,99,NA,99,NA,11,NA,99,-
1980.132399817851,49.45833333333333,1980-02-18--11:00:00,61.85896,151.69482000000002,657.29,1393.63,82.,12,NA,99,NA,99,NA,99,NA,11,NA,99,-
1980.1325136612024,49.5,1980-02-18--12:00:00,58.25076000000001,168.13796000000002,733.32,1393.6000000000001,114.,12,NA,99,NA,99,NA,99,NA,11,NA,99,-
1980.132627504554,49.541666666666664,1980-02-18--13:00:00,57.651590000000006,185.46538,745.66,1393.58,160.,12,NA,99,NA,99,NA,99,NA,11,NA,99,-
1980.1327413479055,49.58333333333333,1980-02-18--14:00:00,60.156490000000005,202.38071000000002,693.48,1393.55,116.,12,NA,99,NA,99,NA,99,NA,11,NA,99,-
1980.132855191257,49.625,1980-02-18--15:00:00,65.38714,217.82907000000003,580.38,1393.52,73.,12,NA,99,NA,99,NA,99,NA,11,NA,99,-
1980.1329690346085,49.666666666666664,1980-02-18--16:00:00,72.70728000000001,231.47014000000001,414.22,1393.5,95.,12,NA,99,NA,99,NA,99,NA,11,NA,99,-
1980.13308287796,49.70833333333333,1980-02-18--17:00:00,81.45744,243.54861000000002,206.99,1393.47,34.,12,NA,99,NA,99,NA,99,NA,11,NA,99,-
1980.1331967213116,49.75,1980-02-18--18:00:00,91.05160000000001,254.57932000000002,0,0.,0.,12,NA,99,NA,99,NA,99,NA,11,NA,99,-
1980.1333105646631,49.791666666666664,1980-02-18--19:00:00,101.54052000000001,265.16969,0,0.,0.,12,0.,72,0.,12,0.,72,NA,11,NA,11,-
1980.1334244080147,49.83333333333333,1980-02-18--20:00:00,111.98247,276.00041000000004,0,0.,0.,12,0.,72,0.,12,0.,72,NA,11,NA,11,-
1980.1335382513662,49.875,1980-02-18--21:00:00,122.19140000000002,287.90903000000003,0,0.,0.,12,0.,72,0.,12,0.,72,NA,11,NA,11,-
1980.133652094718,49.916666666666664,1980-02-18--22:00:00,131.65484,302.03056000000004,0,0.,0.,12,0.,72,0.,12,0.,72,NA,11,NA,11,-
1980.1337659380695,49.95833333333333,1980-02-18--23:00:00,139.55434000000002,319.84032,0,0.,0.,12,0.,72,0.,12,0.,72,NA,11,NA,11,-
1980.133879781421,50.,1980-02-18--24:00:00,144.61829,342.42933000000005,0,0.,0.,12,0.,72,0.,12,0.,72,NA,11,NA,11,-
1980.1339936247725,50.041666666666664,1980-02-19--01:00:00,145.46712000000002,8.186860000000001,0,0.,0.,12,0.,72,0.,12,0.,72,NA,11,NA,11,-
1980.134107468124,50.08333333333333,1980-02-19--02:00:00,141.80318,32.33787,0,0.,0.,12,0.,72,0.,12,0.,72,NA,11,NA,11,-
1980.1342213114756,50.125,1980-02-19--03:00:00,134.76075,51.83865,0,0.,0.,12,0.,72,0.,12,0.,72,NA,11,NA,11,-
1980.134335154827,50.166666666666664,1980-02-19--04:00:00,125.74081000000001,67.1175,0,0.,0.,12,0.,72,0.,12,0.,72,NA,11,NA,11,-
1980.1344489981786,50.20833333333333,1980-02-19--05:00:00,115.71869000000001,79.6725,0,0.,0.,12,0.,72,0.,12,0.,72,NA,11,NA,11,-
1980.1345628415302,50.25,1980-02-19--06:00:00,105.29602000000001,90.77520000000001,0,0.,0.,12,0.,72,0.,12,0.,72,NA,11,NA,11,-
1980.1346766848817,50.291666666666664,1980-02-19--07:00:00,94.85925,101.35474,0,0.,0.,12,0.,72,0.,12,0.,72,NA,11,NA,11,-
1980.1347905282332,50.33333333333333,1980-02-19--08:00:00,84.75925000000001,112.13647,69.39,759.6800000000001,48.,12,NA,99,NA,99,NA,99,NA,11,NA,99,-
1980.134904371585,50.375,1980-02-19--09:00:00,75.61491000000001,123.75358000000001,346.09000000000003,1393.07,113.,12,NA,99,NA,99,NA,99,NA,11,NA,99,-
1980.1350182149365,50.416666666666664,1980-02-19--10:00:00,67.64829,136.77284,529.76,1393.04,236.,12,NA,99,NA,99,NA,99,NA,11,NA,99,-
1980.135132058288,50.45833333333333,1980-02-19--11:00:00,61.519200000000005,151.58168,664.28,1393.02,370.,12,NA,99,NA,99,NA,99,NA,11,NA,99,-
1980.1352459016396,50.5,1980-02-19--12:00:00,57.89784,168.10172,740.28,1392.99,247.,12,NA,99,NA,99,NA,99,NA,11,NA,99,-
1980.135359744991,50.541666666666664,1980-02-19--13:00:00,57.30012000000001,185.51929,752.53,1392.97,318.,12,NA,99,NA,99,NA,99,NA,11,NA,99,-
1980.1354735883426,50.58333333333333,1980-02-19--14:00:00,59.8218,202.5157,700.22,1392.94,196.,12,NA,99,NA,99,NA,99,NA,11,NA,99,-
1980.1355874316941,50.625,1980-02-19--15:00:00,65.07839,218.02104000000003,586.94,1392.91,152.,12,NA,99,NA,99,NA,99,NA,11,NA,99,-
1980.1357012750457,50.666666666666664,1980-02-19--16:00:00,72.42591,231.69604,420.57,1392.89,61.,82,NA,99,NA,99,NA,99,NA,81,NA,99,-
1980.1358151183972,50.70833333333333,1980-02-19--17:00:00,81.20091000000001,243.79421000000002,213.07,1392.8600000000001,28.,12,NA,99,NA,99,NA,99,NA,11,NA,99,-
1980.1359289617487,50.75,1980-02-19--18:00:00,90.75122,254.83869,0,0.,0.,12,NA,99,NA,99,NA,99,NA,11,NA,99,-
1980.1360428051003,50.791666666666664,1980-02-19--19:00:00,101.30524000000001,265.44218,0,0.,0.,12,0.,72,0.,12,0.,72,NA,11,NA,11,-
1980.136156648452,50.83333333333333,1980-02-19--20:00:00,111.74696000000002,276.28777,0,0.,0.,12,0.,72,0.,12,0.,72,NA,11,NA,11,-
1980.1362704918035,50.875,1980-02-19--21:00:00,121.94473,288.21173000000005,0,0.,0.,12,0.,72,0.,12,0.,72,NA,11,NA,11,-
1980.136384335155,50.916666666666664,1980-02-19--22:00:00,131.38457000000002,302.34001,0,0.,0.,12,0.,72,0.,12,0.,72,NA,11,NA,11,-
1980.1364981785066,50.95833333333333,1980-02-19--23:00:00,139.24857,320.12083,0,0.,0.,12,0.,72,0.,12,0.,72,NA,11,NA,11,-
1980.1366120218581,51.,1980-02-19--24:00:00,144.27582,342.59806000000003,0,0.,0.,12,0.,72,0.,12,0.,72,NA,11,NA,11,-
1980.1367258652097,51.041666666666664,1980-02-20--01:00:00,145.11099000000002,8.163590000000001,0,0.,0.,12,0.,72,0.,12,0.,72,NA,11,NA,11,-
1980.1368397085612,51.08333333333333,1980-02-20--02:00:00,141.4653,32.154680000000006,0,0.,0.,12,0.,72,0.,12,0.,72,NA,11,NA,11,-
1980.1369535519127,51.125,1980-02-20--03:00:00,134.45252000000002,51.586650000000006,0,0.,0.,12,0.,72,0.,12,0.,72,NA,11,NA,11,-
1980.1370673952642,51.166666666666664,1980-02-20--04:00:00,125.45634000000001,66.85265000000001,0,0.,0.,12,0.,72,0.,12,0.,72,NA,11,NA,11,-
1980.1371812386158,51.20833333333333,1980-02-20--05:00:00,115.44760000000001,79.41502000000001,0,0.,0.,12,0.,72,0.,12,0.,72,NA,11,NA,11,-
1980.1372950819673,51.25,1980-02-20--06:00:00,105.02839,90.52998000000001,0,0.,0.,12,0.,72,0.,12,0.,72,NA,11,NA,11,-
1980.137408925319,51.291666666666664,1980-02-20--07:00:00,94.58349000000001,101.12244000000001,0,0.,0.,12,NA,99,NA,99,NA,99,NA,11,NA,99,-
1980.1375227686706,51.33333333333333,1980-02-20--08:00:00,84.48228,111.91854000000001,76.68,797.44,45.,12,NA,99,NA,99,NA,99,NA,11,NA,99,-
1980.137636612022,51.375,1980-02-20--09:00:00,75.31462,123.55554000000001,353.,1392.45,176.,12,NA,99,NA,99,NA,99,NA,11,NA,99,-
1980.1377504553736,51.416666666666664,1980-02-20--10:00:00,67.3258,136.60725000000002,536.77,1392.42,339.,12,NA,99,NA,99,NA,99,NA,11,NA,99,-
1980.1378642987252,51.45833333333333,1980-02-20--11:00:00,61.17577000000001,151.46968,671.3100000000001,1392.4,260.,12,NA,99,NA,99,NA,99,NA,11,NA,99,-
1980.1379781420767,51.5,1980-02-20--12:00:00,57.54158,168.06798,747.27,1392.3700000000001,232.,12,NA,99,NA,99,NA,99,NA,11,NA,99,-
1980.1380919854282,51.541666666666664,1980-02-20--13:00:00,56.945890000000006,185.57722,759.4300000000001,1392.3500000000001,263.,12,NA,99,NA,99,NA,99,NA,11,NA,99,-
1980.1382058287797,51.58333333333333,1980-02-20--14:00:00,59.485170000000004,202.65568000000002,706.97,1392.32,240.,12,NA,99,NA,99,NA,99,NA,11,NA,99,-
1980.1383196721313,51.625,1980-02-20--15:00:00,64.76845,218.21820000000002,593.5,1392.29,183.,12,NA,99,NA,99,NA,99,NA,11,NA,99,-
1980.1384335154828,51.666666666666664,1980-02-20--16:00:00,72.14389,231.92682000000002,426.91,1392.27,236.,12,NA,99,NA,99,NA,99,NA,11,NA,99,-
1980.1385473588343,51.70833333333333,1980-02-20--17:00:00,80.94393000000001,244.04425000000003,219.14000000000001,1392.24,121.,12,NA,99,NA,99,NA,99,NA,11,NA,99,-
1980.138661202186,51.75,1980-02-20--18:00:00,90.41629,255.10207000000003,0,0.,14.,12,NA,99,NA,99,NA,99,NA,11,NA,99,-
1980.1387750455376,51.791666666666664,1980-02-20--19:00:00,101.06960000000001,265.71835000000004,0,0.,0.,12,0.,72,0.,12,0.,72,NA,11,NA,11,-
1980.1388888888891,51.83333333333333,1980-02-20--20:00:00,111.51084000000002,276.57854000000003,0,0.,0.,12,0.,72,0.,12,0.,72,NA,11,NA,11,-
1980.1390027322407,51.875,1980-02-20--21:00:00,121.69706000000001,288.51756,0,0.,0.,12,0.,72,0.,12,0.,72,NA,11,NA,11,-
1980.1391165755922,51.916666666666664,1980-02-20--22:00:00,131.11281000000002,302.65218000000004,0,0.,0.,12,0.,72,0.,12,0.,72,NA,11,NA,11,-
1980.1392304189437,51.95833333333333,1980-02-20--23:00:00,138.94079000000002,320.40368,0,0.,0.,12,0.,72,0.,12,0.,72,NA,11,NA,11,-
1980.1393442622953,52.,1980-02-20--24:00:00,143.93086000000002,342.76968000000005,0,0.,0.,12,0.,72,0.,12,0.,72,NA,11,NA,11,-
1980.1394581056468,52.041666666666664,1980-02-21--01:00:00,144.75169000000002,8.14503,0,0.,0.,12,0.,72,0.,12,0.,72,NA,11,NA,11,-
1980.1395719489983,52.08333333333333,1980-02-21--02:00:00,141.12339,31.976560000000003,0,0.,0.,12,0.,72,0.,12,0.,72,NA,11,NA,11,-
1980.1396857923498,52.125,1980-02-21--03:00:00,134.13979,51.338300000000004,0,0.,0.,12,0.,72,0.,12,0.,72,NA,11,NA,11,-
1980.1397996357014,52.166666666666664,1980-02-21--04:00:00,125.16729000000001,66.58995,0,0.,0.,12,0.,72,0.,12,0.,72,NA,11,NA,11,-
1980.139913479053,52.20833333333333,1980-02-21--05:00:00,115.17205000000001,79.15868,0,0.,0.,12,0.,72,0.,12,0.,72,NA,11,NA,11,-
1980.1400273224046,52.25,1980-02-21--06:00:00,104.75648000000001,90.28528000000001,0,0.,0.,12,0.,72,0.,12,0.,72,NA,11,NA,11,-
1980.1401411657562,52.291666666666664,1980-02-21--07:00:00,94.30310000000001,100.89029000000001,0,0.,0.,12,NA,99,NA,99,NA,99,NA,11,NA,99,-
1980.1402550091077,52.33333333333333,1980-02-21--08:00:00,84.20098,111.70061000000001,84.44,835.76,47.,12,NA,99,NA,99,NA,99,NA,11,NA,99,-
1980.1403688524592,52.375,1980-02-21--09:00:00,75.01051000000001,123.35751,359.98,1391.82,187.,12,43.45,72,168.,12,143.55,72,NA,11,NA,11,-
1980.1404826958108,52.416666666666664,1980-02-21--10:00:00,66.99962000000001,136.44199,543.83,1391.8,198.,12,26.96,72,69.,12,171.04,72,NA,11,NA,11,-
1980.1405965391623,52.45833333333333,1980-02-21--11:00:00,60.82880000000001,151.35881,678.38,1391.77,339.,12,119.42,72,245.,12,219.58,72,NA,11,NA,11,-
1980.1407103825138,52.5,1980-02-21--12:00:00,57.18209,168.03672,754.28,1391.74,483.,12,166.39000000000001,72,307.,12,316.61,72,NA,11,NA,11,-
1980.1408242258653,52.541666666666664,1980-02-21--13:00:00,56.58905000000001,185.63915000000003,766.34,1391.72,465.,12,197.68,72,359.,12,267.32,72,NA,11,NA,11,-
1980.1409380692169,52.58333333333333,1980-02-21--14:00:00,59.1467,202.80063,713.72,1391.69,395.,12,152.31,72,297.,12,242.69,72,NA,11,NA,11,-
1980.1410519125684,52.625,1980-02-21--15:00:00,64.45743,218.42049000000003,600.0600000000001,1391.66,346.,12,185.41,72,430.,12,160.59,72,NA,11,NA,11,-
1980.14116575592,52.666666666666664,1980-02-21--16:00:00,71.86132,232.16240000000002,433.24,1391.64,234.,12,117.68,72,378.,12,116.32000000000001,72,NA,11,NA,11,-
1980.1412795992717,52.70833333333333,1980-02-21--17:00:00,80.68658,244.29862000000003,225.21,1391.6100000000001,131.,12,76.55,72,473.,12,54.45,72,NA,11,NA,11,-
1980.1413934426232,52.75,1980-02-21--18:00:00,90.00717,255.36936000000003,0,0.,17.,12,85.,72,85.,12,17.,72,NA,11,NA,11,-
1980.1415072859747,52.791666666666664,1980-02-21--19:00:00,100.83363000000001,265.9981,0,0.,0.,12,0.,72,0.,12,0.,72,NA,11,NA,11,-
1980.1416211293263,52.83333333333333,1980-02-21--20:00:00,111.27414,276.87259,0,0.,0.,12,0.,72,0.,12,0.,72,NA,11,NA,11,-
1980.1417349726778,52.875,1980-02-21--21:00:00,121.44843000000002,288.82635000000005,0,0.,0.,12,0.,72,0.,12,0.,72,NA,11,NA,11,-
1980.1418488160293,52.916666666666664,1980-02-21--22:00:00,130.83958,302.9669,0,0.,0.,12,0.,72,0.,12,0.,72,NA,11,NA,11,-
1980.1419626593809,52.95833333333333,1980-02-21--23:00:00,138.63106000000002,320.68867,0,0.,0.,12,0.,72,0.,12,0.,72,NA,11,NA,11,-
1980.1420765027324,53.,1980-02-21--24:00:00,143.58350000000002,342.94398,0,0.,0.,12,0.,72,0.,12,0.,72,NA,11,NA,11,-
1980.142190346084,53.041666666666664,1980-02-22--01:00:00,144.38933,8.131,0,0.,0.,12,0.,72,0.,12,0.,72,NA,11,NA,11,-
1980.1423041894354,53.08333333333333,1980-02-22--02:00:00,140.77761,31.803430000000002,0,0.,0.,12,0.,72,0.,12,0.,72,NA,11,NA,11,-
1980.142418032787,53.125,1980-02-22--03:00:00,133.82269000000002,51.093590000000006,0,0.,0.,12,0.,72,0.,12,0.,72,NA,11,NA,11,-
1980.1425318761387,53.166666666666664,1980-02-22--04:00:00,124.87379000000001,66.32944,0,0.,0.,12,0.,72,0.,12,0.,72,NA,11,NA,11,-
1980.1426457194902,53.20833333333333,1980-02-22--05:00:00,114.89216,78.90353,0,0.,0.,12,0.,72,0.,12,0.,72,NA,11,NA,11,-
1980.1427595628418,53.25,1980-02-22--06:00:00,104.4804,90.04116,0,0.,0.,12,0.,72,0.,12,0.,72,NA,11,NA,11,-
1980.1428734061933,53.291666666666664,1980-02-22--07:00:00,94.0181,100.65835000000001,0,0.,0.,12,0.,72,0.,12,0.,72,NA,11,NA,11,-
1980.1429872495448,53.33333333333333,1980-02-22--08:00:00,83.91521,111.48268000000002,92.72,874.6700000000001,28.,12,0.53,72,5.,12,27.47,72,NA,11,NA,11,-
1980.1431010928964,53.375,1980-02-22--09:00:00,74.70271000000001,123.15949,367.03000000000003,1391.19,81.,12,0.,72,0.,12,81.,72,NA,11,NA,11,-
1980.143214936248,53.416666666666664,1980-02-22--10:00:00,66.66988,136.27704,550.94,1391.16,115.,12,0.,72,0.,12,115.,72,NA,11,NA,11,-
1980.1433287795994,53.45833333333333,1980-02-22--11:00:00,60.478410000000004,151.24904,685.48,1391.13,402.,12,68.99,72,140.,12,333.01,72,NA,11,NA,11,-
1980.143442622951,53.5,1980-02-22--12:00:00,56.819500000000005,168.00794000000002,761.32,1391.1100000000001,299.,12,20.8,72,38.,12,278.2,72,NA,11,NA,11,-
1980.1435564663025,53.541666666666664,1980-02-22--13:00:00,56.229690000000005,185.70508,773.25,1391.08,NA,99,0.,72,0.,12,NA,99,NA,99,NA,11,-
1980.143670309654,53.58333333333333,1980-02-22--14:00:00,58.806520000000006,202.95053000000001,720.47,1391.05,NA,99,0.,72,0.,12,NA,99,NA,99,NA,11,-
1980.1437841530058,53.625,1980-02-22--15:00:00,64.14544000000001,218.62787000000003,606.61,1391.03,NA,99,0.,72,0.,12,NA,99,NA,99,NA,11,-
1980.1438979963573,53.666666666666664,1980-02-22--16:00:00,71.57827,232.40271,439.57,1391.,NA,99,0.,72,0.,12,NA,99,NA,99,NA,11,-
1980.1440118397088,53.70833333333333,1980-02-22--17:00:00,80.42892,244.55723000000003,231.28,1390.97,NA,99,0.,72,0.,12,NA,99,NA,99,NA,11,-
1980.1441256830603,53.75,1980-02-22--18:00:00,89.80476,255.64046000000002,4.74,1390.95,NA,92,0.,92,0.,92,NA,99,NA,91,NA,91,-
1980.1442395264119,53.791666666666664,1980-02-22--19:00:00,100.59736000000001,266.28128000000004,0,0.,0.,12,0.,72,0.,12,0.,72,NA,11,NA,11,-
1980.1443533697634,53.83333333333333,1980-02-22--20:00:00,111.03691,277.16978,0,0.,0.,12,0.,72,0.,12,0.,72,NA,11,NA,11,-
1980.144467213115,53.875,1980-02-22--21:00:00,121.19885000000001,289.13796,0,0.,0.,12,0.,72,0.,12,0.,72,NA,11,NA,11,-
1980.1445810564664,53.916666666666664,1980-02-22--22:00:00,130.56493,303.28399,0,0.,0.,12,0.,72,0.,12,0.,72,NA,11,NA,11,-
1980.144694899818,53.95833333333333,1980-02-22--23:00:00,138.31942,320.97559,0,0.,0.,12,0.,72,0.,12,0.,72,NA,11,NA,11,-
1980.1448087431695,54.,1980-02-22--24:00:00,143.23381,343.12074,0,0.,0.,12,0.,72,0.,12,0.,72,NA,11,NA,11,-
1980.144922586521,54.041666666666664,1980-02-23--01:00:00,144.02404,8.12129,0,0.,0.,12,0.,72,0.,12,0.,72,NA,11,NA,11,-
1980.1450364298728,54.08333333333333,1980-02-23--02:00:00,140.4281,31.635180000000002,0,0.,0.,12,0.,72,0.,12,0.,72,NA,11,NA,11,-
1980.1451502732243,54.125,1980-02-23--03:00:00,133.50137,50.852540000000005,0,0.,0.,12,0.,72,0.,12,0.,72,NA,11,NA,11,-
1980.1452641165758,54.166666666666664,1980-02-23--04:00:00,124.57597000000001,66.07117000000001,0,0.,0.,12,0.,72,0.,12,0.,72,NA,11,NA,11,-
1980.1453779599274,54.20833333333333,1980-02-23--05:00:00,114.60807000000001,78.64963,0,0.,0.,12,0.,72,0.,12,0.,72,NA,11,NA,11,-
1980.145491803279,54.25,1980-02-23--06:00:00,104.20029000000001,89.79765,0,0.,0.,12,0.,72,0.,12,0.,72,NA,11,NA,11,-
1980.1456056466304,54.291666666666664,1980-02-23--07:00:00,93.72844,100.42665000000001,0,0.,0.,12,0.,72,0.,12,0.,72,NA,11,NA,11,-
1980.145719489982,54.33333333333333,1980-02-23--08:00:00,83.62546,111.26479,101.49000000000001,914.14,50.,12,4.11,72,37.,12,45.89,72,NA,11,NA,11,-
1980.1458333333335,54.375,1980-02-23--09:00:00,74.39135,122.96149000000001,374.15000000000003,1390.54,149.,12,20.990000000000002,72,78.,12,128.01,72,NA,11,NA,11,-
1980.145947176685,54.416666666666664,1980-02-23--10:00:00,66.33670000000001,136.11238,558.1,1390.51,311.,12,164.56,72,410.,12,146.44,72,NA,11,NA,11,-
1980.1460610200365,54.45833333333333,1980-02-23--11:00:00,60.12473000000001,151.14035,692.62,1390.49,497.,12,342.7,72,688.,12,154.3,72,NA,11,NA,11,-
1980.146174863388,54.5,1980-02-23--12:00:00,56.453920000000004,167.98160000000001,768.38,1390.46,448.,12,336.54,72,609.,12,111.46000000000001,72,NA,11,NA,11,-
1980.1462887067396,54.541666666666664,1980-02-23--13:00:00,55.867940000000004,185.77498000000003,780.1800000000001,1390.43,554.,12,453.37,72,808.,12,100.63,72,NA,11,NA,11,-
1980.1464025500914,54.58333333333333,1980-02-23--14:00:00,58.46473,203.10536000000002,727.21,1390.41,344.,12,184.1,72,352.,12,159.9,72,NA,11,NA,11,-
1980.1465163934429,54.625,1980-02-23--15:00:00,63.832570000000004,218.84028,613.15,1390.38,317.,12,171.11,72,388.,12,145.89000000000001,72,NA,11,NA,11,-
1980.1466302367944,54.666666666666664,1980-02-23--16:00:00,71.29484000000001,232.64767,445.88,1390.3500000000001,126.,12,43.94,72,137.,12,82.06,72,NA,11,NA,11,-
1980.146744080146,54.70833333333333,1980-02-23--17:00:00,80.17104,244.81998000000002,237.34,1390.32,81.,12,15.530000000000001,72,91.,12,65.47,72,NA,11,NA,11,-
1980.1468579234975,54.75,1980-02-23--18:00:00,89.59851,255.91524,9.74,1390.3,9.,92,0.,92,0.,92,9.,92,NA,91,NA,91,-
1980.146971766849,54.791666666666664,1980-02-23--19:00:00,100.36085000000001,266.56780000000003,0,0.,0.,12,0.,72,0.,12,0.,72,NA,11,NA,11,-
1980.1470856102005,54.83333333333333,1980-02-23--20:00:00,110.79916000000001,277.46997000000005,0,0.,0.,12,0.,72,0.,12,0.,72,NA,11,NA,11,-
1980.147199453552,54.875,1980-02-23--21:00:00,120.94835,289.45222,0,0.,0.,12,0.,72,0.,12,0.,72,NA,11,NA,11,-
1980.1473132969036,54.916666666666664,1980-02-23--22:00:00,130.28888,303.60325,0,0.,0.,12,0.,72,0.,12,0.,72,NA,11,NA,11,-
1980.147427140255,54.95833333333333,1980-02-23--23:00:00,138.00593,321.26426000000004,0,0.,0.,12,0.,72,0.,12,0.,72,NA,11,NA,11,-
1980.1475409836066,55.,1980-02-23--24:00:00,142.88189,343.29977,0,0.,0.,12,0.,72,0.,12,0.,72,NA,11,NA,11,-
1980.1476548269584,55.041666666666664,1980-02-24--01:00:00,143.65593,8.11574,0,0.,0.,12,0.,72,0.,12,0.,72,NA,11,NA,11,-
1980.14776867031,55.08333333333333,1980-02-24--02:00:00,140.07500000000002,31.47173,0,0.,0.,12,0.,72,0.,12,0.,72,NA,11,NA,11,-
1980.1478825136614,55.125,1980-02-24--03:00:00,133.17598,50.615140000000004,0,0.,0.,12,0.,72,0.,12,0.,72,NA,11,NA,11,-
1980.147996357013,55.166666666666664,1980-02-24--04:00:00,124.27398000000001,65.81518000000001,0,0.,0.,12,0.,72,0.,12,0.,72,NA,11,NA,11,-
1980.1481102003645,55.20833333333333,1980-02-24--05:00:00,114.31989000000002,78.39701000000001,0,0.,0.,12,0.,72,0.,12,0.,72,NA,11,NA,11,-
1980.148224043716,55.25,1980-02-24--06:00:00,103.91625,89.55480000000001,0,0.,0.,12,0.,72,0.,12,0.,72,NA,11,NA,11,-
1980.1483378870676,55.291666666666664,1980-02-24--07:00:00,93.43403,100.19520000000001,0,0.,0.,12,0.,72,0.,12,0.,72,NA,11,NA,11,-
1980.148451730419,55.33333333333333,1980-02-24--08:00:00,83.33188000000001,111.04694,110.8,954.1800000000001,21.,12,0.,72,0.,12,21.,72,NA,11,NA,11,-
1980.1485655737706,55.375,1980-02-24--09:00:00,74.07655000000001,122.76350000000001,381.32,1389.89,100.,12,0.,72,0.,12,100.,72,NA,11,NA,11,-
1980.1486794171221,55.416666666666664,1980-02-24--10:00:00,66.00021000000001,135.94801,565.3000000000001,1389.8600000000001,156.,12,6.51,72,16.,12,149.49,72,NA,11,NA,11,-
1980.1487932604737,55.45833333333333,1980-02-24--11:00:00,59.76787,151.03272,699.79,1389.83,335.,12,23.66,72,47.,12,311.34000000000003,72,NA,11,NA,11,-
1980.1489071038254,55.5,1980-02-24--12:00:00,56.085480000000004,167.95769,775.45,1389.81,348.,12,27.900000000000002,72,50.,12,320.1,72,NA,11,NA,11,-
1980.149020947177,55.541666666666664,1980-02-24--13:00:00,55.503910000000005,185.84885000000003,787.1,1389.78,328.,12,8.5,72,15.,12,319.5,72,NA,11,NA,11,-
1980.1491347905285,55.58333333333333,1980-02-24--14:00:00,58.12144000000001,203.26508,733.96,1389.75,229.,12,0.,72,0.,12,229.,72,NA,11,NA,11,-
1980.14924863388,55.625,1980-02-24--15:00:00,63.51892000000001,219.05767000000003,619.6800000000001,1389.72,331.,12,62.43,72,140.,12,268.57,72,NA,11,NA,11,-
1980.1493624772315,55.666666666666664,1980-02-24--16:00:00,71.01111,232.89720000000003,452.19,1389.7,179.,12,5.21,72,16.,12,173.79,72,NA,11,NA,11,-
1980.149476320583,55.70833333333333,1980-02-24--17:00:00,79.91301,245.08678000000003,243.39000000000001,1389.67,61.,12,0.,72,0.,12,61.,72,NA,11,NA,11,-
1980.1495901639346,55.75,1980-02-24--18:00:00,89.38877000000001,256.1936,14.82,1389.64,6.,92,0.,92,0.,92,6.,92,NA,91,NA,91,-
1980.1497040072861,55.791666666666664,1980-02-24--19:00:00,100.12410000000001,266.85751000000005,0,0.,0.,12,0.,72,0.,12,0.,72,NA,11,NA,11,-
1980.1498178506376,55.83333333333333,1980-02-24--20:00:00,110.56092000000001,277.77304000000004,0,0.,0.,12,0.,72,0.,12,0.,72,NA,11,NA,11,-
1980.1499316939892,55.875,1980-02-24--21:00:00,120.69697000000001,289.76898,0,0.,0.,12,0.,72,0.,12,0.,72,NA,11,NA,11,-
1980.1500455373407,55.916666666666664,1980-02-24--22:00:00,130.01148,303.92453,0,0.,0.,12,0.,72,0.,12,0.,72,NA,11,NA,11,-
1980.1501593806925,55.95833333333333,1980-02-24--23:00:00,137.69065,321.55447000000004,0,0.,0.,12,0.,72,0.,12,0.,72,NA,11,NA,11,-
1980.150273224044,56.,1980-02-24--24:00:00,142.5278,343.48086,0,0.,0.,12,0.,72,0.,12,0.,72,NA,11,NA,11,-
1980.1503870673955,56.041666666666664,1980-02-25--01:00:00,143.28513,8.11414,0,0.,0.,12,0.,72,0.,12,0.,72,NA,11,NA,11,-
1980.150500910747,56.08333333333333,1980-02-25--02:00:00,139.71846000000002,31.312970000000004,0,0.,0.,12,0.,72,0.,12,0.,72,NA,11,NA,11,-
1980.1506147540986,56.125,1980-02-25--03:00:00,132.84666,50.38138000000001,0,0.,0.,12,0.,72,0.,12,0.,72,NA,11,NA,11,-
1980.15072859745,56.166666666666664,1980-02-25--04:00:00,123.96794000000001,65.56150000000001,0,0.,0.,12,0.,72,0.,12,0.,72,NA,11,NA,11,-
1980.1508424408016,56.20833333333333,1980-02-25--05:00:00,114.02778,78.14572000000001,0,0.,0.,12,0.,72,0.,12,0.,72,NA,11,NA,11,-
1980.1509562841532,56.25,1980-02-25--06:00:00,103.62844000000001,89.31264,0,0.,0.,12,0.,72,0.,12,0.,72,NA,11,NA,11,-
1980.1510701275047,56.291666666666664,1980-02-25--07:00:00,93.13471000000001,99.96405000000001,0,0.,0.,12,0.,72,0.,12,0.,72,NA,11,NA,11,-
1980.1511839708562,56.33333333333333,1980-02-25--08:00:00,83.03462,110.82915000000001,120.64,994.8000000000001,41.,12,0.,72,0.,12,41.,72,NA,11,NA,11,-
1980.1512978142077,56.375,1980-02-25--09:00:00,73.75845000000001,122.56553000000001,388.55,1389.23,63.,12,0.,72,0.,12,63.,72,NA,11,NA,11,-
1980.1514116575595,56.416666666666664,1980-02-25--10:00:00,65.66054000000001,135.78391000000002,572.5500000000001,1389.2,115.,12,0.,72,0.,12,115.,72,NA,11,NA,11,-
1980.151525500911,56.45833333333333,1980-02-25--11:00:00,59.40798,150.92612000000003,706.98,1389.17,444.,12,243.77,72,479.,12,200.23000000000002,72,NA,11,NA,11,-
1980.1516393442625,56.5,1980-02-25--12:00:00,55.714290000000005,167.93618,782.53,1389.14,330.,12,101.4,72,180.,12,228.6,72,NA,11,NA,11,-
1980.151753187614,56.541666666666664,1980-02-25--13:00:00,55.13772,185.92665000000002,794.03,1389.1200000000001,230.,12,5.14,72,9.,12,224.86,72,NA,11,NA,11,-
1980.1518670309656,56.58333333333333,1980-02-25--14:00:00,57.776770000000006,203.42965,740.69,1389.09,164.,12,0.,72,0.,12,164.,72,NA,11,NA,11,-
1980.1519808743171,56.625,1980-02-25--15:00:00,63.20458000000001,219.27997000000002,626.2,1389.06,83.,12,0.,72,0.,12,83.,72,NA,11,NA,11,-
1980.1520947176687,56.666666666666664,1980-02-25--16:00:00,70.72716000000001,233.15121000000002,458.47,1389.03,53.,12,0.,72,0.,12,53.,72,NA,11,NA,11,-
1980.1522085610202,56.70833333333333,1980-02-25--17:00:00,79.65489000000001,245.35752000000002,249.43,1389.,18.,12,0.,72,0.,12,18.,72,NA,11,NA,11,-
1980.1523224043717,56.75,1980-02-25--18:00:00,89.17587,256.47544000000005,19.98,1388.98,4.,92,0.,92,0.,92,4.,92,NA,91,NA,91,-
1980.1524362477232,56.791666666666664,1980-02-25--19:00:00,99.88717000000001,267.15031000000005,0,0.,0.,12,0.,72,0.,12,0.,72,NA,11,NA,11,-
1980.1525500910748,56.83333333333333,1980-02-25--20:00:00,110.32222000000002,278.07884,0,0.,0.,12,0.,72,0.,12,0.,72,NA,11,NA,11,-
1980.1526639344263,56.875,1980-02-25--21:00:00,120.44472,290.08809,0,0.,0.,12,0.,72,0.,12,0.,72,NA,11,NA,11,-
1980.152777777778,56.916666666666664,1980-02-25--22:00:00,129.73274,304.24764000000005,0,0.,0.,12,0.,72,0.,12,0.,72,NA,11,NA,11,-
1980.1528916211296,56.95833333333333,1980-02-25--23:00:00,137.37363000000002,321.84604,0,0.,0.,12,0.,72,0.,12,0.,72,NA,11,NA,11,-
1980.153005464481,57.,1980-02-25--24:00:00,142.17165,343.66382000000004,0,0.,0.,12,0.,72,0.,12,0.,72,NA,11,NA,11,-
1980.1531193078326,57.041666666666664,1980-02-26--01:00:00,142.91175,8.11632,0,0.,0.,12,0.,72,0.,12,0.,72,NA,11,NA,11,-
1980.1532331511842,57.08333333333333,1980-02-26--02:00:00,139.35862,31.158800000000003,0,0.,0.,12,0.,72,0.,12,0.,72,NA,11,NA,11,-
1980.1533469945357,57.125,1980-02-26--03:00:00,132.51356,50.15124,0,0.,0.,12,0.,72,0.,12,0.,72,NA,11,NA,11,-
1980.1534608378872,57.166666666666664,1980-02-26--04:00:00,123.65800000000002,65.31015000000001,0,0.,0.,12,0.,72,0.,12,0.,72,NA,11,NA,11,-
1980.1535746812388,57.20833333333333,1980-02-26--05:00:00,113.73185000000001,77.89580000000001,0,0.,0.,12,0.,72,0.,12,0.,72,NA,11,NA,11,-
1980.1536885245903,57.25,1980-02-26--06:00:00,103.33696,89.07121000000001,0,0.,0.,12,0.,72,0.,12,0.,72,NA,11,NA,11,-
1980.1538023679418,57.291666666666664,1980-02-26--07:00:00,92.83018000000001,99.73322,0,0.,0.,12,0.,72,0.,12,0.,72,NA,11,NA,11,-
1980.1539162112933,57.33333333333333,1980-02-26--08:00:00,82.73381,110.61144000000002,131.04,1036.06,13.,12,0.,72,0.,12,13.,72,NA,11,NA,11,-
1980.154030054645,57.375,1980-02-26--09:00:00,73.43718000000001,122.36756000000001,395.83,1388.56,31.,12,0.,72,0.,12,31.,72,NA,11,NA,11,-
1980.1541438979966,57.416666666666664,1980-02-26--10:00:00,65.31781000000001,135.62005000000002,579.83,1388.53,44.,12,0.,72,0.,12,44.,72,NA,11,NA,11,-
1980.1542577413481,57.45833333333333,1980-02-26--11:00:00,59.04516,150.82052000000002,714.19,1388.5,71.,12,0.,72,0.,12,71.,72,NA,11,NA,11,-
1980.1543715846997,57.5,1980-02-26--12:00:00,55.34047,167.91704000000001,789.62,1388.47,122.,12,0.,72,0.,12,122.,72,NA,11,NA,11,-
1980.1544854280512,57.541666666666664,1980-02-26--13:00:00,54.76948,186.00838000000002,800.95,1388.44,129.,12,0.,72,0.,12,129.,72,NA,11,NA,11,-
1980.1545992714027,57.58333333333333,1980-02-26--14:00:00,57.430820000000004,203.59905,747.41,1388.42,101.,12,0.,72,0.,12,101.,72,NA,11,NA,11,-
1980.1547131147543,57.625,1980-02-26--15:00:00,62.88967,219.50713000000002,632.7,1388.39,82.,12,0.,72,0.,12,82.,72,NA,11,NA,11,-
1980.1548269581058,57.666666666666664,1980-02-26--16:00:00,70.44307,233.40962000000002,464.74,1388.3600000000001,54.,12,0.,72,0.,12,54.,72,NA,11,NA,11,-
1980.1549408014573,57.70833333333333,1980-02-26--17:00:00,79.39675000000001,245.6321,255.46,1388.33,18.,12,0.,72,0.,12,18.,72,NA,11,NA,11,-
1980.1550546448088,57.75,1980-02-26--18:00:00,88.96016,256.76062,25.19,1388.3,1.,12,0.,72,0.,12,1.,72,NA,11,NA,11,-
1980.1551684881604,57.791666666666664,1980-02-26--19:00:00,99.65008,267.44606000000005,0,0.,0.,12,0.,72,0.,12,0.,72,NA,11,NA,11,-
1980.1552823315121,57.83333333333333,1980-02-26--20:00:00,110.08309000000001,278.38724,0,0.,0.,12,0.,72,0.,12,0.,72,NA,11,NA,11,-
1980.1553961748637,57.875,1980-02-26--21:00:00,120.19163,290.40939000000003,0,0.,0.,12,0.,72,0.,12,0.,72,NA,11,NA,11,-
1980.1555100182152,57.916666666666664,1980-02-26--22:00:00,129.45272,304.57241000000005,0,0.,0.,12,0.,72,0.,12,0.,72,NA,11,NA,11,-
1980.1556238615667,57.95833333333333,1980-02-26--23:00:00,137.05491,322.13877,0,0.,0.,12,0.,72,0.,12,0.,72,NA,11,NA,11,-
1980.1557377049182,58.,1980-02-26--24:00:00,141.81351,343.84846000000005,0,0.,0.,12,0.,72,0.,12,0.,72,NA,11,NA,11,-
1980.1558515482698,58.041666666666664,1980-02-27--01:00:00,142.53591,8.12208,0,0.,0.,12,0.,72,0.,12,0.,72,NA,11,NA,11,-
1980.1559653916213,58.08333333333333,1980-02-27--02:00:00,138.99562,31.009090000000004,0,0.,0.,12,0.,72,0.,12,0.,72,NA,11,NA,11,-
1980.1560792349728,58.125,1980-02-27--03:00:00,132.17683000000002,49.924690000000005,0,0.,0.,12,0.,72,0.,12,0.,72,NA,11,NA,11,-
1980.1561930783243,58.166666666666664,1980-02-27--04:00:00,123.34429000000002,65.06116,0,0.,0.,12,0.,72,0.,12,0.,72,NA,11,NA,11,-
1980.1563069216759,58.20833333333333,1980-02-27--05:00:00,113.43224000000001,77.64728000000001,0,0.,0.,12,0.,72,0.,12,0.,72,NA,11,NA,11,-
1980.1564207650274,58.25,1980-02-27--06:00:00,103.04195000000001,88.83053000000001,0,0.,0.,12,0.,72,0.,12,0.,72,NA,11,NA,11,-
1980.1565346083792,58.291666666666664,1980-02-27--07:00:00,92.51994,99.50272000000001,0,0.,0.,12,NA,99,NA,99,NA,99,NA,11,NA,99,-
1980.1566484517307,58.33333333333333,1980-02-27--08:00:00,82.42961000000001,110.39380000000001,142.02,1078.02,9.,12,NA,99,NA,99,NA,99,NA,11,NA,99,-
1980.1567622950822,58.375,1980-02-27--09:00:00,73.11287,122.16960000000002,403.16,1387.88,32.,12,NA,99,NA,99,NA,99,NA,11,NA,99,-
1980.1568761384337,58.416666666666664,1980-02-27--10:00:00,64.97217,135.45642,587.14,1387.8500000000001,81.,12,NA,99,NA,99,NA,99,NA,11,NA,99,-
1980.1569899817853,58.45833333333333,1980-02-27--11:00:00,58.679550000000006,150.71589,721.42,1387.82,130.,12,NA,99,NA,99,NA,99,NA,11,NA,99,-
1980.1571038251368,58.5,1980-02-27--12:00:00,54.964150000000004,167.90025,796.72,1387.79,300.,12,NA,99,NA,99,NA,99,NA,11,NA,99,-
1980.1572176684883,58.541666666666664,1980-02-27--13:00:00,54.39931000000001,186.09400000000002,807.86,1387.76,208.,12,NA,99,NA,99,NA,99,NA,11,NA,99,-
1980.1573315118399,58.58333333333333,1980-02-27--14:00:00,57.08370000000001,203.77324000000002,754.11,1387.74,194.,12,NA,99,NA,99,NA,99,NA,11,NA,99,-
1980.1574453551914,58.625,1980-02-27--15:00:00,62.574270000000006,219.73908000000003,639.1800000000001,1387.71,64.,12,NA,99,NA,99,NA,99,NA,11,NA,99,-
1980.157559198543,58.666666666666664,1980-02-27--16:00:00,70.15891,233.67234000000002,471.,1387.68,33.,12,NA,99,NA,99,NA,99,NA,11,NA,99,-
1980.1576730418944,58.70833333333333,1980-02-27--17:00:00,79.13865000000001,245.91043000000002,261.48,1387.65,23.,12,NA,99,NA,99,NA,99,NA,11,NA,99,-
1980.1577868852462,58.75,1980-02-27--18:00:00,88.74192000000001,257.04905,30.47,1387.6200000000001,3.,12,NA,99,NA,99,NA,99,NA,11,NA,99,-
1980.1579007285977,58.791666666666664,1980-02-27--19:00:00,99.41285,267.74465000000004,0,0.,0.,12,0.,72,0.,12,0.,72,NA,11,NA,11,-
1980.1580145719493,58.83333333333333,1980-02-27--20:00:00,109.84354,278.69811000000004,0,0.,0.,12,0.,72,0.,12,0.,72,NA,11,NA,11,-
1980.1581284153008,58.875,1980-02-27--21:00:00,119.93773000000002,290.73274000000004,0,0.,0.,12,0.,72,0.,12,0.,72,NA,11,NA,11,-
1980.1582422586523,58.916666666666664,1980-02-27--22:00:00,129.17144000000002,304.89866,0,0.,0.,12,0.,72,0.,12,0.,72,NA,11,NA,11,-
1980.1583561020038,58.95833333333333,1980-02-27--23:00:00,136.73457000000002,322.43249000000003,0,0.,0.,12,0.,72,0.,12,0.,72,NA,11,NA,11,-
1980.1584699453554,59.,1980-02-27--24:00:00,141.45347,344.03458,0,0.,0.,12,0.,72,0.,12,0.,72,NA,11,NA,11,-
1980.158583788707,59.041666666666664,1980-02-28--01:00:00,142.15773000000002,8.131260000000001,0,0.,0.,12,0.,72,0.,12,0.,72,NA,11,NA,11,-
1980.1586976320584,59.08333333333333,1980-02-28--02:00:00,138.62961,30.863750000000003,0,0.,0.,12,0.,72,0.,12,0.,72,NA,11,NA,11,-
1980.15881147541,59.125,1980-02-28--03:00:00,131.8366,49.701710000000006,0,0.,0.,12,0.,72,0.,12,0.,72,NA,11,NA,11,-
1980.1589253187615,59.166666666666664,1980-02-28--04:00:00,123.02697,64.81453,0,0.,0.,12,0.,72,0.,12,0.,72,NA,11,NA,11,-
1980.159039162113,59.20833333333333,1980-02-28--05:00:00,113.12908000000002,77.40018,0,0.,0.,12,0.,72,0.,12,0.,72,NA,11,NA,11,-
1980.1591530054648,59.25,1980-02-28--06:00:00,102.74354000000001,88.59064000000001,0,0.,0.,12,0.,72,0.,12,0.,72,NA,11,NA,11,-
1980.1592668488163,59.291666666666664,1980-02-28--07:00:00,92.20318,99.27258,0,0.,0.,12,NA,99,NA,99,NA,99,NA,11,NA,99,-
1980.1593806921678,59.33333333333333,1980-02-28--08:00:00,82.12217000000001,110.17626000000001,153.62,1120.79,19.,12,NA,99,NA,99,NA,99,NA,11,NA,99,-
1980.1594945355193,59.375,1980-02-28--09:00:00,72.78565,121.97163,410.54,1387.19,62.,12,NA,99,NA,99,NA,99,NA,11,NA,99,-
1980.1596083788709,59.416666666666664,1980-02-28--10:00:00,64.62373000000001,135.29298,594.48,1387.16,163.,12,NA,99,NA,99,NA,99,NA,11,NA,99,-
1980.1597222222224,59.45833333333333,1980-02-28--11:00:00,58.311260000000004,150.61218000000002,728.67,1387.14,409.,12,NA,99,NA,99,NA,99,NA,11,NA,99,-
1980.159836065574,59.5,1980-02-28--12:00:00,54.585440000000006,167.88577,803.8100000000001,1387.1100000000001,581.,12,NA,99,NA,99,NA,99,NA,11,NA,99,-
1980.1599499089255,59.541666666666664,1980-02-28--13:00:00,54.02732,186.18349,814.77,1387.08,378.,12,168.,72,286.,12,210.,72,NA,11,NA,11,-
1980.160063752277,59.58333333333333,1980-02-28--14:00:00,56.73552000000001,203.95218000000003,760.8000000000001,1387.05,374.,12,31.26,72,57.,12,342.74,72,NA,11,NA,11,-
1980.1601775956285,59.625,1980-02-28--15:00:00,62.25847,219.97576,645.64,1387.02,264.,12,12.57,72,27.,12,251.43,72,NA,11,NA,11,-
1980.16029143898,59.666666666666664,1980-02-28--16:00:00,69.87476000000001,233.93928000000002,477.23,1386.99,252.,12,88.43,72,257.,12,163.57,72,NA,11,NA,11,-
1980.1604052823318,59.70833333333333,1980-02-28--17:00:00,78.88066,246.19238,267.48,1386.96,118.,12,51.300000000000004,72,266.,12,66.7,72,NA,11,NA,11,-
1980.1605191256833,59.75,1980-02-28--18:00:00,88.52146,257.34061,35.79,1386.93,11.,12,0.8,72,31.,12,10.200000000000001,72,NA,11,NA,11,-
1980.1606329690349,59.791666666666664,1980-02-28--19:00:00,99.17553000000001,268.04594000000003,0,0.,0.,12,0.,72,0.,12,0.,72,NA,11,NA,11,-
1980.1607468123864,59.83333333333333,1980-02-28--20:00:00,109.60361,279.0113,0,0.,0.,12,0.,72,0.,12,0.,72,NA,11,NA,11,-
1980.160860655738,59.875,1980-02-28--21:00:00,119.68303000000002,291.05797,0,0.,0.,12,0.,72,0.,12,0.,72,NA,11,NA,11,-
1980.1609744990894,59.916666666666664,1980-02-28--22:00:00,128.88893000000002,305.22623000000004,0,0.,0.,12,0.,72,0.,12,0.,72,NA,11,NA,11,-
1980.161088342441,59.95833333333333,1980-02-28--23:00:00,136.41264,322.72700000000003,0,0.,0.,12,0.,72,0.,12,0.,72,NA,11,NA,11,-
1980.1612021857925,60.,1980-02-28--24:00:00,141.09161,344.22200000000004,0,0.,0.,12,0.,72,0.,12,0.,72,NA,11,NA,11,-
1980.161316029144,60.041666666666664,1980-02-29--01:00:00,141.77733,8.14366,0,0.,0.,12,0.,72,0.,12,0.,72,NA,11,NA,11,-
1980.1614298724955,60.08333333333333,1980-02-29--02:00:00,138.26072000000002,30.722640000000002,0,0.,0.,12,0.,72,0.,12,0.,72,NA,11,NA,11,-
1980.161543715847,60.125,1980-02-29--03:00:00,131.49303,49.482260000000004,0,0.,0.,12,0.,72,0.,12,0.,72,NA,11,NA,11,-
1980.1616575591988,60.166666666666664,1980-02-29--04:00:00,122.70616000000001,64.57028000000001,0,0.,0.,12,0.,72,0.,12,0.,72,NA,11,NA,11,-
1980.1617714025504,60.20833333333333,1980-02-29--05:00:00,112.82252000000001,77.15453000000001,0,0.,0.,12,0.,72,0.,12,0.,72,NA,11,NA,11,-
1980.1618852459019,60.25,1980-02-29--06:00:00,102.44187000000001,88.35155,0,0.,0.,12,0.,72,0.,12,0.,72,NA,11,NA,11,-
1980.1619990892534,60.291666666666664,1980-02-29--07:00:00,91.87847000000001,99.04281,0,0.,0.,12,39.,72,39.,12,0.,72,NA,11,NA,11,-
1980.162112932605,60.33333333333333,1980-02-29--08:00:00,81.81164000000001,109.95880000000001,165.87,1164.58,97.,12,69.36,72,487.,12,27.64,72,NA,11,NA,11,-
1980.1622267759565,60.375,1980-02-29--09:00:00,72.45566000000001,121.77365,417.95,1386.5,200.,12,133.54,72,443.,12,66.46000000000001,72,NA,11,NA,11,-
1980.162340619308,60.416666666666664,1980-02-29--10:00:00,64.27263,135.12971000000002,601.85,1386.47,419.,12,369.41,72,851.,12,49.59,72,NA,11,NA,11,-
1980.1624544626595,60.45833333333333,1980-02-29--11:00:00,57.94044,150.50937000000002,735.92,1386.44,522.,12,452.77,72,853.,12,69.23,72,NA,11,NA,11,-
1980.162568306011,60.5,1980-02-29--12:00:00,54.204460000000005,167.87357,810.91,1386.41,585.,12,411.77,72,704.,12,173.23,72,NA,11,NA,11,-
1980.1626821493626,60.541666666666664,1980-02-29--13:00:00,53.65363000000001,186.27682000000001,821.66,1386.38,606.,12,505.54,72,853.,12,100.46000000000001,72,NA,11,NA,11,-
1980.162795992714,60.58333333333333,1980-02-29--14:00:00,56.38638,204.13582000000002,767.47,1386.3500000000001,561.,82,447.3,82,808.,82,113.7,82,NA,81,NA,81,-
1980.1629098360659,60.625,1980-02-29--15:00:00,61.942370000000004,220.21709,652.07,1386.33,465.,12,323.61,72,688.,12,141.39000000000001,72,NA,11,NA,11,-
1980.1630236794174,60.666666666666664,1980-02-29--16:00:00,69.59070000000001,234.21035,483.44,1386.3,229.,12,89.62,72,257.,12,139.38,72,NA,11,NA,11,-
1980.163137522769,60.70833333333333,1980-02-29--17:00:00,78.62283000000001,246.47787000000002,273.46,1386.27,97.,12,1.78,72,9.,12,95.22,72,NA,11,NA,11,-
1980.1632513661204,60.75,1980-02-29--18:00:00,88.29904,257.63517,41.15,1386.24,11.,12,0.,72,0.,12,11.,72,NA,11,NA,11,-
1980.163365209472,60.791666666666664,1980-02-29--19:00:00,98.93812000000001,268.34982,0,0.,0.,12,0.,72,0.,12,0.,72,NA,11,NA,11,-
1980.1634790528235,60.83333333333333,1980-02-29--20:00:00,109.36332000000002,279.32668,0,0.,0.,12,0.,72,0.,12,0.,72,NA,11,NA,11,-
1980.163592896175,60.875,1980-02-29--21:00:00,119.42757,291.38495,0,0.,0.,12,0.,72,0.,12,0.,72,NA,11,NA,11,-
1980.1637067395266,60.916666666666664,1980-02-29--22:00:00,128.60524,305.55495,0,0.,0.,12,0.,72,0.,12,0.,72,NA,11,NA,11,-
1980.163820582878,60.95833333333333,1980-02-29--23:00:00,136.08919,323.02214000000004,0,0.,0.,12,0.,72,0.,12,0.,72,NA,11,NA,11,-
1980.1639344262296,61.,1980-02-29--24:00:00,140.72801,344.41055,0,0.,0.,12,0.,72,0.,12,0.,72,NA,11,NA,11,-