Station ID Number:,94170,-,-.1,-.2,-.3,Type of Measurement:,GHI,GHI_Flag,DrHI_Calc,DrHI_Calc_Flag,DNI,DNI_Flag,DHI_Calc,DHI_Calc_Flag,TEMPERATURE,TEMPERATURE_Flag,GHI_original,GHI_original_Flag,DNI_original,DNI_original_Flag,NOTES
Station Name:,BUO,-,-,-,-,Element:,1000,-,2000,-,2010,-,3000,-,9300,-,1000_original,-,2010_original,-,Contact Info: http://solardat.uoregon.edu
Station Location:,Burns_Oregon_USA,-,-,-,-,Instrument Serial Number:,PSP(17846F3),-,NIP(17829E6),-,NIP(17829E6),-,Computed from GHI and DNI,-,T10,-,PSP(17846F3),-,NIP(17829E6),-,Element description at: http://solardat.uoregon.edu/DataElementNumbers.html
Latitude:,43.519197,-,-,-,-,Instrument Shorthand Name:,P4,-,,-,N3,-,,-,T10,-,P4,-,N3,-,Flag description at: http://solardat.uoregon.edu/QualityControlFlags.html
Longitude (+ East):,-119.021623,-,-,-,-,Responsivity:,7.2904,microV/(W/m^2),,-,8.2511,microV/(W/m^2),,-,1000.,microV?/C,7.2904,microV/(W/m^2),8.2511,microV/(W/m^2),Data has been calibrated using the responsivity values listed 
Altitude (m):,1260.,-,-,-,-,Estimated Uncertainty (U95%):,2.895,-,2.737,-,2.737,-,3.984,-,2.2,-,2.895,-,2.737,-,The phrase (_original) means the data has not had the nighttime offset subtracted.
Time Zone (+ East):,-8.,-,-,-,-,Sample Method:,Avg,-,-,-,Avg,-,-,-,Avg,-,Avg,-,Avg,-,Data that has been (computed) was calculated from measured columns.
Time Interval (Minutes):,5,-,-,-,-,Units:,W/m^2,-,W/m^2,-,W/m^2,-,W/m^2,-,C,-,W/m^2,-,W/m^2,-,Date file was created: 2017-3-30
Year//Month,2000//01,-,-,-,-,Column Notes:,-,-,-,-,-,-,-,-,-,-,-,-,-,-,This file was created using code: Check data (2017-03-27).nb
-,-,-,-,-,-,-,-,-,-,-,-,-,-,-,-,-,-,-,-,-,-
YYYY//MM//DD,Day of year,Time Sunrise (HH::MM:SS),Time Sunset (HH::MM:SS),Time Solar Noon (HH::MM:SS),Daily Total Energy ETR (kW h/m^2),Daily Total Energy ETRn (kW h/m^2),Daily Total Energy (kWh/m^2),Daily Total Uncertainty (U95%),Daily Total Energy (kWh/m^2),Daily Total Uncertainty (U95%),Daily Total Energy (kWh/m^2),Daily Total Uncertainty (U95%),Daily Total Energy (kWh/m^2),Daily Total Uncertainty (U95%),Minimum daily value,Maximum daily value,Average Nighttime Value,Standard Deviation Nighttime,Average Nighttime Value,Standard Deviation Nighttime,Assorted Daily Values (Rows 12 - 42)
2000//1//1,1,07::30:11,16::29:14,11::59:32,3.2600000000000002,12.671000000000001,0.9460000000000001,10.764,0.047,12.201,0.258,4.3020000000000005,0.899,11.327,-13.56,0.12,-5.5437,1.5989,0.0736,0.626,-
2000//1//2,2,07::30:14,16::29:55,12::00:00,3.2760000000000002,12.67,1.294,7.806,0.17200000000000001,5.166,0.728,3.277,1.122,9.078,-10.49,-0.01,-5.3436,0.8253,-0.0994,0.3427,-
2000//1//3,3,07::30:15,16::30:44,12::00:28,3.294,12.67,1.157,8.958,0.006,73.82300000000001,0.021,21.128,1.151,9.005,-4.75,0.72,-5.7104,1.1616,0.0317,0.1178,-
2000//1//4,4,07::30:14,16::31:49,12::00:56,3.313,12.67,1.625,6.335,0.729,3.0060000000000002,2.598,2.816,0.897,10.962,-4.62,4.33,-5.5488,1.8308,0.028,0.38070000000000004,-
2000//1//5,5,07::30:11,16::33:08,12::01:23,3.333,12.671000000000001,1.826,5.735,0.685,3.1510000000000002,2.613,2.829,1.141,9.042,-11.31,1.42,-5.3180000000000005,1.0431000000000001,-0.2151,0.4318,-
2000//1//6,6,07::30:06,16::34:03,12::01:49,3.354,12.790000000000001,1.986,5.216,1.124,2.861,3.71,2.761,0.862,11.884,-14.17,0.14,-4.1509,0.7507,-0.0115,0.1935,-
2000//1//7,7,07::29:59,16::34:48,12::02:16,3.3770000000000002,12.792,1.234,8.325,0.013000000000000001,29.84,0.038,11.237,1.221,8.448,-4.03,1.71,-3.7373000000000003,0.8519,0.1222,0.127,-
2000//1//8,8,07::29:50,16::35:45,12::02:41,3.402,12.795,2.2680000000000002,4.621,2.04,2.769,6.799,2.742,0.228,44.262,-3.,5.46,-5.1753,2.0494,0.0374,0.2989,-
2000//1//9,9,07::29:38,16::37:00,12::03:06,3.428,12.799,1.383,7.311,0.41100000000000003,3.298,1.33,2.862,0.971,10.398,-1.05,5.92,-6.6854000000000005,1.6712,0.0114,0.16720000000000002,-
2000//1//10,10,07::29:23,16::38:28,12::03:31,3.455,12.804,0.916,11.116,0.,100,0.001,367.172,0.916,11.116,-1.9000000000000001,4.74,-7.425000000000001,1.6598000000000002,-0.0129,0.2378,-
2000//1//11,11,07::29:04,16::39:19,12::03:55,3.483,12.928,0.905,11.653,0.164,5.203,0.631,3.469,0.74,14.256,-7.42,4.28,-8.107000000000001,1.2205000000000001,-0.044700000000000004,0.4499,-
2000//1//12,12,07::28:42,16::40:13,12::04:19,3.513,12.936,1.748,6.066,0.509,3.464,1.451,2.971,1.24,8.505,-12.43,-1.09,-5.1654,1.0987,-0.25620000000000004,0.5650000000000001,-
2000//1//13,13,07::28:13,16::41:24,12::04:41,3.544,12.946,1.227,8.595,0.002,174.844,0.008,45.897,1.224,8.639,-7.24,5.24,-4.869000000000001,1.3548,0.09040000000000001,0.42210000000000003,-
2000//1//14,14,07::27:37,16::42:58,12::05:04,3.577,12.959,1.497,7.244,0.04,10.855,0.107,5.418,1.457,7.674,-0.04,6.8100000000000005,-5.477600000000001,1.1555,0.0039000000000000003,0.6536000000000001,-
2000//1//15,15,07::27:00,16::44:05,12::05:25,3.611,13.078,0.652,15.618,0.,100,0.,100,0.652,15.618,0.49,2.72,-4.8846,1.0428,0.156,0.202,-
2000//1//16,16,07::26:21,16::45:00,12::05:46,3.646,13.076,2.32,4.621,1.881,2.7760000000000002,5.824,2.743,0.44,22.316,-1.5,5.88,-6.53,1.3553000000000002,0.0429,0.3705,-
2000//1//17,17,07::26:00,16::46:12,12::06:06,3.682,13.11,1.2550000000000001,8.331,0.515,3.499,2.007,2.919,0.739,14.148,-5.93,3.04,-5.3199000000000005,1.1152,-0.2447,0.402,-
2000//1//18,18,07::25:35,16::47:50,12::06:26,3.72,13.117,0.747,14.362,0.001,384.657,0.003,135.99,0.746,14.381,-4.37,1.36,-3.8338,0.7079000000000001,0.013900000000000001,0.1764,-
2000//1//19,19,07::25:06,16::49:03,12::06:45,3.759,13.244,1.221,8.486,0.234,3.398,0.5650000000000001,2.991,0.987,10.413,-0.99,4.12,-4.9994000000000005,1.8753000000000002,0.1316,0.1165,-
2000//1//20,20,07::24:31,16::50:01,12::07:03,3.799,13.256,1.841,5.742,0.603,3.311,2.1670000000000003,2.874,1.238,8.463000000000001,-2.5100000000000002,7.69,-4.7978000000000005,1.1560000000000001,-0.043500000000000004,0.4163,-
2000//1//21,21,07::23:49,16::51:16,12::07:20,3.84,13.27,1.5150000000000001,7.081,0.129,5.7170000000000005,0.47000000000000003,3.333,1.3860000000000001,7.74,-4.9,3.04,-5.0641,0.9412,-0.1438,0.317,-
2000//1//22,22,07::22:53,16::52:58,12::07:37,3.883,13.289,1.7610000000000001,6.168,0.444,3.58,1.443,2.968,1.317,8.258000000000001,-4.72,7.24,-5.5345,1.2086000000000001,-0.18780000000000002,0.388,-
2000//1//23,23,07::21:51,16::54:09,12::07:52,3.927,13.413,1.02,10.25,0.006,66.242,0.016,26.648,1.0130000000000001,10.321,-5.17,1.,-4.6154,1.2316,0.0315,0.2912,-
2000//1//24,24,07::21:05,16::55:11,12::08:07,3.972,13.443,0.58,17.713,0.,100,0.001,332.204,0.579,17.744,-0.42,2.19,-6.0474000000000006,1.6258000000000001,0.0442,0.057300000000000004,-
2000//1//25,25,07::20:30,16::56:32,12::08:22,4.018,13.454,1.7630000000000001,6.244,0.5750000000000001,3.235,1.6420000000000001,2.892,1.188,9.241,-1.2,7.,-4.3314,1.0124,0.052700000000000004,0.2531,-
2000//1//26,26,07::19:47,16::58:19,12::08:35,4.065,13.468,2.735,4.354,2.2640000000000002,2.7680000000000002,6.234,2.744,0.47300000000000003,23.065,-6.0200000000000005,1.95,-5.6367,1.0858,0.07400000000000001,0.3699,-
2000//1//27,27,07::18:54,16::59:22,12::08:48,4.113,13.603,2.597,4.463,2.041,2.785,6.271,2.745,0.557,19.424,-8.59,3.75,-5.6042000000000005,0.7187,-0.27990000000000004,0.36610000000000004,-
2000//1//28,28,07::17:42,17::00:29,12::08:59,4.163,13.628,2.907,4.072,2.73,2.758,7.986,2.739,0.181,55.253,-11.58,1.54,-5.3704,0.8073,-0.32480000000000003,0.2881,-
2000//1//29,29,07::16:25,17::02:00,12::09:10,4.214,13.629,2.854,4.139,2.465,2.763,7.091,2.741,0.391,27.205000000000002,-12.450000000000001,0.5700000000000001,-6.7026,1.7388000000000001,-0.18630000000000002,0.1779,-
2000//1//30,30,07::15:43,17::03:42,12::09:21,4.265,13.784,1.239,8.879,0.148,5.78,0.59,3.412,1.092,10.084,-12.1,-2.86,-5.9949,1.5648,-0.09920000000000001,0.45170000000000005,-
2000//1//31,31,07::14:55,17::04:40,12::09:30,4.3180000000000005,13.8,2.693,4.625,1.564,2.883,3.5340000000000003,2.789,1.129,10.016,-6.32,3.8200000000000003,-5.845000000000001,2.1590000000000003,0.0523,0.0966,-
2000//2//1,32,07::13:53,17::05:53,12::09:38,4.372,13.82,1.5070000000000001,7.711,0.194,4.856,0.406,3.693,1.313,8.832,0.1,8.45,-5.302700000000001,0.7863,-0.006900000000000001,0.277,-
2000//2//2,33,07::12:27,17::07:37,12::09:46,4.4270000000000005,13.848,2.595,4.672,1.42,2.831,3.734,2.7560000000000002,1.175,10.092,-2.77,9.02,-5.8584000000000005,0.9244,-0.3412,0.4188,-
2000//2//3,34,07::11:12,17::08:59,12::09:53,4.482,13.991,2.637,4.7010000000000005,1.592,2.79,4.6610000000000005,2.746,1.045,11.18,-3.6,5.99,-7.0274,1.2963,0.008400000000000001,0.4712,-
2000//2//4,35,07::10:22,17::10:02,12::09:59,4.539,14.006,2.681,4.7780000000000005,1.805,2.842,4.024,2.778,0.876,13.669,-3.11,8.97,-6.259600000000001,1.3236,0.0034000000000000002,0.2548,-
2000//2//5,36,07::09:21,17::11:23,12::10:04,4.597,14.026,2.469,5.074,1.52,2.847,3.46,2.7800000000000002,0.9490000000000001,12.495000000000001,-0.27,7.63,-5.015000000000001,1.1078000000000001,0.047900000000000005,0.19690000000000002,-
2000//2//6,37,07::07:57,17::13:12,12::10:09,4.655,14.054,2.793,4.488,1.701,2.836,4.063,2.7560000000000002,1.092,10.772,-2.71,8.99,-5.3241000000000005,1.0939,-0.0668,0.47890000000000005,-
2000//2//7,38,07::06:21,17::14:19,12::10:13,4.715,14.204,1.928,6.351,0.383,3.618,0.836,3.092,1.545,7.8100000000000005,-2.61,7.79,-4.744000000000001,0.7237,-0.16390000000000002,0.4055,-
2000//2//8,39,07::05:28,17::15:26,12::10:15,4.775,14.219,1.127,10.607000000000001,0.063,8.671,0.209,4.316,1.064,11.235,-1.94,7.47,-5.0296,0.9256000000000001,-0.16740000000000002,0.49520000000000003,-
2000//2//9,40,07::04:22,17::16:58,12::10:18,4.836,14.24,3.072,4.289,2.101,2.798,4.969,2.75,0.971,12.311,-2.02,12.02,-5.3783,0.9168000000000001,-0.22110000000000002,0.43460000000000004,-
2000//2//10,41,07::02:49,17::18:41,12::10:19,4.898,14.388,1.942,6.2540000000000004,0.159,5.5520000000000005,0.44,3.571,1.7830000000000001,6.862,-3.94,7.5200000000000005,-4.9229,1.0817,-0.0921,0.24880000000000002,-
2000//2//11,42,07::01:14,17::19:39,12::10:19,4.961,14.42,1.238,9.524000000000001,0.045,7.6240000000000006,0.10300000000000001,4.692,1.194,9.884,0.03,4.93,-5.6398,1.1857,0.22840000000000002,0.2756,-
2000//2//12,43,07::00:15,17::20:52,12::10:19,5.025,14.437000000000001,1.734,6.883,0.179,4.8100000000000005,0.8160000000000001,3.145,1.556,7.456,-3.97,3.97,-5.4493,0.9592,0.07300000000000001,0.4597,-
2000//2//13,44,06::58:59,17::22:35,12::10:18,5.089,14.461,1.81,6.657,0.023,17.198,0.095,6.005,1.7870000000000001,6.923,-4.14,2.35,-5.2159,1.4196,0.0575,0.1082,-
2000//2//14,45,06::57:10,17::23:57,12::10:16,5.154,14.607000000000001,1.889,6.773000000000001,0.504,3.475,1.2530000000000001,3.02,1.385,9.018,0.38,7.86,-6.9714,1.7127000000000001,0.0103,0.1379,-
2000//2//15,46,06::55:51,17::24:59,12::10:14,5.22,14.639000000000001,2.323,5.601,0.556,3.366,1.166,2.978,1.7670000000000001,7.1290000000000004,-2.84,6.13,-5.701300000000001,1.1734,-0.1449,0.2472,-
2000//2//16,47,06::54:42,17::26:17,12::10:11,5.287,14.66,1.768,6.978,0.027,27.04,0.058,12.997,1.741,7.086,-3.35,4.07,-5.5468,0.7495,-0.1945,0.2601,-
2000//2//17,48,06::53:06,17::28:04,12::10:07,5.354,14.691,3.799,3.8930000000000002,-,-,-,-,-,-,-3.44,6.58,-7.628,0.9531000000000001,-0.1932,0.5127,-
2000//2//18,49,06::51:16,17::29:12,12::10:02,5.421,14.844000000000001,3.92,3.7520000000000002,-,-,-,-,-,-,-8.36,9.3,-6.4177,1.0735000000000001,-0.5089,0.5844,-
2000//2//19,50,06::50:10,17::30:17,12::09:57,5.49,14.864,3.95,3.725,3.761,2.751,9.161,2.739,0.192,58.773,-8.26,7.930000000000001,-6.2175,1.6796,-0.1749,0.2556,-
2000//2//20,51,06::48:43,17::31:42,12::09:51,5.559,14.891,1.351,9.131,0.022,18.547,0.046,9.446,1.328,9.301,-0.54,3.92,-5.6506,1.2935,0.0853,0.1592,-
2000//2//21,52,06::46:41,17::33:29,12::09:44,5.628,14.913,1.434,9.023,0.262,3.105,0.6920000000000001,2.845,1.172,11.137,-3.24,6.48,-5.7708,1.1722000000000001,0.2262,0.3569,-
2000//2//22,53,06::45:29,17::34:25,12::09:37,5.698,15.069,1.002,12.553,0.05,7.2250000000000005,0.09,5.0200000000000005,0.9520000000000001,13.212,-3.87,9.23,-6.241700000000001,1.2773,0.22870000000000001,0.3556,-
2000//2//23,54,06::44:05,17::35:32,12::09:29,5.769,15.095,2.044,6.348,0.158,5.8340000000000005,0.291,4.2010000000000005,1.8860000000000001,7.0280000000000005,-3.64,3.23,-6.4522,1.0099,0.0385,0.2296,-
2000//2//24,55,06::42:03,17::37:03,12::09:21,5.84,15.125,3.442,4.253,2.314,2.781,5.58,2.75,1.1280000000000001,11.301,-5.18,4.54,-5.8942000000000005,0.6904,-0.2513,0.3375,-
2000//2//25,56,06::40:40,17::38:40,12::09:12,5.9110000000000005,15.276,2.6590000000000003,5.255,1.196,2.976,3.047,2.825,1.463,9.257,-8.64,5.09,-5.4556000000000004,0.8632000000000001,-0.1897,0.2869,-
2000//2//26,57,06::39:17,17::39:36,12::09:02,5.9830000000000005,15.301,1.788,7.327,0.001,189.94,0.001,195.876,1.7870000000000001,7.509,-0.24,2.32,-6.616300000000001,2.2249000000000003,0.0819,0.0936,-
2000//2//27,58,06::37:15,17::40:44,12::08:52,6.055,15.335,1.752,7.369,0.045,11.5,0.096,6.602,1.706,7.627,0.8,8.120000000000001,-5.6505,1.5336,0.1061,0.37770000000000004,-
2000//2//28,59,06::35:45,17::42:19,12::08:41,6.127,15.368,3.106,4.5440000000000005,1.12,2.947,2.876,2.8000000000000003,1.986,6.815,-2.09,6.9,-6.2796,0.9567,-0.1772,0.38720000000000004,-
2000//2//29,60,06::34:22,17::43:46,12::08:29,6.2,15.509,2.571,5.263,0.72,3.156,1.851,2.9050000000000002,1.851,7.306,-2.32,8.620000000000001,-6.4017,1.6740000000000002,-0.06470000000000001,0.35760000000000003,-
2000//3//1,61,06::32:17,17::44:42,12::08:18,6.274,15.544,4.535,3.97,4.106,2.765,8.606,2.746,0.429,37.22,-5.93,9.71,-6.3901,1.1959,-0.3106,0.3231,-
2000//3//2,62,06::30:45,17::45:52,12::08:05,6.347,15.577,1.5030000000000001,10.855,0.016,48.702,0.081,11.307,1.487,10.971,-1.31,5.28,-4.8528,1.4723000000000002,0.0079,0.24380000000000002,-
2000//3//3,63,06::29:19,17::47:29,12::07:53,6.42,15.602,4.376,4.139,3.285,2.77,7.087,2.744,1.091,14.65,-2.39,12.65,-6.6233,0.9041,-0.3553,0.39390000000000003,-
2000//3//4,64,06::27:12,17::48:50,12::07:39,6.494,15.752,3.137,5.131,1.372,2.9090000000000003,3.0260000000000002,2.9050000000000002,1.7650000000000001,8.73,-4.29,13.790000000000001,-6.7348,1.6104,-0.0211,0.3801,-
2000//3//5,65,06::25:40,17::49:46,12::07:26,6.5680000000000005,15.785,1.562,10.593,0.029,16.091,0.081,7.405,1.534,10.786,-0.6,4.11,-8.2781,0.5786,0.0728,0.10310000000000001,-
2000//3//6,66,06::24:11,17::50:55,12::07:12,6.643,15.811,3.289,5.197,0.167,6.684,0.33,5.007,3.122,5.992,-2.1,2.34,-6.7555000000000005,1.0586,-0.0267,0.0961,-
2000//3//7,67,06::21:59,17::52:31,12::06:57,6.7170000000000005,15.842,4.023,4.547,2.532,2.848,4.892,2.794,1.49,11.19,-6.12,4.92,-5.8721000000000005,1.6343,-0.0835,0.3352,-
2000//3//8,68,06::20:32,17::53:50,12::06:42,6.792,15.995000000000001,2.509,6.7540000000000004,0.36,3.7640000000000002,0.654,3.213,2.148,7.851,-3.7,6.61,-7.067200000000001,1.1131,-0.0037,0.34990000000000004,-
2000//3//9,69,06::18:58,17::54:45,12::06:27,6.8660000000000005,16.022000000000002,3.702,4.988,2.303,2.798,4.618,2.7560000000000002,1.4000000000000001,12.028,-6.1000000000000005,5.11,-6.1067,1.0688,0.2641,0.5819,-
2000//3//10,70,06::16:41,17::55:53,12::06:11,6.941,16.047,3.223,5.3870000000000005,0.777,3.341,1.309,3.035,2.445,6.996,-5.7700000000000005,7.87,-6.484100000000001,1.1520000000000001,0.023200000000000002,0.3366,-
2000//3//11,71,06::15:20,17::57:28,12::05:56,7.016,16.088,4.673,4.143,3.124,2.8000000000000003,5.78,2.759,1.549,10.906,-2.93,6.390000000000001,-7.625,1.5519,-0.2813,0.6678000000000001,-
2000//3//12,72,06::13:39,17::58:48,12::05:39,7.09,16.233,4.263,4.312,2.129,2.82,4.3180000000000005,2.757,2.133,7.853,-6.34,11.24,-6.222700000000001,0.8806,-0.47940000000000005,0.37370000000000003,-
2000//3//13,73,06::11:23,17::59:42,12::05:23,7.165,16.277,4.3340000000000005,4.346,2.371,2.842,4.271,2.785,1.963,8.951,-4.37,14.93,-6.726500000000001,2.222,-0.2131,0.6043000000000001,-
2000//3//14,74,06::10:05,18::00:48,12::05:06,7.24,16.298000000000002,4.746,4.065,3.099,2.798,5.243,2.757,1.647,10.116,0.,11.05,-8.0655,1.3629,-0.0083,0.30160000000000003,-
2000//3//15,75,06::08:15,18::02:18,12::04:49,7.315,16.330000000000002,5.361,3.789,4.752,2.759,9.145,2.745,0.609,27.739,-2.99,10.42,-6.1875,1.2093,-0.1164,0.2454,-
2000//3//16,76,06::06:09,18::03:43,12::04:32,7.389,16.485,1.62,10.562,0.391,4.488,1.107,3.406,1.229,13.845,-1.61,6.3500000000000005,-6.6599,2.0695,-0.046,0.2548,-
2000//3//17,77,06::04:46,18::04:36,12::04:15,7.464,16.507,4.798,4.268,3.387,2.843,5.7,2.7840000000000003,1.411,12.057,-4.76,9.51,-6.9824,0.9991000000000001,-0.1847,0.4181,-
2000//3//18,78,06::02:44,18::05:39,12::03:57,7.538,16.544,2.729,6.385,0.355,4.128,0.922,3.185,2.373,7.524,-4.66,9.74,-7.4344,1.6714,-0.12510000000000002,0.41290000000000004,-
2000//3//19,79,06::00:54,18::07:05,12::03:40,7.612,16.577,4.766,4.162,3.051,2.781,5.63,2.762,1.715,9.944,-3.24,6.46,-6.947500000000001,1.8762,-0.064,0.2768,-
2000//3//20,80,05::59:25,18::08:37,12::03:22,7.686,16.716,5.628,3.732,-,-,-,-,-,-,-6.13,7.96,-6.9116,0.868,-0.3255,0.32430000000000003,-
2000//3//21,81,05::57:12,18::09:28,12::03:04,7.76,16.751,5.748,3.623,-,-,-,-,-,-,-4.62,15.56,-6.4524,1.2587000000000002,-0.41550000000000004,0.5094000000000001,-
2000//3//22,82,05::55:37,18::10:29,12::02:46,7.8340000000000005,16.784,4.8260000000000005,4.249,3.467,2.806,6.226,2.77,1.358,12.613,-3.72,17.37,-7.551,2.6525000000000003,-0.3612,0.3658,-
2000//3//23,83,05::54:01,18::11:49,12::02:28,7.907,16.811,6.003,3.6950000000000003,5.386,2.7520000000000002,10.200000000000001,2.742,0.618,28.646,-4.63,8.,-7.7938,1.2713,-0.4378,0.5870000000000001,-
2000//3//24,84,05::51:42,18::13:26,12::02:10,7.98,16.836000000000002,5.805,3.673,4.893,2.755,8.925,2.741,0.912,18.904,-7.5,12.91,-7.2111,1.8947,-0.3013,0.26380000000000003,-
2000//3//25,85,05::50:18,18::14:18,12::01:52,8.053,16.991,4.941,3.9490000000000003,2.295,2.779,4.847,2.747,2.646,7.039000000000001,-2.74,16.18,-7.402,1.7519,-0.40800000000000003,0.5058,-
2000//3//26,86,05::48:35,18::15:16,12::01:33,8.126,17.02,5.989,3.8200000000000003,-,-,-,-,-,-,-3.3000000000000003,19.36,-6.9206,1.2098,-0.6615,0.6478,-
2000//3//27,87,05::46:19,18::16:31,12::01:15,8.198,17.062,3.463,5.345,0.664,3.374,1.514,3.035,2.8000000000000003,6.619,-1.98,13.620000000000001,-7.311,1.7060000000000002,-0.2713,0.33680000000000004,-
2000//3//28,88,05::44:59,18::18:08,12::00:57,8.27,17.082,5.849,3.875,3.891,2.778,7.306,2.747,1.959,9.266,-4.0200000000000005,7.72,-8.0715,1.05,-0.3302,0.4088,-
2000//3//29,89,05::43:06,18::19:08,12::00:39,8.342,17.229,5.746,3.802,4.381,2.775,8.191,2.749,1.365,13.097,-4.64,6.22,-7.3565000000000005,0.8634000000000001,-0.307,0.5206000000000001,-
2000//3//30,90,05::41:05,18::20:04,12::00:21,8.413,17.266000000000002,6.417,3.557,5.6370000000000005,2.748,10.282,2.74,0.781,22.667,-6.58,12.39,-7.453,1.1474,-0.4173,0.5338,-
2000//3//31,91,05::39:40,18::21:14,12::00:03,8.483,17.287,6.3500000000000005,3.604,5.639,2.7520000000000002,10.048,2.74,0.711,25.061,-3.5700000000000003,17.150000000000002,-7.3386000000000005,1.0229000000000001,-0.4038,0.4964,-
2000//4//1,92,05::37:36,18::22:49,11::59:45,8.554,17.325,5.938,3.9,4.545,2.7680000000000002,7.861,2.742,1.3940000000000001,14.156,1.1,19.81,-7.4287,1.2213,-0.2713,0.9169,-
2000//4//2,93,05::35:50,18::23:57,11::59:28,8.624,17.468,6.404,3.724,5.857,2.745,10.543000000000001,2.738,0.547,35.845,3.13,20.82,-8.103200000000001,1.3511,-0.4596,0.7476,-
2000//4//3,94,05::34:22,18::24:51,11::59:10,8.693,17.491,6.414,3.745,5.774,2.769,10.058,2.761,0.64,30.833000000000002,-1.04,25.87,-7.3383,1.1283,-0.555,0.5631,-
2000//4//4,95,05::32:11,18::25:57,11::58:53,8.762,17.524,6.197,3.794,5.12,2.7600000000000002,8.898,2.744,1.077,18.322,1.3900000000000001,21.71,-8.0762,1.6439000000000001,-0.4796,0.8444,-
2000//4//5,96,05::30:38,18::27:29,11::58:35,8.831,17.556,6.4190000000000005,3.87,5.184,2.758,8.353,2.745,1.236,16.372,-3.16,16.35,-7.4078,1.1007,-0.1943,0.3214,-
2000//4//6,97,05::29:06,18::28:46,11::58:18,8.898,17.694,5.328,4.263,2.207,2.876,3.523,2.8120000000000003,3.121,6.67,0.54,13.290000000000001,-7.774900000000001,1.2509000000000001,-0.2642,0.36050000000000004,-
2000//4//7,98,05::26:52,18::29:38,11::58:02,8.966,17.72,6.746,3.6550000000000002,5.886,2.748,10.397,2.74,0.861,23.065,-4.11,17.1,-7.786700000000001,1.7161000000000002,-0.4112,0.5303,-
2000//4//8,99,05::25:27,18::30:41,11::57:45,9.033,17.756,4.4750000000000005,4.914,2.353,2.906,4.312,2.819,2.122,9.596,-1.71,17.16,-8.2096,1.3130000000000002,-0.38320000000000004,0.5236000000000001,-
2000//4//9,100,05::23:53,18::32:04,11::57:29,9.099,17.782,3.4050000000000002,6.032,0.6980000000000001,3.649,1.3,3.182,2.707,7.675,4.75,13.280000000000001,-7.2058,1.0511000000000001,-0.2412,0.4847,-
2000//4//10,101,05::21:38,18::33:36,11::57:13,9.165000000000001,17.916,6.812,3.7,5.908,2.766,10.003,2.759,0.905,22.36,0.48,18.61,-7.6126000000000005,1.2114,-0.6455000000000001,0.7026,-
2000//4//11,102,05::20:20,18::34:26,11::56:57,9.23,17.955000000000002,6.478,3.782,4.673,2.757,7.708,2.744,1.805,11.211,0.99,22.32,-6.7046,1.3669,-0.42310000000000003,0.5522,-
2000//4//12,103,05::18:44,18::35:25,11::56:42,9.295,17.98,4.586,4.901,1.616,2.931,2.282,2.856,2.97,7.147,5.51,20.7,-7.580900000000001,1.8194000000000001,-0.06770000000000001,0.42200000000000004,-
2000//4//13,104,05::16:30,18::36:43,11::56:26,9.359,17.998,4.538,4.985,2.591,2.8930000000000002,3.993,2.841,1.947,10.223,3.36,13.25,-7.2824,1.3064,-0.11760000000000001,0.3476,-
2000//4//14,105,05::15:17,18::38:19,11::56:12,9.422,18.038,4.772,4.667,2.008,2.8970000000000002,3.92,2.814,2.7640000000000002,7.715,0.93,12.81,-7.2651,0.9895,-0.1109,0.2914,-
2000//4//15,106,05::13:42,18::39:14,11::55:57,9.485,18.176000000000002,4.252,5.34,1.613,3.081,2.204,2.975,2.6390000000000002,7.843,3.45,10.22,-7.0178,0.9842000000000001,-0.2159,0.317,-
2000//4//16,107,05::11:31,18::40:11,11::55:43,9.547,18.193,4.457,5.102,1.7550000000000001,2.908,2.598,2.826,2.703,7.832,3.42,13.86,-8.744,1.7364000000000002,-0.0585,0.21980000000000002,-
2000//4//17,108,05::10:19,18::41:23,11::55:30,9.608,18.232,5.707,4.385,3.336,2.875,4.3260000000000005,2.837,2.372,8.719,3.31,17.580000000000002,-7.5722000000000005,0.8951,-0.1723,0.2235,-
2000//4//18,109,05::08:48,18::42:58,11::55:16,9.669,18.256,3.521,6.418,0.906,3.332,1.256,3.106,2.616,8.271,6.5,17.16,-9.361500000000001,1.5696,0.0543,0.34700000000000003,-
2000//4//19,110,05::06:40,18::44:03,11::55:03,9.729000000000001,18.388,6.686,3.845,4.865,2.759,7.682,2.746,1.821,11.389000000000001,2.97,16.11,-8.7911,0.8118000000000001,-0.1782,0.2452,-
2000//4//20,111,05::05:26,18::44:57,11::54:51,9.788,18.424,5.452,4.3420000000000005,2.34,2.907,3.61,2.831,3.112,7.054,6.05,18.51,-7.597300000000001,0.8214,-0.2833,0.3088,-
2000//4//21,112,05::04:01,18::46:05,11::54:39,9.846,18.446,7.001,3.7840000000000003,5.785,2.763,8.924,2.75,1.216,17.158,3.14,20.92,-7.4394,0.6301,-0.233,0.1898,-
2000//4//22,113,05::01:59,18::47:38,11::54:27,9.904,18.47,5.3420000000000005,4.489,2.024,2.968,3.101,2.871,3.318,6.633,1.92,12.96,-8.4268,0.9162,-0.2019,0.273,-
2000//4//23,114,05::00:39,18::48:52,11::54:16,9.961,18.614,6.1000000000000005,4.158,2.551,2.824,4.027,2.779,3.549,6.409,-0.85,10.02,-8.363800000000001,1.3537000000000001,-0.1492,0.20070000000000002,-
2000//4//24,115,04::59:22,18::49:44,11::54:06,10.017,18.633,6.957,3.822,4.586,2.767,7.192,2.753,2.371,9.128,-3.,12.46,-7.5949,1.1534,-0.1651,0.2761,-
2000//4//25,116,04::57:29,18::50:47,11::53:55,10.073,18.665,3.654,5.89,0.274,5.22,0.522,3.871,3.38,6.563,4.16,13.68,-6.7982000000000005,1.2632,-0.1908,0.3106,-
2000//4//26,117,04::55:58,18::52:13,11::53:46,10.127,18.689,6.534,3.858,3.4370000000000003,2.797,5.795,2.759,3.096,7.469,-0.41000000000000003,19.04,-8.148900000000001,1.6172,-0.2879,0.2974,-
2000//4//27,118,04::54:49,18::53:40,11::53:37,10.181000000000001,18.818,4.8340000000000005,4.969,2.146,2.942,3.761,2.84,2.688,8.265,5.66,22.240000000000002,-9.7225,1.2102000000000002,-0.2741,0.49410000000000004,-
2000//4//28,119,04::53:17,18::54:30,11::53:28,10.234,18.842,7.298,3.8240000000000003,5.55,2.766,8.658,2.749,1.748,12.369,0.02,11.35,-8.9753,0.8056000000000001,-0.2049,0.262,-
2000//4//29,120,04::51:22,18::55:29,11::53:20,10.286,18.85,7.987,3.5780000000000003,7.2410000000000005,2.747,11.774000000000001,2.741,0.747,28.94,-1.53,12.92,-7.340000000000001,0.8012,-0.4526,0.43820000000000003,-
2000//4//30,121,04::50:22,18::56:46,11::53:12,10.338000000000001,18.888,7.779,3.591,6.968,2.747,11.290000000000001,2.74,0.811,26.501,0.7000000000000001,22.06,-7.2195,1.2529000000000001,-0.3511,0.3139,-
2000//5//1,122,04::49:06,18::58:21,11::53:05,10.388,18.906,7.409,3.807,6.0680000000000005,2.771,8.809000000000001,2.7600000000000002,1.342,16.4,5.72,23.95,-8.8045,2.1562,-0.4637,0.5661,-
2000//5//2,123,04::47:21,18::59:15,11::52:59,10.438,19.045,7.577,3.719,5.434,2.7560000000000002,8.325,2.745,2.1430000000000002,10.389,4.37,19.31,-8.3483,1.0516,-0.3244,0.4032,-
2000//5//3,124,04::45:59,19::00:10,11::52:53,10.487,19.069,4.159,5.72,1.5250000000000001,3.052,3.0380000000000003,2.87,2.634,8.722,6.18,17.740000000000002,-7.0875,0.7966000000000001,-0.1862,0.2586,-
2000//5//4,125,04::44:58,19::01:20,11::52:47,10.534,19.083000000000002,5.414,4.75,1.911,2.942,2.441,2.8850000000000002,3.503,6.732,4.61,13.85,-8.0433,1.4351,-0.1257,0.4056,-
2000//5//5,126,04::43:40,19::02:52,11::52:42,10.581,19.102,7.381,3.769,4.977,2.7640000000000002,7.599,2.745,2.404,9.368,2.5100000000000002,14.68,-8.085700000000001,1.189,-0.2175,0.26,-
2000//5//6,127,04::41:57,19::03:59,11::52:38,10.628,19.231,3.908,5.789,0.309,4.744,0.494,3.911,3.599,6.563,3.29,11.540000000000001,-6.8703,1.491,-0.0465,0.0888,-
2000//5//7,128,04::40:49,19::04:49,11::52:34,10.673,19.259,4.845,4.9910000000000005,1.11,3.037,1.933,2.8850000000000002,3.735,6.413,4.79,13.35,-6.9821,1.6393,0.2174,0.24600000000000002,-
2000//5//8,129,04::39:51,19::05:51,11::52:31,10.717,19.272000000000002,6.462,4.178,3.513,2.825,5.163,2.786,2.954,7.555,5.58,16.59,-6.1294,1.1179000000000001,0.0978,0.2692,-
2000//5//9,130,04::38:38,19::07:14,11::52:28,10.761000000000001,19.29,6.55,4.087,3.815,2.778,5.654,2.762,2.735,8.312,5.05,14.85,-7.7107,1.3848,-0.06570000000000001,0.18430000000000002,-
2000//5//10,131,04::37:02,19::08:39,11::52:26,10.803,19.306,5.14,4.7780000000000005,1.7530000000000001,2.896,3.136,2.814,3.387,7.158,0.84,7.05,-7.6188,0.9674,-0.0392,0.10070000000000001,-
2000//5//11,132,04::35:56,19::09:26,11::52:25,10.845,19.444,4.327,5.634,1.28,3.15,2.608,2.918,3.047,7.722,-1.4000000000000001,8.8,-7.2312,1.044,-0.2346,0.519,-
2000//5//12,133,04::35:05,19::10:20,11::52:24,10.885,19.454,6.65,4.039,3.037,2.835,4.474,2.791,3.613,6.6290000000000004,-4.13,11.71,-6.2358,1.2643,-0.2177,0.3093,-
2000//5//13,134,04::34:03,19::11:28,11::52:24,10.925,19.468,4.825,5.0120000000000005,0.613,3.759,0.712,3.59,4.212,5.88,5.91,16.2,-6.826300000000001,1.5243,-0.1149,0.2252,-
2000//5//14,135,04::32:42,19::12:56,11::52:24,10.964,19.490000000000002,5.9990000000000006,4.421,3.865,2.794,5.869,2.765,2.134,10.64,4.17,17.94,-6.617900000000001,1.2613,-0.30060000000000003,0.3423,-
2000//5//15,136,04::31:20,19::13:59,11::52:25,11.001,19.597,7.336,4.042,5.656,2.854,7.813,2.846,1.681,13.625,5.48,19.87,-7.2377,1.9349,0.0369,0.35300000000000004,-
2000//5//16,137,04::30:38,19::14:46,11::52:26,11.038,19.631,5.2,4.926,2.533,2.869,4.1610000000000005,2.816,2.6670000000000003,8.945,8.63,18.38,-9.749500000000001,1.1882000000000001,-0.0038,0.27,-
2000//5//17,138,04::29:50,19::15:41,11::52:28,11.074,19.64,8.065,3.694,6.518,2.751,9.921,2.743,1.546,14.898,6.13,17.84,-9.2613,0.5353,-0.1738,0.3598,-
2000//5//18,139,04::28:53,19::16:53,11::52:31,11.109,19.653,8.296,3.613,6.531,2.748,10.09,2.739,1.764,13.057,3.2600000000000002,21.03,-7.6417,0.7787000000000001,-0.1345,0.35150000000000003,-
2000//5//19,140,04::27:42,19::18:16,11::52:34,11.142,19.672,7.767,3.835,5.678,2.762,8.686,2.746,2.089,11.378,9.42,23.68,-9.0647,1.6440000000000001,-0.23390000000000002,0.3819,-
2000//5//20,141,04::26:31,19::19:07,11::52:37,11.175,19.78,8.152000000000001,3.714,6.164,2.75,9.247,2.74,1.988,11.779,8.040000000000001,27.66,-8.1514,0.8201,-0.4339,0.321,-
2000//5//21,142,04::25:50,19::19:53,11::52:41,11.207,19.809,8.192,3.6750000000000003,6.565,2.7560000000000002,9.453,2.745,1.627,14.235,9.11,28.740000000000002,-9.187100000000001,2.1183,-0.529,0.2596,-
2000//5//22,143,04::25:12,19::20:46,11::52:46,11.238,19.815,8.112,3.714,6.558,2.751,9.584,2.743,1.553,14.996,11.950000000000001,25.330000000000002,-8.554,1.8771,-0.21180000000000002,0.2873,-
2000//5//23,144,04::24:30,19::21:53,11::52:51,11.267,19.823,6.662,4.032,3.746,2.801,7.1370000000000005,2.762,2.916,8.393,9.,24.7,-8.510200000000001,0.663,-0.3781,0.3881,-
2000//5//24,145,04::23:42,19::23:10,11::52:57,11.296,19.834,8.127,3.731,6.08,2.7560000000000002,9.057,2.744,2.047,11.314,7.3100000000000005,24.03,-7.9413,1.4489,-0.3768,0.3108,-
2000//5//25,146,04::22:44,19::24:02,11::53:03,11.324,19.959,5.236,4.837,1.162,3.225,1.59,3.0300000000000002,4.074,6.072,8.32,19.79,-7.426500000000001,1.0507,-0.21250000000000002,0.4067,-
2000//5//26,147,04::21:48,19::24:42,11::53:10,11.35,19.957,7.269,3.972,4.257,2.791,5.981,2.771,3.012,7.864,7.7700000000000005,21.080000000000002,-7.6131,1.0903,-0.3327,0.3013,-
2000//5//27,148,04::21:07,19::25:28,11::53:17,11.376,19.981,2.849,8.275,0.092,10.821,0.343,4.714,2.758,8.653,11.36,20.84,-7.397200000000001,1.3307,-0.098,0.36300000000000004,-
2000//5//28,149,04::20:41,19::26:23,11::53:25,11.4,19.984,7.631,3.7960000000000003,4.665,2.778,7.018,2.761,2.966,8.094,8.4,20.7,-8.200000000000001,1.7868000000000002,-0.23070000000000002,0.14980000000000002,-
2000//5//29,150,04::20:13,19::27:33,11::53:33,11.424,19.988,8.244,3.715,6.159,2.751,9.671,2.746,2.085,11.471,6.58,17.35,-8.6753,0.5824,-0.3749,0.40990000000000004,-
2000//5//30,151,04::19:44,19::28:36,11::53:41,11.446,19.992,5.291,4.873,1.96,2.993,3.584,2.864,3.331,7.364,1.8900000000000001,10.19,-7.588500000000001,1.0071,-0.3148,0.3448,-
2000//5//31,152,04::19:13,19::29:11,11::53:50,11.467,20.108,7.523000000000001,3.8320000000000003,5.1160000000000005,2.7600000000000002,8.875,2.747,2.407,10.189,-1.34,16.47,-8.0929,1.0146,-0.32270000000000004,0.34650000000000003,-
2000//6//1,153,04::18:41,19::29:47,11::53:59,11.488,20.114,8.971,3.724,8.201,2.753,12.666,2.742,0.771,35.055,0.5700000000000001,22.04,-7.2919,0.8297,-0.4121,0.3619,-
2000//6//2,154,04::18:07,19::30:27,11::54:09,11.507,20.12,8.741,3.761,7.472,2.758,11.634,2.743,1.2690000000000001,21.298000000000002,5.78,26.44,-8.147,1.4242000000000001,-0.5946,0.5326000000000001,-
2000//6//3,155,04::17:29,19::31:12,11::54:19,11.525,20.128,8.754,3.811,7.646,2.755,11.456,2.741,1.109,24.635,7.78,25.72,-8.701,1.1741000000000001,-0.5276000000000001,0.3699,-
2000//6//4,156,04::16:59,19::32:06,11::54:29,11.542,20.123,8.748,3.795,7.76,2.7640000000000002,11.363,2.746,0.989,27.328,8.92,30.28,-8.9626,1.2729000000000001,-0.5006,0.44420000000000004,-
2000//6//5,157,04::16:32,19::33:03,11::54:40,11.558,20.117,7.714,4.276,5.353,2.816,7.018,2.779,2.361,11.757,11.83,24.830000000000002,-10.326600000000001,1.0218,-0.401,0.39490000000000003,-
2000//6//6,158,04::16:12,19::33:47,11::54:51,11.573,20.251,8.276,4.021,6.229,2.775,9.22,2.753,2.047,13.576,7.36,27.73,-10.2702,1.4552,-0.23390000000000002,0.3472,-
2000//6//7,159,04::16:01,19::34:14,11::55:02,11.586,20.25,8.801,3.882,7.7410000000000005,2.775,11.322000000000001,2.766,1.059,26.212,8.23,26.92,-10.6879,0.6993,-0.156,0.1477,-
2000//6//8,160,04::15:51,19::34:41,11::55:14,11.599,20.249,4.182,6.9110000000000005,0.672,4.162,1.026,3.641,3.5100000000000002,8.331,7.46,14.5,-9.1521,2.2893,-0.0275,0.5171,-
2000//6//9,161,04::15:42,19::35:10,11::55:26,11.61,20.248,5.87,5.121,2.227,3.091,3.239,2.963,3.642,7.646,4.6000000000000005,15.950000000000001,-6.8821,1.4235,-0.21250000000000002,0.184,-
2000//6//10,162,04::15:34,19::35:41,11::55:38,11.621,20.246,6.457,4.747,2.228,3.074,3.005,2.968,4.229,6.8580000000000005,5.95,14.4,-6.1173,1.1509,-0.049,0.36260000000000003,-
2000//6//11,163,04::15:27,19::36:14,11::55:50,11.63,20.244,4.413,6.386,0.561,4.7010000000000005,0.777,4.103,3.852,7.386,3.93,17.04,-5.7277000000000005,1.0688,-0.0436,0.2787,-
2000//6//12,164,04::15:23,19::36:50,11::56:02,11.638,20.241,3.358,8.39,0.9430000000000001,3.865,1.899,3.2800000000000002,2.415,11.518,9.25,18.8,-7.2704,1.1400000000000001,0.1262,0.35300000000000004,-
2000//6//13,165,04::15:19,19::37:30,11::56:15,11.645,20.239,8.892,3.793,8.165000000000001,2.7680000000000002,12.662,2.757,0.727,37.78,5.07,26.2,-8.3177,0.6934,-0.5823,0.396,-
2000//6//14,166,04::15:18,19::38:03,11::56:28,11.651,20.235,8.939,3.754,8.199,2.754,12.567,2.741,0.74,36.919000000000004,9.790000000000001,29.25,-8.8564,1.5153,-0.3028,0.3531,-
2000//6//15,167,04::15:18,19::38:33,11::56:40,11.656,20.232,9.15,3.782,8.447000000000001,2.75,13.155000000000001,2.739,0.7030000000000001,39.277,8.68,23.55,-9.9204,0.9808,-0.4434,0.48450000000000004,-
2000//6//16,168,04::15:20,19::38:52,11::56:53,11.66,20.338,9.14,3.7520000000000002,8.349,2.753,12.906,2.741,0.791,34.723,6.16,21.11,-8.7874,0.6811,-0.7021000000000001,0.5209,-
2000//6//17,169,04::15:24,19::39:05,11::57:06,11.663,20.333000000000002,8.36,3.876,5.821,2.761,9.459,2.742,2.539,10.977,6.09,27.01,-8.3019,0.8843000000000001,-0.48600000000000004,0.3407,-
2000//6//18,170,04::15:29,19::39:18,11::57:19,11.664,20.328,7.986,4.043,5.269,2.7960000000000003,8.087,2.762,2.717,10.167,7.42,26.27,-8.4781,1.1873,-0.6379,0.3131,-
2000//6//19,171,04::15:35,19::39:30,11::57:33,11.665000000000001,20.323,9.109,3.739,-,-,-,-,-,-,4.99,21.69,-8.4128,1.1406,-0.597,0.7116,-
2000//6//20,172,04::15:43,19::39:40,11::57:46,11.664,20.317,8.933,3.789,8.034,2.7600000000000002,11.977,2.744,0.9,30.518,3.02,26.400000000000002,-8.1128,1.6433,-0.5765,0.7617,-
2000//6//21,173,04::15:52,19::39:50,11::57:59,11.662,20.311,8.887,3.8280000000000003,7.86,2.754,11.789,2.743,1.027,27.171,8.17,31.54,-9.0896,1.4898,-0.3987,0.3947,-
2000//6//22,174,04::16:02,19::39:57,11::58:12,11.659,20.305,8.084,3.9050000000000002,5.793,2.761,9.626,2.743,2.291,11.989,11.200000000000001,28.330000000000002,-9.3574,0.7552,-0.3543,0.5728,-
2000//6//23,175,04::16:13,19::40:04,11::58:25,11.655,20.299,8.495000000000001,3.88,6.601,2.758,10.378,2.743,1.893,14.52,10.07,27.330000000000002,-8.7357,0.8224,-0.5872,0.4373,-
2000//6//24,176,04::16:34,19::40:08,11::58:37,11.65,20.269000000000002,8.876,3.779,8.097,2.751,12.504,2.739,0.781,34.232,7.25,26.94,-8.6633,2.0568,-0.3411,0.5655,-
2000//6//25,177,04::17:00,19::40:11,11::58:50,11.644,20.267,9.027000000000001,3.737,8.208,2.7520000000000002,12.703,2.74,0.8190000000000001,32.822,7.86,26.6,-10.1465,0.4919,-0.5002,0.2886,-
2000//6//26,178,04::17:29,19::40:12,11::59:03,11.637,20.266000000000002,9.025,3.7520000000000002,8.189,2.753,12.699,2.741,0.836,32.679,8.620000000000001,30.310000000000002,-9.0091,0.8756,-0.45520000000000005,0.48650000000000004,-
2000//6//27,179,04::18:05,19::40:11,11::59:15,11.629,20.252,9.036,3.753,8.208,2.751,12.627,2.739,0.8280000000000001,33.171,8.92,29.61,-9.5509,0.6758000000000001,-0.5,0.2808,-
2000//6//28,180,04::18:38,19::40:08,11::59:27,11.619,20.238,8.835,3.884,7.812,2.7880000000000003,11.883000000000001,2.763,1.0230000000000001,27.277,10.58,32.72,-9.619100000000001,1.1726,-0.7202000000000001,0.5997,-
2000//6//29,181,04::19:08,19::40:03,11::59:39,11.608,20.226,8.796,3.84,7.694,2.758,11.656,2.742,1.102,25.189,13.13,32.,-9.7696,0.8127000000000001,-0.39830000000000004,0.4243,-
2000//6//30,182,04::19:37,19::39:56,11::59:51,11.597,20.215,8.177,3.96,6.6370000000000005,2.763,10.015,2.743,1.54,17.645,13.93,30.04,-9.7788,0.9895,-0.47190000000000004,0.4263,-
2000//7//1,183,04::20:05,19::39:48,-,11.584,20.204,5.9270000000000005,5.433,3.541,2.8850000000000002,5.2540000000000004,2.813,2.386,12.097,9.8,23.93,-8.2867,1.1139000000000001,-0.2625,0.4395,-
2000//7//2,184,04::20:31,19::39:38,12::00:03,11.57,20.194,8.331,4.079,6.628,2.774,9.454,2.753,1.703,16.77,7.3100000000000005,23.72,-9.1663,1.3903,-0.37270000000000003,0.315,-
2000//7//3,185,04::20:56,19::39:27,12::00:14,11.555,20.185,8.676,3.993,7.471,2.763,11.016,2.744,1.205,23.953,5.86,17.75,-7.848800000000001,2.0859,-0.32170000000000004,0.38680000000000003,-
2000//7//4,186,04::21:23,19::39:15,12::00:25,11.539,20.150000000000002,8.346,4.005,6.011,2.7680000000000002,8.994,2.741,2.336,12.192,3.86,21.38,-6.933800000000001,2.2129000000000003,0.0269,0.3129,-
2000//7//5,187,04::22:11,19::39:01,12::00:35,11.522,20.150000000000002,4.263,6.496,0.464,4.602,0.656,3.976,3.799,7.418,7.72,19.55,-7.2674,1.599,-0.0368,0.30920000000000003,-
2000//7//6,188,04::23:07,19::38:47,12::00:46,11.504,20.137,7.406000000000001,4.36,4.659,2.831,6.546,2.786,2.747,10.341000000000001,9.13,22.38,-7.767,0.6944,-0.0204,0.24200000000000002,-
2000//7//7,189,04::23:56,19::38:23,12::00:55,11.485,20.009,6.7780000000000005,4.595,4.05,2.807,6.154,2.775,2.728,10.427,7.78,27.43,-8.4158,1.7803,-0.3498,0.314,-
2000//7//8,190,04::24:38,19::37:51,12::01:05,11.465,19.995,6.559,4.806,4.23,2.86,5.703,2.814,2.329,12.004,9.92,24.76,-7.425800000000001,1.0773000000000001,-0.081,0.6322,-
2000//7//9,191,04::25:16,19::37:12,12::01:14,11.444,19.982,8.694,3.8320000000000003,7.631,2.7960000000000003,12.069,2.778,1.064,25.7,6.3100000000000005,26.16,-8.3406,1.2027,-0.4576,0.3728,-
2000//7//10,192,04::25:49,19::36:32,12::01:23,11.422,19.971,8.657,3.855,7.88,2.757,12.02,2.741,0.777,35.388,10.13,28.810000000000002,-9.201500000000001,0.8301000000000001,-0.4812,0.33990000000000004,-
2000//7//11,193,04::26:23,19::35:56,12::01:31,11.398,19.935,8.085,4.166,6.938,2.7720000000000002,9.974,2.7520000000000002,1.147,24.900000000000002,8.52,31.76,-8.682500000000001,2.0627,-0.3637,0.9401,-
2000//7//12,194,04::27:24,19::35:22,12::01:39,11.374,19.937,8.067,3.998,6.859,2.763,10.401,2.745,1.209,22.869,11.06,33.14,-8.7743,1.488,-0.7287,1.0801,-
2000//7//13,195,04::28:31,19::34:51,12::01:46,11.349,19.916,8.759,3.8040000000000003,7.808,2.7520000000000002,12.104000000000001,2.74,0.9510000000000001,29.392,8.05,31.01,-10.653,1.3894,-0.4242,1.0141,-
2000//7//14,196,04::29:25,19::34:21,12::01:53,11.322000000000001,19.898,8.733,3.825,7.958,2.75,12.336,2.739,0.776,36.021,9.52,28.51,-10.523100000000001,1.1144,-0.4209,0.3703,-
2000//7//15,197,04::30:10,19::33:53,12::02:00,11.295,19.883,7.41,4.218,4.494,2.823,6.844,2.773,2.916,10.125,9.700000000000001,27.89,-9.9067,1.0838,-0.47440000000000004,0.6551,-
2000//7//16,198,04::30:50,19::33:11,12::02:06,11.267,19.761,5.07,5.964,1.722,3.242,2.206,3.115,3.348,8.588000000000001,10.63,28.86,-9.8835,0.7862,-0.4167,0.3421,-
2000//7//17,199,04::31:31,19::32:11,12::02:11,11.237,19.727,6.8020000000000005,4.635,5.165,2.857,6.689,2.83,1.6380000000000001,16.508,13.27,29.78,-8.961500000000001,1.2642,-0.26180000000000003,0.3894,-
2000//7//18,200,04::32:43,19::31:11,12::02:16,11.207,19.724,8.085,3.99,6.714,2.771,9.754,2.75,1.371,19.945,9.4,28.580000000000002,-8.6348,1.4409,-0.41140000000000004,0.5,-
2000//7//19,201,04::33:54,19::30:22,12::02:20,11.176,19.701,7.932,4.055,6.871,2.7680000000000002,10.424,2.749,1.062,25.891000000000002,9.290000000000001,30.93,-8.8607,1.6843000000000001,-0.6895,0.9139,-
2000//7//20,202,04::34:48,19::29:39,12::02:24,11.144,19.684,8.272,3.9650000000000003,7.413,2.782,11.095,2.7640000000000002,0.859,32.187,9.08,32.230000000000004,-9.2032,1.3442,-0.5591,0.8513000000000001,-
2000//7//21,203,04::35:34,19::29:01,12::02:27,11.11,19.67,7.634,4.2780000000000005,5.789,2.786,8.14,2.759,1.845,15.15,11.75,35.37,-9.618400000000001,1.7509000000000001,-0.8834000000000001,1.0735000000000001,-
2000//7//22,204,04::36:15,19::28:12,12::02:30,11.076,19.548000000000002,8.233,3.927,7.298,2.75,11.36,2.742,0.935,29.57,12.44,30.330000000000002,-10.8353,1.2094,-0.4,0.6656000000000001,-
2000//7//23,205,04::37:24,19::26:55,12::02:32,11.041,19.524,8.474,3.86,7.706,2.753,12.228,2.741,0.769,34.176,9.950000000000001,28.92,-10.8834,1.0891,-0.4536,0.3652,-
2000//7//24,206,04::38:44,19::25:47,12::02:34,11.005,19.501,8.391,3.8810000000000002,7.599,2.759,11.984,2.7560000000000002,0.792,34.909,8.09,30.63,-10.1795,1.1635,-0.449,0.5144000000000001,-
2000//7//25,207,04::39:44,19::24:53,12::02:35,10.968,19.482,8.324,3.916,7.53,2.754,11.837,2.741,0.795,34.969,11.8,31.69,-11.337900000000001,0.6673,-0.4692,0.34290000000000004,-
2000//7//26,208,04::40:33,19::24:06,12::02:35,10.93,19.468,7.352,4.321,6.117,2.798,9.503,2.773,1.235,22.264,11.72,30.57,-11.0031,0.8492000000000001,-0.38480000000000003,0.4928,-
2000//7//27,209,04::41:16,19::23:10,12::02:35,10.892,19.346,8.244,3.9450000000000003,7.533,2.75,11.797,2.74,0.711,39.1,9.49,29.87,-9.6294,0.8067000000000001,-0.3373,0.5528000000000001,-
2000//7//28,210,04::42:30,19::21:41,12::02:34,10.852,19.323,8.236,3.932,7.414000000000001,2.771,11.592,2.757,0.8220000000000001,33.451,11.65,34.76,-11.3522,1.6199000000000001,-0.4005,0.24130000000000001,-
2000//7//29,211,04::43:52,19::20:28,12::02:32,10.811,19.298000000000002,8.113,3.9450000000000003,7.176,2.7560000000000002,11.154,2.741,0.9380000000000001,29.314,15.81,37.03,-12.3621,0.5846,-0.44430000000000003,0.3063,-
2000//7//30,212,04::44:53,19::19:30,12::02:30,10.77,19.28,5.415,5.287,1.83,3.076,2.769,2.894,3.585,7.688,16.82,33.33,-10.637400000000001,1.6248,-0.23800000000000002,0.7495,-
2000//7//31,213,04::45:43,19::18:41,12::02:28,10.728,19.266000000000002,7.192,4.2700000000000005,5.361,2.785,8.052,2.7520000000000002,1.831,15.017,15.950000000000001,36.15,-10.6922,2.0548,-0.4848,0.7794000000000001,-
2000//8//1,214,04::46:31,19::17:09,12::02:21,10.685,19.121,7.774,4.007,6.581,2.7760000000000002,10.149000000000001,2.746,1.194,22.807000000000002,16.07,34.300000000000004,-9.2879,1.5986,-0.42450000000000004,0.5099,-
2000//8//2,215,04::47:57,19::15:42,12::02:16,10.641,19.117,8.237,3.9,7.351,2.778,11.673,2.7600000000000002,0.886,30.909,11.17,34.730000000000004,-10.0073,1.5172,-0.8373,0.6147,-
2000//8//3,216,04::49:13,19::14:36,12::02:11,10.596,19.094,6.674,4.563,4.585,2.884,6.737,2.795,2.09,13.177,9.52,34.69,-8.9219,1.8821,-0.4716,0.8972,-
2000//8//4,217,04::50:11,19::13:42,12::02:05,10.55,19.078,7.386,4.124,5.6530000000000005,2.8000000000000003,8.562,2.765,1.733,15.713000000000001,10.700000000000001,32.49,-8.6457,1.5672000000000001,-0.3704,0.8001,-
2000//8//5,218,04::51:00,19::12:03,12::01:59,10.504,18.955000000000002,7.82,3.9370000000000003,7.055,2.763,11.355,2.74,0.765,34.993,10.72,32.38,-8.6103,1.3016,-0.3783,0.7936000000000001,-
2000//8//6,219,04::52:02,19::10:32,12::01:52,10.456,18.927,7.2490000000000006,4.253,5.934,2.802,8.978,2.7600000000000002,1.316,20.459,9.99,32.45,-10.1259,1.4794,-0.6951,0.8156,-
2000//8//7,220,04::53:31,19::09:24,12::01:45,10.408,18.91,7.921,3.862,7.277,2.766,11.762,2.743,0.645,39.834,11.3,32.660000000000004,-9.5789,1.5274,-0.7164,0.7655000000000001,-
2000//8//8,221,04::54:39,19::08:20,12::01:37,10.359,18.78,7.573,4.115,6.156,2.837,9.658,2.789,1.417,19.001,11.34,35.15,-9.955400000000001,1.0437,-0.7732,0.8340000000000001,-
2000//8//9,222,04::55:34,19::06:28,12::01:28,10.309000000000001,18.766000000000002,7.516,4.078,6.354,2.774,10.11,2.749,1.163,23.283,15.41,33.02,-10.938600000000001,1.0669,-0.42150000000000004,0.3225,-
2000//8//10,223,04::56:20,19::05:03,12::01:19,10.259,18.756,7.417,4.133,6.5120000000000005,2.79,9.698,2.758,0.905,29.580000000000002,11.92,28.89,-9.8453,1.0617,-0.2725,0.8196,-
2000//8//11,224,04::57:44,19::03:57,12::01:09,10.208,18.731,7.67,3.994,6.704,2.763,11.007,2.74,0.966,27.871000000000002,5.78,28.29,-9.254900000000001,1.3354000000000001,-0.4939,0.7952,-
2000//8//12,225,04::59:06,19::02:25,12::00:59,10.155,18.596,7.675,3.93,6.631,2.765,10.857000000000001,2.74,1.044,25.347,8.51,31.900000000000002,-9.7211,1.6089,-0.6272,0.5169,-
2000//8//13,226,05::00:07,19::00:37,12::00:48,10.103,18.580000000000002,7.393,4.024,6.2410000000000005,5.502,10.346,5.4830000000000005,1.153,22.817,8.31,28.25,-9.454500000000001,1.1169,-0.6293000000000001,0.6642,-
2000//8//14,227,05::00:58,18::59:21,12::00:36,10.049,18.568,7.672000000000001,3.936,7.071,3.3810000000000002,11.666,3.5700000000000003,0.602,42.424,7.04,28.29,-8.3453,1.4258000000000002,-0.4434,0.9860000000000001,-
2000//8//15,228,05::01:59,18::58:04,12::00:24,9.995000000000001,18.43,7.694,3.907,7.121,2.765,11.787,2.742,0.5740000000000001,44.493,9.15,27.03,-9.7276,0.9326000000000001,-0.4358,0.5872,-
2000//8//16,229,05::03:30,18::56:05,12::00:12,9.94,18.415,7.562,3.924,6.932,2.765,11.505,2.741,0.631,41.205,10.19,29.97,-9.845,0.6338,-0.5149,0.301,-
2000//8//17,230,05::04:39,18::54:39,11::59:59,9.884,18.396,7.413,4.049,6.621,2.859,10.828,2.835,0.792,33.412,10.09,30.29,-10.1845,1.1238000000000001,-0.42310000000000003,0.6469,-
2000//8//18,231,05::05:35,18::53:31,11::59:45,9.828,18.272000000000002,7.424,3.9490000000000003,6.759,2.766,11.26,2.743,0.665,38.867,7.79,25.87,-10.1952,1.354,-0.4752,0.5162,-
2000//8//19,232,05::06:21,18::51:25,11::59:31,9.771,18.262,6.791,4.157,5.345,2.7760000000000002,9.409,2.744,1.446,17.768,3.94,23.64,-9.2074,1.4380000000000002,-0.316,0.4565,-
2000//8//20,233,05::07:46,18::49:51,11::59:17,9.714,18.238,7.293,3.97,6.565,2.761,11.071,2.738,0.729,34.4,5.69,22.68,-9.135,1.1683000000000001,-0.43710000000000004,0.4204,-
2000//8//21,234,05::09:08,18::48:40,11::59:02,9.655,18.215,7.162,4.034,6.415,5.494,10.798,5.478,0.747,34.601,6.2,27.05,-8.9564,1.0553000000000001,-0.47750000000000004,0.6588,-
2000//8//22,235,05::10:10,18::46:36,11::58:46,9.596,18.089,7.061,4.077,6.259,3.553,10.213000000000001,3.721,0.802,31.844,5.64,32.54,-8.025400000000001,1.2702,-0.6045,0.892,-
2000//8//23,236,05::11:00,18::44:56,11::58:31,9.537,18.078,6.67,4.275,5.487,2.799,8.463000000000001,2.761,1.182,21.737000000000002,7.29,33.18,-9.689300000000001,2.5819,-0.20900000000000002,1.5822,-
2000//8//24,237,05::12:02,18::43:43,11::58:14,9.476,18.052,6.779,4.216,5.397,2.864,8.756,2.813,1.3820000000000001,18.48,10.41,29.810000000000002,-8.982700000000001,1.7772000000000001,-0.3629,1.3772,-
2000//8//25,238,05::13:33,18::41:38,11::57:58,9.416,17.925,6.765000000000001,4.134,5.47,2.785,8.978,2.745,1.296,19.587,5.0600000000000005,31.04,-8.8719,1.6133000000000002,-0.6711,1.0585,-
2000//8//26,239,05::14:42,18::39:55,11::57:41,9.354000000000001,17.908,6.936,4.0360000000000005,6.353,2.766,10.769,2.746,0.583,43.279,7.890000000000001,28.02,-9.660400000000001,1.5490000000000002,-0.4888,0.8552000000000001,-
2000//8//27,240,05::15:37,18::38:40,11::57:23,9.292,17.895,6.8790000000000004,4.037,6.259,2.766,10.714,2.741,0.62,38.959,5.17,27.68,-9.251100000000001,1.7726000000000002,-0.5469,0.7864,-
2000//8//28,241,05::16:23,18::36:31,11::57:05,9.23,17.775000000000002,6.817,3.993,5.977,2.7760000000000002,10.313,2.7600000000000002,0.841,28.172,5.13,29.98,-8.9722,1.6112000000000002,-0.47800000000000004,0.7915000000000001,-
2000//8//29,242,05::17:50,18::34:49,11::56:47,9.166,17.751,6.648000000000001,4.148,5.265,2.799,8.869,2.766,1.383,18.244,6.51,28.310000000000002,-9.1351,1.495,-0.5125000000000001,0.6082000000000001,-
2000//8//30,243,05::19:11,18::33:34,11::56:29,9.103,17.617,6.188,4.347,4.562,2.787,7.779,2.746,1.6260000000000001,15.517,6.65,26.490000000000002,-8.8103,1.2976,-0.5476,1.2378,-
2000//8//31,244,05::20:11,18::31:18,11::56:10,9.038,17.603,5.7620000000000005,4.672,3.309,2.88,5.1530000000000005,2.766,2.452,10.165000000000001,5.7700000000000005,24.7,-8.2845,1.3027,-0.2777,0.8355,-
2000//9//1,245,05::21:01,18::29:39,11::55:51,8.974,17.593,1.0190000000000001,19.118000000000002,0.003,356.88100000000003,0.005,219.288,1.016,19.174,6.38,13.200000000000001,-6.3552,1.8928,0.09000000000000001,0.391,-
2000//9//2,246,05::22:04,18::28:17,11::55:31,8.909,17.457,4.2170000000000005,5.305,2.027,3.119,3.331,2.952,2.191,9.306000000000001,0.08,11.89,-7.489000000000001,1.7561,0.13440000000000002,0.36210000000000003,-
2000//9//3,247,05::23:34,18::26:00,11::55:12,8.843,17.441,4.934,4.551,2.565,3.011,4.889,2.855,2.369,8.649000000000001,-0.28,13.89,-6.839,2.0921000000000003,-0.0373,0.6241,-
2000//9//4,248,05::24:43,18::24:25,11::54:52,8.777000000000001,17.424,5.817,4.157,4.371,2.821,7.25,2.797,1.446,13.831,2.73,18.41,-7.2552,0.8638,-0.17120000000000002,0.2861,-
2000//9//5,249,05::25:37,18::22:52,11::54:32,8.71,17.301000000000002,3.556,6.151,1.436,3.499,2.138,3.245,2.12,9.622,4.5200000000000005,16.37,-7.1387,0.8288000000000001,-0.32170000000000004,0.375,-
2000//9//6,250,05::26:24,18::20:39,11::54:11,8.643,17.292,4.647,4.656,1.349,3.442,3.229,2.98,3.298,6.735,1.84,19.51,-6.7822000000000005,1.3715000000000002,-0.45430000000000004,0.5685,-
2000//9//7,251,05::27:50,18::19:09,11::53:51,8.576,17.269000000000002,6.371,3.778,5.884,2.765,10.422,2.744,0.487,41.042,0.96,24.16,-7.3737,1.3960000000000001,-0.4667,0.8648,-
2000//9//8,252,05::29:11,18::17:22,11::53:30,8.508000000000001,17.135,5.258,4.171,2.903,2.891,5.2010000000000005,2.778,2.354,8.413,0.16,21.740000000000002,-8.6164,1.4468,-0.2748,0.6287,-
2000//9//9,253,05::30:11,18::15:16,11::53:09,8.439,17.122,5.9510000000000005,3.867,4.609,2.7800000000000002,8.237,2.745,1.342,14.611,0.7000000000000001,19.14,-8.0387,1.6241,-0.6311,0.7743,-
2000//9//10,254,05::31:02,18::13:52,11::52:48,8.371,17.112000000000002,4.9110000000000005,4.377,2.138,3.0180000000000002,4.329,2.834,2.773,7.297,1.57,23.56,-6.8966,1.3809,-0.3602,0.6707000000000001,-
2000//9//11,255,05::32:04,18::11:45,11::52:27,8.302,16.976,6.017,3.801,5.522,2.7720000000000002,10.177,2.758,0.496,39.277,5.01,26.1,-7.4369000000000005,1.0831,-0.5991000000000001,0.667,-
2000//9//12,256,05::33:34,18::09:53,11::52:06,8.232,16.961000000000002,5.93,3.845,5.356,2.766,9.933,2.742,0.5740000000000001,34.160000000000004,7.55,29.73,-8.0604,2.0089,-0.4273,0.7326,-
2000//9//13,257,05::34:43,18::08:33,11::51:45,8.163,16.831,5.471,4.007,3.85,2.822,7.014,2.778,1.621,12.018,8.73,31.63,-8.053,1.4761,-0.3774,0.667,-
2000//9//14,258,05::35:38,18::06:11,11::51:23,8.093,16.82,5.71,3.984,5.143,2.7960000000000003,8.979000000000001,2.761,0.5670000000000001,34.582,12.42,33.67,-9.526,1.7461,-0.46480000000000005,1.0243,-
2000//9//15,259,05::36:24,18::04:31,11::51:02,8.023,16.812,5.711,3.97,4.944,2.7720000000000002,9.012,2.748,0.767,25.564,13.14,27.91,-10.3446,0.9917,-0.2645,0.4076,-
2000//9//16,260,05::37:51,18::02:58,11::50:41,7.952,16.676000000000002,4.349,4.817,1.807,3.063,2.995,2.8810000000000002,2.543,7.8420000000000005,10.73,26.72,-9.5495,1.5614000000000001,-0.20770000000000002,0.6404000000000001,-
2000//9//17,261,05::39:12,18::00:41,11::50:19,7.881,16.654,5.579,3.911,4.985,2.775,9.332,2.746,0.594,32.158,9.950000000000001,29.55,-9.6278,1.4585000000000001,-0.4572,0.8517,-
2000//9//18,262,05::40:13,17::59:09,11::49:58,7.8100000000000005,16.641000000000002,5.275,4.032,3.967,2.793,7.352,2.762,1.308,14.507,7.07,29.29,-8.0585,1.3409,-0.35450000000000004,1.0195,-
2000//9//19,263,05::41:03,17::57:19,11::49:37,7.739,16.518,5.464,3.9010000000000002,4.736,2.766,9.03,2.74,0.728,24.849,9.200000000000001,23.91,-8.9135,1.1476,-0.4657,0.5322,-
2000//9//20,264,05::42:08,17::55:13,11::49:15,7.668,16.495,5.573,3.899,5.093,2.771,9.803,2.744,0.47900000000000004,39.614000000000004,2.7,24.85,-9.166400000000001,1.5459,-0.4575,0.805,-
2000//9//21,265,05::43:39,17::53:48,11::48:54,7.596,16.478,4.793,4.446,3.535,2.845,6.686,2.7920000000000003,1.258,14.983,5.41,19.06,-9.1729,1.4052,-0.2434,0.34890000000000004,-
2000//9//22,266,05::44:47,17::51:38,11::48:33,7.524,16.349,4.396,4.745,2.67,2.969,5.1080000000000005,2.853,1.727,10.503,-1.5,13.33,-9.1995,0.8034,-0.28140000000000004,0.36710000000000004,-
2000//9//23,267,05::45:42,17::49:48,11::48:12,7.452,16.338,5.577,3.843,5.2860000000000005,2.762,10.486,2.74,0.292,61.518,-4.57,16.3,-7.3406,1.3699000000000001,-0.457,0.792,-
2000//9//24,268,05::46:30,17::48:28,11::47:51,7.38,16.193,5.282,3.9490000000000003,4.474,2.786,8.789,2.745,0.809,22.839000000000002,-3.98,19.3,-6.4444,1.4139000000000002,-0.5958,0.8866,-
2000//9//25,269,05::48:03,17::46:05,11::47:31,7.308,16.19,5.41,3.9170000000000003,5.091,2.7880000000000003,10.161,2.7600000000000002,0.32,55.345,-2.98,23.6,-7.314500000000001,1.3256000000000001,-0.5967,0.7219,-
2000//9//26,270,05::49:21,17::44:26,11::47:10,7.236,16.17,5.328,3.876,4.97,2.7640000000000002,9.982000000000001,2.739,0.359,49.332,-0.1,26.18,-7.324000000000001,1.2704,-0.42700000000000005,0.6920000000000001,-
2000//9//27,271,05::50:21,17::42:53,11::46:50,7.163,16.043,5.24,3.936,4.7780000000000005,2.7760000000000002,9.482,2.744,0.462,39.703,1.,27.35,-7.1267000000000005,1.6098000000000001,-0.4213,1.0054,-
2000//9//28,272,05::51:11,17::40:37,11::46:30,7.091,16.033,4.3180000000000005,4.604,3.0060000000000002,2.8970000000000002,5.551,2.7960000000000003,1.312,13.981,3.71,25.11,-8.5653,1.9034,-0.39230000000000004,0.8215,-
2000//9//29,273,05::52:25,17::39:07,11::46:10,7.019,16.013,4.2170000000000005,4.5,2.166,2.93,4.5,2.782,2.051,8.76,1.19,23.06,-7.704700000000001,1.2019,-0.37410000000000004,0.8527,-
2000//9//30,274,05::53:56,17::37:18,11::45:50,6.947,15.876,4.349,4.428,2.993,2.849,5.75,2.766,1.356,13.247,3.08,24.42,-7.546,1.2292,-0.3111,0.5583,-
2000//10//1,275,05::55:02,17::35:15,11::45:31,6.8740000000000006,15.860000000000001,4.819,3.863,3.692,2.791,7.186,2.746,1.127,14.233,7.04,21.41,-8.7531,1.1845,-0.19920000000000002,0.5884,-
2000//10//2,276,05::55:56,17::33:51,11::45:12,6.8020000000000005,15.849,4.089,4.251,2.372,2.9090000000000003,5.266,2.7920000000000003,1.717,9.464,-0.35000000000000003,18.68,-8.190900000000001,1.0998,-0.3946,0.8313,-
2000//10//3,277,05::56:56,17::31:47,11::44:54,6.73,15.709,4.916,3.794,4.558,2.767,9.569,2.741,0.358,44.492000000000004,-2.34,18.87,-8.6579,1.5668,-0.5185000000000001,0.7022,-
2000//10//4,278,05::58:32,17::29:57,11::44:35,6.658,15.695,4.833,3.818,4.518,2.7760000000000002,9.406,2.743,0.315,49.848,-2.13,20.44,-8.1508,1.4772,-0.6028,0.6957,-
2000//10//5,279,05::59:44,17::28:38,11::44:17,6.586,15.676,4.763,3.814,4.432,2.7680000000000002,9.465,2.742,0.332,45.254,-3.56,17.87,-7.807600000000001,1.2187000000000001,-0.6448,0.6696000000000001,-
2000//10//6,280,06::00:42,17::26:25,11::44:00,6.514,15.55,4.617,3.876,4.314,2.771,9.239,2.742,0.304,49.051,-3.08,20.75,-6.9779,1.4913,-0.4999,0.5584,-
2000//10//7,281,06::01:33,17::24:43,11::43:43,6.4430000000000005,15.518,4.519,3.8770000000000002,4.165,2.767,8.905,2.74,0.355,42.64,-0.87,22.73,-6.3532,1.1765,-0.5066,0.7060000000000001,-
2000//10//8,282,06::03:10,17::23:26,11::43:26,6.371,15.397,4.441,3.93,3.91,2.7720000000000002,8.442,2.741,0.532,28.454,-0.97,23.81,-6.73,1.0907,-0.4178,0.9408000000000001,-
2000//10//9,283,06::04:30,17::21:10,11::43:10,6.3,15.376,1.77,8.552,0.027,42.991,0.098,12.618,1.743,8.687,3.25,18.69,-7.192,1.403,-0.24180000000000001,0.6916,-
2000//10//10,284,06::05:31,17::19:35,11::42:54,6.229,15.362,0.78,20.131,0.,100,0.,100,0.78,20.131,4.3,6.71,-7.832000000000001,0.7077,0.08510000000000001,0.1991,-
2000//10//11,285,06::06:22,17::18:14,11::42:39,6.158,15.237,2.884,5.473,0.981,3.475,1.786,3.121,1.903,8.035,2.99,11.81,-7.177700000000001,1.4334,0.19360000000000002,0.2099,-
2000//10//12,286,06::07:53,17::16:02,11::42:24,6.088,15.211,1.737,8.811,0.152,9.374,0.271,6.295,1.585,9.633000000000001,4.53,12.31,-5.9327000000000005,2.0226,0.0952,0.34500000000000003,-
2000//10//13,287,06::09:19,17::14:31,11::42:10,6.017,15.187000000000001,2.324,6.674,0.5750000000000001,4.358,1.098,3.616,1.749,8.72,2.2600000000000002,12.97,-7.2438,1.1238000000000001,-0.1567,0.5094000000000001,-
2000//10//14,288,06::10:23,17::13:10,11::41:56,5.948,15.057,3.1,5.1930000000000005,1.083,3.388,1.983,3.037,2.017,7.579,1.37,15.46,-5.6776,1.737,-0.2162,0.5581,-
2000//10//15,289,06::11:16,17::11:01,11::41:43,5.878,15.046000000000001,3.767,4.301,2.732,2.856,5.916,2.767,1.043,14.405000000000001,-1.07,17.04,-6.0819,1.0823,-0.24250000000000002,0.7358,-
2000//10//16,290,06::12:43,17::09:32,11::41:30,5.809,15.021,3.967,4.104,3.388,2.806,7.414000000000001,2.751,0.581,24.887,-2.18,18.45,-5.945200000000001,0.8805000000000001,-0.3704,0.6008,-
2000//10//17,291,06::14:13,17::08:16,11::41:18,5.74,14.881,4.03,4.055,3.7110000000000003,2.786,8.273,2.749,0.319,46.744,-1.03,22.86,-6.771800000000001,2.1797,-0.32130000000000003,1.3512,-
2000//10//18,292,06::15:19,17::06:09,11::41:07,5.672,14.864,3.275,4.928,1.809,2.98,3.652,2.839,1.465,10.347,0.12,18.95,-6.6231,1.2431,-0.37970000000000004,0.8282,-
2000//10//19,293,06::16:14,17::04:40,11::40:56,5.604,14.852,3.621,4.327,2.73,2.814,6.251,2.749,0.891,16.609,2.61,17.06,-6.2666,0.9430000000000001,-0.4441,0.6099,-
2000//10//20,294,06::17:39,17::03:32,11::40:46,5.537,14.712,0.8210000000000001,18.438,0.003,311.133,0.013000000000000001,72.72,0.8180000000000001,18.505,1.05,11.93,-6.4987,1.7710000000000001,-0.1521,0.3116,-
2000//10//21,295,06::19:12,17::01:27,11::40:36,5.47,14.685,3.6550000000000002,4.42,3.028,2.807,7.085,2.755,0.628,22.485,-2.84,9.1,-7.0781,1.1879,-0.3481,0.4985,-
2000//10//22,296,06::20:20,16::59:55,11::40:28,5.404,14.667,3.871,4.1,3.656,2.821,8.949,2.82,0.217,62.469,-5.08,11.83,-7.071700000000001,1.2007,-0.7183,0.7349,-
2000//10//23,297,06::21:15,16::58:47,11::40:20,5.338,14.655000000000001,3.666,4.204,3.452,2.775,8.477,2.741,0.214,64.929,-6.91,14.07,-6.0717,0.7745000000000001,-0.4596,0.5621,-
2000//10//24,298,06::22:44,16::56:59,11::40:12,5.273,14.513,3.581,4.296,3.3240000000000003,2.8000000000000003,7.896,2.7640000000000002,0.258,56.483000000000004,-3.44,16.72,-5.674300000000001,1.264,-0.42660000000000003,0.6974,-
2000//10//25,299,06::24:16,16::55:19,11::40:05,5.208,14.486,1.26,10.938,0.007,148.728,0.016,65.069,1.2530000000000001,10.999,-0.62,13.35,-6.1702,1.6114000000000002,-0.042800000000000005,0.35960000000000003,-
2000//10//26,300,06::25:24,16::54:09,11::39:59,5.144,14.468,1.405,10.464,0.035,23.638,0.113,8.399000000000001,1.37,10.789,1.58,8.91,-6.1399,1.2236,-1.8042,2.153,-
2000//10//27,301,06::26:18,16::52:48,11::39:54,5.081,14.34,2.993,5.043,2.174,3.005,4.715,2.852,0.8190000000000001,17.519000000000002,-2.35,11.8,-6.4214,1.3983,-0.0826,0.5624,-
2000//10//28,302,06::27:54,16::50:58,11::39:50,5.019,14.311,0.652,22.004,0.002,275.233,0.01,55.237,0.651,22.038,0.47000000000000003,8.49,-6.807300000000001,1.2228,-0.0854,0.48660000000000003,-
2000//10//29,303,06::29:24,16::49:41,11::39:46,4.956,14.284,2.126,6.8420000000000005,1.149,3.197,3.172,2.87,0.977,14.684000000000001,-2.7600000000000002,8.51,-5.6115,0.9879,0.0699,0.6542,-
2000//10//30,304,06::30:30,16::48:41,11::39:43,4.8950000000000005,14.266,2.895,5.072,2.418,2.839,6.34,2.7560000000000002,0.47800000000000004,29.069,-3.54,10.86,-6.7641,1.5513000000000001,0.1056,0.5504,-
2000//10//31,305,06::31:25,16::46:59,11::39:41,4.835,14.112,2.963,4.968,2.019,2.939,4.7170000000000005,2.79,0.9460000000000001,15.046000000000001,-2.24,11.35,-7.743600000000001,0.7917000000000001,-0.21860000000000002,0.7841,-
2000//11//1,306,06::33:09,16::45:28,11::39:40,4.775,14.104000000000001,2.6430000000000002,4.634,1.313,2.887,3.499,2.77,1.33,8.894,-1.98,9.05,-5.952100000000001,1.2149,-0.08370000000000001,0.3907,-
2000//11//2,307,06::34:35,16::44:23,11::39:39,4.716,14.078000000000001,1.065,11.445,0.003,269.379,0.008,102.941,1.061,11.488,-2.38,6.11,-5.542000000000001,1.4386,-0.0187,0.5087,-
2000//11//3,308,06::35:39,16::43:25,11::39:39,4.658,13.945,0.8180000000000001,14.784,0.003,241.159,0.006,124.428,0.8150000000000001,14.839,-3.9,5.24,-5.8209,1.0432000000000001,0.0507,0.6617000000000001,-
2000//11//4,309,06::36:41,16::41:43,11::39:41,4.601,13.91,2.357,5.264,1.31,3.0380000000000003,3.517,2.834,1.047,11.016,-4.2,13.75,-6.0612,2.2004,0.08410000000000001,0.4839,-
2000//11//5,310,06::38:26,16::40:23,11::39:42,4.5440000000000005,13.895,2.088,5.917,0.264,4.553,0.545,3.5140000000000002,1.824,6.896,-4.09,6.44,-5.8872,0.8494,-0.1726,0.4404,-
2000//11//6,311,06::39:47,16::39:23,11::39:45,4.488,13.871,1.589,7.265000000000001,0.434,3.354,1.683,2.874,1.156,9.886000000000001,-4.19,6.640000000000001,-6.2823,1.5223,-0.1904,0.48960000000000004,-
2000//11//7,312,06::40:49,16::38:34,11::39:49,4.434,13.738,2.0220000000000002,5.955,0.501,3.458,1.502,2.914,1.5210000000000001,7.929,-7.17,3.99,-5.2765,1.2094,0.0436,0.45680000000000004,-
2000//11//8,313,06::41:59,16::37:02,11::39:53,4.38,13.706,2.179,5.611,1.116,3.1590000000000003,2.87,2.891,1.063,11.124,-2.42,4.91,-7.1702,1.4086,-0.026600000000000002,0.23650000000000002,-
2000//11//9,314,06::43:43,16::35:42,11::39:59,4.327,13.684000000000001,1.713,6.913,0.443,3.8160000000000003,1.083,3.1470000000000002,1.27,9.248,-4.25,3.93,-6.0048,1.3888,-0.1095,0.31470000000000004,-
2000//11//10,315,06::44:59,16::34:44,11::40:05,4.275,13.661,2.036,5.884,-,-,-,-,-,-,-4.68,0.48,-6.2598,0.7623000000000001,-0.0431,0.18080000000000002,-
2000//11//11,316,06::45:59,16::33:57,11::40:12,4.224,13.644,2.884,4.287,-,-,-,-,-,-,-8.84,1.8800000000000001,-6.618200000000001,1.2165000000000001,-0.2795,0.3808,-
2000//11//12,317,06::47:16,16::32:58,11::40:20,4.175,13.499,2.865,4.478,-,-,-,-,-,-,-9.06,2.77,-4.5831,1.1774,-0.1322,0.4229,-
2000//11//13,318,06::48:57,16::31:37,11::40:28,4.126,13.472,1.391,8.146,-,-,-,-,-,-,-8.36,-0.58,-6.4653,1.6178000000000001,-0.2952,0.2584,-
2000//11//14,319,06::50:09,16::30:34,11::40:38,4.078,13.450000000000001,1.198,9.697000000000001,-,-,-,-,-,-,-4.54,-0.7000000000000001,-5.4412,1.2970000000000002,-0.13620000000000002,0.2932,-
2000//11//15,320,06::51:06,16::29:45,11::40:48,4.031,13.434000000000001,1.473,7.945,-,-,-,-,-,-,-5.13,1.97,-5.4067,1.4029,-0.3774,0.4169,-
2000//11//16,321,06::52:28,16::29:04,11::40:59,3.986,13.407,2.6630000000000003,4.4270000000000005,2.434,2.847,7.195,2.859,0.23,49.268,-10.18,2.94,-5.6357,1.026,-0.4539,0.5671,-
2000//11//17,322,06::54:06,16::28:24,11::41:11,3.9410000000000003,13.259,2.66,4.436,2.378,2.789,6.956,2.778,0.28300000000000003,40.041000000000004,-11.98,4.14,-5.2799000000000005,0.9275,-0.3617,0.6197,-
2000//11//18,323,06::55:15,16::27:18,11::41:24,3.898,13.238,2.664,4.4030000000000005,2.476,2.777,7.449,2.774,0.189,56.933,-11.55,6.140000000000001,-5.106800000000001,0.8573000000000001,-0.157,0.46780000000000005,-
2000//11//19,324,06::56:10,16::26:16,11::41:38,3.855,13.222,0.999,11.343,0.001,677.296,0.004,171.248,0.998,11.354000000000001,-10.63,-4.54,-4.5341000000000005,1.1562000000000001,0.0926,0.2431,-
2000//11//20,325,06::57:35,16::25:29,11::41:53,3.814,13.195,2.368,4.74,1.59,2.839,4.51,2.88,0.778,14.198,-9.8,-0.97,-6.0357,1.1396,0.0475,0.3382,-
2000//11//21,326,06::59:08,16::24:51,11::42:08,3.774,13.164,2.2600000000000002,4.981,1.432,2.851,3.899,2.762,0.8280000000000001,13.341000000000001,-12.32,3.33,-5.3289,1.1345,-0.1506,0.7218,-
2000//11//22,327,07::00:15,16::24:19,11::42:24,3.735,13.143,2.363,4.75,2.027,5.511,6.096,5.478,0.336,32.875,-10.02,8.2,-5.5373,0.9451,-0.3022,0.7007,-
2000//11//23,328,07::01:08,16::23:52,11::42:41,3.698,13.128,1.197,9.142,0.12,9.689,0.318,6.871,1.077,11.599,-11.61,2.62,-5.300400000000001,0.9792000000000001,0.26880000000000004,0.5736,-
2000//11//24,329,07::02:27,16::23:19,11::42:59,3.661,12.984,2.079,5.4110000000000005,1.568,3.732,4.716,3.986,0.511,21.616,-5.11,7.1000000000000005,-5.5804,1.1341,-0.0577,0.675,-
2000//11//25,330,07::04:00,16::22:35,11::43:17,3.626,12.954,1.4000000000000001,7.822,0.15,6.135,0.431,3.5820000000000003,1.2510000000000001,8.754,-6.8,4.01,-5.5402000000000005,1.5258,0.0061,0.36560000000000004,-
2000//11//26,331,07::05:06,16::21:50,11::43:36,3.592,12.933,1.137,9.799,0.004,188.565,0.013000000000000001,59.204,1.1320000000000001,9.842,-2.47,1.35,-4.3645000000000005,0.8665,0.1605,0.1636,-
2000//11//27,332,07::05:58,16::21:13,11::43:56,3.559,12.917,1.923,5.938,0.755,3.109,2.351,2.829,1.168,9.568,-6.43,6.3500000000000005,-6.1593,1.0564,-0.2087,0.4212,-
2000//11//28,333,07::07:05,16::20:45,11::44:17,3.528,12.886000000000001,1.5010000000000001,7.423,0.20700000000000002,5.509,0.605,3.517,1.294,8.61,-6.74,1.74,-7.185300000000001,1.2201,-0.0733,0.1925,-
2000//11//29,334,07::08:36,16::20:21,11::44:38,3.498,12.865,0.487,22.486,0.004,136.614,0.08600000000000001,8.433,0.483,22.672,-2.09,2.14,-6.902,1.8162,0.021500000000000002,0.30060000000000003,-
2000//11//30,335,07::09:44,16::20:01,11::45:00,3.469,12.842,2.262,4.8180000000000005,1.75,2.7800000000000002,5.4750000000000005,2.746,0.513,20.975,-8.33,5.11,-6.1737,1.3800000000000001,-0.15380000000000002,0.4797,-
2000//12//1,336,07::10:37,16::19:45,11::45:23,3.4410000000000003,12.826,1.991,4.916,1.296,2.837,4.172,2.754,0.6950000000000001,14.037,-5.66,3.2800000000000002,-6.3375,1.1731,-0.2843,0.34450000000000003,-
2000//12//2,337,07::11:22,16::19:32,11::45:46,3.415,12.786,1.847,5.447,0.855,2.949,2.968,2.751,0.993,10.091000000000001,-8.13,6.37,-5.4107,0.9172,-0.07010000000000001,0.44470000000000004,-
2000//12//3,338,07::12:45,16::19:20,11::46:10,3.39,12.784,1.891,5.303,0.896,3.008,2.672,2.786,0.995,9.978,-8.06,5.8500000000000005,-4.9983,0.5584,-0.1242,0.4022,-
2000//12//4,339,07::14:02,16::19:11,11::46:34,3.367,12.758000000000001,2.063,4.763,1.733,2.828,5.3950000000000005,2.748,0.33,29.302,-6.44,7.71,-5.2353000000000005,0.7291000000000001,0.0853,0.648,-
2000//12//5,340,07::14:59,16::19:05,11::46:59,3.344,12.739,2.057,4.767,1.679,2.799,5.442,2.743,0.378,25.352,-6.16,9.3,-4.966600000000001,0.7468,0.0959,0.6227,-
2000//12//6,341,07::15:44,16::18:59,11::47:25,3.323,12.725,1.846,5.264,1.586,2.817,5.205,2.743,0.26,37.191,-5.98,7.05,-5.2247,0.8721,-0.1315,0.5336000000000001,-
2000//12//7,342,07::16:26,16::18:56,11::47:51,3.3040000000000003,12.687,1.941,5.165,1.19,2.821,3.863,2.744,0.752,12.973,-8.86,5.72,-5.2686,0.7101000000000001,0.6043000000000001,0.3945,-
2000//12//8,343,07::17:39,16::18:55,11::48:17,3.286,12.687,1.7650000000000001,5.525,1.068,2.948,3.0060000000000002,2.778,0.6970000000000001,13.873000000000001,-7.54,4.9,-4.0894,0.7951,0.2039,0.33480000000000004,-
2000//12//9,344,07::18:49,16::18:55,11::48:44,3.269,12.663,0.482,20.42,0.,100,0.002,265.46500000000003,0.482,20.42,-6.21,3.59,-5.3933,1.3831,-0.14020000000000002,0.6475000000000001,-
2000//12//10,345,07::19:42,16::18:57,11::49:11,3.254,12.645,1.7570000000000001,5.696,1.154,2.99,3.717,2.801,0.602,16.062,-7.43,1.23,-5.7386,1.4578,-0.0244,0.44920000000000004,-
2000//12//11,346,07::20:24,16::19:00,11::49:39,3.24,12.632,0.879,10.804,0.01,72.613,0.027,28.667,0.869,10.929,-7.94,-2.3000000000000003,-6.626200000000001,1.6878000000000002,-0.052700000000000004,0.2466,-
2000//12//12,347,07::20:59,16::19:05,11::50:07,3.227,12.621,1.272,7.534,0.013000000000000001,47.447,0.065,10.435,1.2590000000000001,7.633,-7.63,-3.72,-5.083,1.3989,0.08170000000000001,0.1194,-
2000//12//13,348,07::21:41,16::19:13,11::50:36,3.216,12.588000000000001,0.894,10.913,0.001,718.318,0.004,191.291,0.893,10.925,-6.66,1.67,-5.5708,1.8871,-0.083,0.3647,-
2000//12//14,349,07::22:40,16::19:22,11::51:04,3.206,12.587,1.044,9.427,0.005,85.886,0.017,25.72,1.04,9.483,-2.52,3.52,-8.027800000000001,1.2697,-0.0429,0.4761,-
2000//12//15,350,07::23:37,16::19:33,11::51:33,3.198,12.567,2.016,4.888,1.688,2.805,5.904,2.744,0.328,28.427,-8.84,3.2,-6.9421,2.1018,-0.09090000000000001,0.5588000000000001,-
2000//12//16,351,07::24:21,16::19:47,11::52:03,3.1910000000000003,12.552,1.215,8.03,0.024,22.929000000000002,0.109,6.66,1.19,8.246,-6.8500000000000005,5.25,-4.9688,2.4707000000000003,0.18380000000000002,0.8083,-
2000//12//17,352,07::24:57,16::20:04,11::52:32,3.185,12.540000000000001,2.14,4.616,1.984,2.775,6.9590000000000005,2.742,0.156,61.984,-13.94,1.8,-7.336,1.8776000000000002,-0.325,0.6954,-
2000//12//18,353,07::25:27,16::20:24,11::53:02,3.181,12.531,2.1270000000000002,4.589,1.849,2.832,6.3500000000000005,2.918,0.278,34.472,-16.41,1.25,-4.4637,1.1445,0.0027,0.5712,-
2000//12//19,354,07::25:52,16::20:48,11::53:31,3.178,12.523,1.2770000000000001,7.572,0.10400000000000001,6.936,0.40700000000000003,3.689,1.172,8.255,-7.3100000000000005,2.87,-4.4187,1.4287,0.11860000000000001,0.35500000000000004,-
2000//12//20,355,07::26:14,16::21:17,11::54:01,3.177,12.516,1.067,9.143,0.008,58.559000000000005,0.029,17.661,1.059,9.212,-2.7,2.4,-4.4888,1.2211,0.1336,0.228,-
2000//12//21,356,07::26:49,16::21:54,11::54:31,3.177,12.488,1.168,8.249,-,-,-,-,-,-,-6.19,1.21,-5.3660000000000005,1.8311000000000002,0.0091,0.28500000000000003,-
2000//12//22,357,07::27:24,16::22:39,11::55:01,3.1790000000000003,12.49,1.102,8.633000000000001,-,-,-,-,-,-,-5.11,6.8500000000000005,-4.2064,1.1039,0.1814,0.3677,-
2000//12//23,358,07::28:02,16::23:22,11::55:31,3.181,12.478,0.79,12.021,-,-,-,-,-,-,-4.21,1.61,-6.580900000000001,1.5851000000000002,-0.1956,0.309,-
2000//12//24,359,07::28:33,16::23:55,11::56:01,3.186,12.585,1.937,5.1290000000000004,-,-,-,-,-,-,-13.,0.74,-6.423500000000001,1.5656,-0.2762,0.786,-
2000//12//25,360,07::28:57,16::24:22,11::56:30,3.192,12.577,1.635,5.986,-,-,-,-,-,-,-16.29,-1.7,-4.5258,1.0030000000000001,-0.3098,0.7403000000000001,-
2000//12//26,361,07::29:17,16::24:53,11::57:00,3.1990000000000003,12.571,1.795,5.332,-,-,-,-,-,-,-14.05,0.5700000000000001,-4.462400000000001,1.1191,-0.1753,0.8195,-
2000//12//27,362,07::29:33,16::25:31,11::57:29,3.208,12.565,1.651,5.915,-,-,-,-,-,-,-9.51,-0.28,-4.643400000000001,1.1376,-0.0916,0.498,-
2000//12//28,363,07::29:46,16::26:18,11::57:59,3.218,12.561,1.947,5.121,1.1380000000000001,2.951,3.73,2.767,0.81,11.939,-12.34,4.49,-4.5479,0.9313,0.1447,0.48760000000000003,-
2000//12//29,364,07::29:56,16::27:20,11::58:28,3.229,12.558,1.249,7.811,0.019,32.238,0.054,12.337,1.23,7.95,-11.35,-4.37,-4.3941,1.502,0.11860000000000001,0.5729000000000001,-
2000//12//30,365,07::30:04,16::28:23,11::58:57,3.242,12.555,1.197,8.222,0.002,277.177,0.005,120.24000000000001,1.195,8.244,-11.05,-5.18,-4.4009,1.0001,0.0454,0.0918,-
2000//12//31,366,07::30:09,16::29:05,11::59:25,3.2560000000000002,12.671000000000001,1.12,8.788,0.001,484.084,0.003,163.964,1.119,8.799,-13.07,-4.6000000000000005,-4.679600000000001,0.7289,0.1236,0.1288,-
END_OF_YEARLY_DATA,END_OF_YEARLY_DATA,END_OF_YEARLY_DATA,END_OF_YEARLY_DATA,END_OF_YEARLY_DATA,END_OF_YEARLY_DATA,END_OF_YEARLY_DATA,END_OF_YEARLY_DATA,END_OF_YEARLY_DATA,END_OF_YEARLY_DATA,END_OF_YEARLY_DATA,END_OF_YEARLY_DATA,END_OF_YEARLY_DATA,END_OF_YEARLY_DATA,END_OF_YEARLY_DATA,END_OF_YEARLY_DATA,END_OF_YEARLY_DATA,END_OF_YEARLY_DATA,END_OF_YEARLY_DATA,END_OF_YEARLY_DATA,END_OF_YEARLY_DATA,END_OF_YEARLY_DATA
-,-,-,-,-,-,-,-,-,-,-,-,-,-,-,-,-,-,-,-,-,-
JANUARY,JANUARY,JANUARY,JANUARY,JANUARY,JANUARY,JANUARY,JANUARY,JANUARY,JANUARY,JANUARY,JANUARY,JANUARY,JANUARY,JANUARY,JANUARY,JANUARY,JANUARY,JANUARY,JANUARY,JANUARY,JANUARY
Station Name:,BUO,-,-,-,-,Element:,1000,-,2000,-,2010,-,3000,-,9300,-,1000_original,-,2010_original,-,Contact Info: http://solardat.uoregon.edu
Station Location:,Burns_Oregon_USA,-,-,-,-,Instrument Serial Number:,PSP(17846F3),-,NIP(17829E6),-,NIP(17829E6),-,Computed from GHI and DNI,-,T10,-,PSP(17846F3),-,NIP(17829E6),-,Element description at: http://solardat.uoregon.edu/DataElementNumbers.html
Latitude:,43.519197,-,-,-,-,Instrument Shorthand Name:,P4,-,,-,N3,-,,-,T10,-,P4,-,N3,-,Flag description at: http://solardat.uoregon.edu/QualityControlFlags.html
Longitude (+ East):,-119.021623,-,-,-,-,Responsivity:,7.2904,microV/(W/m^2),,-,8.2511,microV/(W/m^2),,-,1000.,microV?/C,7.2904,microV/(W/m^2),8.2511,microV/(W/m^2),Data has been calibrated using the responsivity values listed 
Altitude (m):,1260.,-,-,-,-,Estimated Uncertainty (U95%):,2.895,-,2.737,-,2.737,-,3.984,-,2.2,-,2.895,-,2.737,-,The phrase (_original) means the data has not had the nighttime offset subtracted.
Time Zone (+ East):,-8.,-,-,-,-,Sample Method:,Avg,-,-,-,Avg,-,-,-,Avg,-,Avg,-,Avg,-,Data that has been (computed) was calculated from measured columns.
Time Interval (Minutes):,5,-,-,-,-,Units:,W/m^2,-,W/m^2,-,W/m^2,-,W/m^2,-,C,-,W/m^2,-,W/m^2,-,Date file was created: 2017-3-30
Year//Month,2000//01,-,-,-,-,Column Notes:,-,-,-,-,-,-,-,-,-,-,-,-,-,-,This file was created using code: Check data (2017-03-27).nb
-,-,-,-,-,-,-,-,-,-,-,-,-,-,-,-,-,-,-,-,-,-
Day of month,Day of year,Time Sunrise (HH::MM:SS),Time Sunset (HH::MM:SS),Time Solar Noon (HH::MM:SS),Daily Total Energy ETR (kW h/m^2),Daily Total Energy ETRn (kW h/m^2),Daily Total Energy (kWh/m^2),Daily Total Uncertainty (U95%),Daily Total Energy (kWh/m^2),Daily Total Uncertainty (U95%),Daily Total Energy (kWh/m^2),Daily Total Uncertainty (U95%),Daily Total Energy (kWh/m^2),Daily Total Uncertainty (U95%),Minimum daily value,Maximum daily value,Average Nighttime Value,Standard Deviation Nighttime,Average Nighttime Value,Standard Deviation Nighttime,Assorted Daily Values (Rows 12 - 42)
FEBRUARY,FEBRUARY,FEBRUARY,FEBRUARY,FEBRUARY,FEBRUARY,FEBRUARY,FEBRUARY,FEBRUARY,FEBRUARY,FEBRUARY,FEBRUARY,FEBRUARY,FEBRUARY,FEBRUARY,FEBRUARY,FEBRUARY,FEBRUARY,FEBRUARY,FEBRUARY,FEBRUARY,FEBRUARY
Station ID Number:,94170,-,-,-,-,Type of Measurement:,GHI,GHI_Flag,DrHI_Calc,DrHI_Calc_Flag,DNI,DNI_Flag,DHI_Calc,DHI_Calc_Flag,TEMPERATURE,TEMPERATURE_Flag,GHI_original,GHI_original_Flag,DNI_original,DNI_original_Flag,NOTES
Station Name:,BUO,-,-,-,-,Element:,1000,-,2000,-,2010,-,3000,-,9300,-,1000_original,-,2010_original,-,Contact Info: http://solardat.uoregon.edu
Station Location:,Burns_Oregon_USA,-,-,-,-,Instrument Serial Number:,PSP(17846F3),-,NIP(17829E6),-,NIP(17829E6),-,Computed from GHI and DNI,-,T10,-,PSP(17846F3),-,NIP(17829E6),-,Element description at: http://solardat.uoregon.edu/DataElementNumbers.html
Latitude:,43.519197,-,-,-,-,Instrument Shorthand Name:,P4,-,,-,N3,-,,-,T10,-,P4,-,N3,-,Flag description at: http://solardat.uoregon.edu/QualityControlFlags.html
Longitude (+ East):,-119.021623,-,-,-,-,Responsivity:,7.2904,microV/(W/m^2),,-,8.2511,microV/(W/m^2),,-,1000.,microV?/C,7.2904,microV/(W/m^2),8.2511,microV/(W/m^2),Data has been calibrated using the responsivity values listed 
Altitude (m):,1260.,-,-,-,-,Estimated Uncertainty (U95%):,2.895,-,2.737,-,2.737,-,3.984,-,2.2,-,2.895,-,2.737,-,The phrase (_original) means the data has not had the nighttime offset subtracted.
Time Zone (+ East):,-8.,-,-,-,-,Sample Method:,Avg,-,-,-,Avg,-,-,-,Avg,-,Avg,-,Avg,-,Data that has been (computed) was calculated from measured columns.
Time Interval (Minutes):,5,-,-,-,-,Units:,W/m^2,-,W/m^2,-,W/m^2,-,W/m^2,-,C,-,W/m^2,-,W/m^2,-,Date file was created: 2017-3-30
Year//Month,2000//02,-,-,-,-,Column Notes:,-,-,-,-,-,-,-,-,-,-,-,-,-,-,This file was created using code: Check data (2017-03-27).nb
-,-,-,-,-,-,-,-,-,-,-,-,-,-,-,-,-,-,-,-,-,-
MARCH,MARCH,MARCH,MARCH,MARCH,MARCH,MARCH,MARCH,MARCH,MARCH,MARCH,MARCH,MARCH,MARCH,MARCH,MARCH,MARCH,MARCH,MARCH,MARCH,MARCH,MARCH
Station ID Number:,94170,-,-,-,-,Type of Measurement:,GHI,GHI_Flag,DrHI_Calc,DrHI_Calc_Flag,DNI,DNI_Flag,DHI_Calc,DHI_Calc_Flag,TEMPERATURE,TEMPERATURE_Flag,GHI_original,GHI_original_Flag,DNI_original,DNI_original_Flag,NOTES
Station Name:,BUO,-,-,-,-,Element:,1000,-,2000,-,2010,-,3000,-,9300,-,1000_original,-,2010_original,-,Contact Info: http://solardat.uoregon.edu
Station Location:,Burns_Oregon_USA,-,-,-,-,Instrument Serial Number:,PSP(17846F3),-,NIP(17829E6),-,NIP(17829E6),-,Computed from GHI and DNI,-,T10,-,PSP(17846F3),-,NIP(17829E6),-,Element description at: http://solardat.uoregon.edu/DataElementNumbers.html
Latitude:,43.519197,-,-,-,-,Instrument Shorthand Name:,P4,-,,-,N3,-,,-,T10,-,P4,-,N3,-,Flag description at: http://solardat.uoregon.edu/QualityControlFlags.html
Longitude (+ East):,-119.021623,-,-,-,-,Responsivity:,7.2904,microV/(W/m^2),,-,8.2511,microV/(W/m^2),,-,1000.,microV?/C,7.2904,microV/(W/m^2),8.2511,microV/(W/m^2),Data has been calibrated using the responsivity values listed 
Altitude (m):,1260.,-,-,-,-,Estimated Uncertainty (U95%):,2.895,-,2.737,-,2.737,-,3.984,-,2.2,-,2.895,-,2.737,-,The phrase (_original) means the data has not had the nighttime offset subtracted.
Time Zone (+ East):,-8.,-,-,-,-,Sample Method:,Avg,-,-,-,Avg,-,-,-,Avg,-,Avg,-,Avg,-,Data that has been (computed) was calculated from measured columns.
Time Interval (Minutes):,5,-,-,-,-,Units:,W/m^2,-,W/m^2,-,W/m^2,-,W/m^2,-,C,-,W/m^2,-,W/m^2,-,Date file was created: 2017-3-30
Year//Month,2000//03,-,-,-,-,Column Notes:,-,-,-,-,-,-,-,-,-,-,-,-,-,-,This file was created using code: Check data (2017-03-27).nb
-,-,-,-,-,-,-,-,-,-,-,-,-,-,-,-,-,-,-,-,-,-
APRIL,APRIL,APRIL,APRIL,APRIL,APRIL,APRIL,APRIL,APRIL,APRIL,APRIL,APRIL,APRIL,APRIL,APRIL,APRIL,APRIL,APRIL,APRIL,APRIL,APRIL,APRIL
Station ID Number:,94170,-,-,-,-,Type of Measurement:,GHI,GHI_Flag,DrHI_Calc,DrHI_Calc_Flag,DNI,DNI_Flag,DHI_Calc,DHI_Calc_Flag,TEMPERATURE,TEMPERATURE_Flag,GHI_original,GHI_original_Flag,DNI_original,DNI_original_Flag,NOTES
Station Name:,BUO,-,-,-,-,Element:,1000,-,2000,-,2010,-,3000,-,9300,-,1000_original,-,2010_original,-,Contact Info: http://solardat.uoregon.edu
Station Location:,Burns_Oregon_USA,-,-,-,-,Instrument Serial Number:,PSP(17846F3),-,NIP(17829E6),-,NIP(17829E6),-,Computed from GHI and DNI,-,T10,-,PSP(17846F3),-,NIP(17829E6),-,Element description at: http://solardat.uoregon.edu/DataElementNumbers.html
Latitude:,43.519197,-,-,-,-,Instrument Shorthand Name:,P4,-,,-,N3,-,,-,T10,-,P4,-,N3,-,Flag description at: http://solardat.uoregon.edu/QualityControlFlags.html
Longitude (+ East):,-119.021623,-,-,-,-,Responsivity:,7.2904,microV/(W/m^2),,-,8.2511,microV/(W/m^2),,-,1000.,microV?/C,7.2904,microV/(W/m^2),8.2511,microV/(W/m^2),Data has been calibrated using the responsivity values listed 
Altitude (m):,1260.,-,-,-,-,Estimated Uncertainty (U95%):,2.895,-,2.737,-,2.737,-,3.984,-,2.2,-,2.895,-,2.737,-,The phrase (_original) means the data has not had the nighttime offset subtracted.
Time Zone (+ East):,-8.,-,-,-,-,Sample Method:,Avg,-,-,-,Avg,-,-,-,Avg,-,Avg,-,Avg,-,Data that has been (computed) was calculated from measured columns.
Time Interval (Minutes):,5,-,-,-,-,Units:,W/m^2,-,W/m^2,-,W/m^2,-,W/m^2,-,C,-,W/m^2,-,W/m^2,-,Date file was created: 2017-3-30
Year//Month,2000//04,-,-,-,-,Column Notes:,-,-,-,-,-,-,-,-,-,-,-,-,-,-,This file was created using code: Check data (2017-03-27).nb
-,-,-,-,-,-,-,-,-,-,-,-,-,-,-,-,-,-,-,-,-,-
MAY,MAY,MAY,MAY,MAY,MAY,MAY,MAY,MAY,MAY,MAY,MAY,MAY,MAY,MAY,MAY,MAY,MAY,MAY,MAY,MAY,MAY
Station ID Number:,94170,-,-,-,-,Type of Measurement:,GHI,GHI_Flag,DrHI_Calc,DrHI_Calc_Flag,DNI,DNI_Flag,DHI_Calc,DHI_Calc_Flag,TEMPERATURE,TEMPERATURE_Flag,GHI_original,GHI_original_Flag,DNI_original,DNI_original_Flag,NOTES
Station Name:,BUO,-,-,-,-,Element:,1000,-,2000,-,2010,-,3000,-,9300,-,1000_original,-,2010_original,-,Contact Info: http://solardat.uoregon.edu
Station Location:,Burns_Oregon_USA,-,-,-,-,Instrument Serial Number:,PSP(17846F3),-,NIP(17829E6),-,NIP(17829E6),-,Computed from GHI and DNI,-,T10,-,PSP(17846F3),-,NIP(17829E6),-,Element description at: http://solardat.uoregon.edu/DataElementNumbers.html
Latitude:,43.519197,-,-,-,-,Instrument Shorthand Name:,P4,-,,-,N3,-,,-,T10,-,P4,-,N3,-,Flag description at: http://solardat.uoregon.edu/QualityControlFlags.html
Longitude (+ East):,-119.021623,-,-,-,-,Responsivity:,7.2904,microV/(W/m^2),,-,8.2511,microV/(W/m^2),,-,1000.,microV?/C,7.2904,microV/(W/m^2),8.2511,microV/(W/m^2),Data has been calibrated using the responsivity values listed 
Altitude (m):,1260.,-,-,-,-,Estimated Uncertainty (U95%):,2.895,-,2.737,-,2.737,-,3.984,-,2.2,-,2.895,-,2.737,-,The phrase (_original) means the data has not had the nighttime offset subtracted.
Time Zone (+ East):,-8.,-,-,-,-,Sample Method:,Avg,-,-,-,Avg,-,-,-,Avg,-,Avg,-,Avg,-,Data that has been (computed) was calculated from measured columns.
Time Interval (Minutes):,5,-,-,-,-,Units:,W/m^2,-,W/m^2,-,W/m^2,-,W/m^2,-,C,-,W/m^2,-,W/m^2,-,Date file was created: 2017-3-30
Year//Month,2000//05,-,-,-,-,Column Notes:,-,-,-,-,-,-,-,-,-,-,-,-,-,-,This file was created using code: Check data (2017-03-27).nb
-,-,-,-,-,-,-,-,-,-,-,-,-,-,-,-,-,-,-,-,-,-
JUNE,JUNE,JUNE,JUNE,JUNE,JUNE,JUNE,JUNE,JUNE,JUNE,JUNE,JUNE,JUNE,JUNE,JUNE,JUNE,JUNE,JUNE,JUNE,JUNE,JUNE,JUNE
Station ID Number:,94170,-,-,-,-,Type of Measurement:,GHI,GHI_Flag,DrHI_Calc,DrHI_Calc_Flag,DNI,DNI_Flag,DHI_Calc,DHI_Calc_Flag,TEMPERATURE,TEMPERATURE_Flag,GHI_original,GHI_original_Flag,DNI_original,DNI_original_Flag,NOTES
Station Name:,BUO,-,-,-,-,Element:,1000,-,2000,-,2010,-,3000,-,9300,-,1000_original,-,2010_original,-,Contact Info: http://solardat.uoregon.edu
Station Location:,Burns_Oregon_USA,-,-,-,-,Instrument Serial Number:,PSP(17846F3),-,NIP(17829E6),-,NIP(17829E6),-,Computed from GHI and DNI,-,T10,-,PSP(17846F3),-,NIP(17829E6),-,Element description at: http://solardat.uoregon.edu/DataElementNumbers.html
Latitude:,43.519197,-,-,-,-,Instrument Shorthand Name:,P4,-,,-,N3,-,,-,T10,-,P4,-,N3,-,Flag description at: http://solardat.uoregon.edu/QualityControlFlags.html
Longitude (+ East):,-119.021623,-,-,-,-,Responsivity:,7.2904,microV/(W/m^2),,-,8.2511,microV/(W/m^2),,-,1000.,microV?/C,7.2904,microV/(W/m^2),8.2511,microV/(W/m^2),Data has been calibrated using the responsivity values listed 
Altitude (m):,1260.,-,-,-,-,Estimated Uncertainty (U95%):,2.895,-,2.737,-,2.737,-,3.984,-,2.2,-,2.895,-,2.737,-,The phrase (_original) means the data has not had the nighttime offset subtracted.
Time Zone (+ East):,-8.,-,-,-,-,Sample Method:,Avg,-,-,-,Avg,-,-,-,Avg,-,Avg,-,Avg,-,Data that has been (computed) was calculated from measured columns.
Time Interval (Minutes):,5,-,-,-,-,Units:,W/m^2,-,W/m^2,-,W/m^2,-,W/m^2,-,C,-,W/m^2,-,W/m^2,-,Date file was created: 2017-3-30
Year//Month,2000//06,-,-,-,-,Column Notes:,-,-,-,-,-,-,-,-,-,-,-,-,-,-,This file was created using code: Check data (2017-03-27).nb
-,-,-,-,-,-,-,-,-,-,-,-,-,-,-,-,-,-,-,-,-,-
JULY,JULY,JULY,JULY,JULY,JULY,JULY,JULY,JULY,JULY,JULY,JULY,JULY,JULY,JULY,JULY,JULY,JULY,JULY,JULY,JULY,JULY
Station ID Number:,94170,-,-,-,-,Type of Measurement:,GHI,GHI_Flag,DrHI_Calc,DrHI_Calc_Flag,DNI,DNI_Flag,DHI_Calc,DHI_Calc_Flag,TEMPERATURE,TEMPERATURE_Flag,GHI_original,GHI_original_Flag,DNI_original,DNI_original_Flag,NOTES
Station Name:,BUO,-,-,-,-,Element:,1000,-,2000,-,2010,-,3000,-,9300,-,1000_original,-,2010_original,-,Contact Info: http://solardat.uoregon.edu
Station Location:,Burns_Oregon_USA,-,-,-,-,Instrument Serial Number:,PSP(17846F3),-,NIP(17829E6),-,NIP(17829E6),-,Computed from GHI and DNI,-,T10,-,PSP(17846F3),-,NIP(17829E6),-,Element description at: http://solardat.uoregon.edu/DataElementNumbers.html
Latitude:,43.519197,-,-,-,-,Instrument Shorthand Name:,P4,-,,-,N3,-,,-,T10,-,P4,-,N3,-,Flag description at: http://solardat.uoregon.edu/QualityControlFlags.html
Longitude (+ East):,-119.021623,-,-,-,-,Responsivity:,7.2904,microV/(W/m^2),,-,8.2511,microV/(W/m^2),,-,1000.,microV?/C,7.2904,microV/(W/m^2),8.2511,microV/(W/m^2),Data has been calibrated using the responsivity values listed 
Altitude (m):,1260.,-,-,-,-,Estimated Uncertainty (U95%):,2.895,-,2.737,-,2.737,-,3.984,-,2.2,-,2.895,-,2.737,-,The phrase (_original) means the data has not had the nighttime offset subtracted.
Time Zone (+ East):,-8.,-,-,-,-,Sample Method:,Avg,-,-,-,Avg,-,-,-,Avg,-,Avg,-,Avg,-,Data that has been (computed) was calculated from measured columns.
Time Interval (Minutes):,5,-,-,-,-,Units:,W/m^2,-,W/m^2,-,W/m^2,-,W/m^2,-,C,-,W/m^2,-,W/m^2,-,Date file was created: 2017-3-30
Year//Month,2000//07,-,-,-,-,Column Notes:,-,-,-,-,-,-,-,-,-,-,-,-,-,-,This file was created using code: Check data (2017-03-27).nb
-,-,-,-,-,-,-,-,-,-,-,-,-,-,-,-,-,-,-,-,-,-
AUGUST,AUGUST,AUGUST,AUGUST,AUGUST,AUGUST,AUGUST,AUGUST,AUGUST,AUGUST,AUGUST,AUGUST,AUGUST,AUGUST,AUGUST,AUGUST,AUGUST,AUGUST,AUGUST,AUGUST,AUGUST,AUGUST
Station ID Number:,94170,-,-,-,-,Type of Measurement:,GHI,GHI_Flag,DrHI_Calc,DrHI_Calc_Flag,DNI,DNI_Flag,DHI_Calc,DHI_Calc_Flag,TEMPERATURE,TEMPERATURE_Flag,GHI_original,GHI_original_Flag,DNI_original,DNI_original_Flag,NOTES
Station Name:,BUO,-,-,-,-,Element:,1000,-,2000,-,2010,-,3000,-,9300,-,1000_original,-,2010_original,-,Contact Info: http://solardat.uoregon.edu
Station Location:,Burns_Oregon_USA,-,-,-,-,Instrument Serial Number:,PSP(17846F3),-,NIP(17829E6),-,NIP(17829E6),-,Computed from GHI and DNI,-,T10,-,PSP(17846F3),-,NIP(17829E6),-,Element description at: http://solardat.uoregon.edu/DataElementNumbers.html
Latitude:,43.519197,-,-,-,-,Instrument Shorthand Name:,P4,-,,-,N3,-,,-,T10,-,P4,-,N3,-,Flag description at: http://solardat.uoregon.edu/QualityControlFlags.html
Longitude (+ East):,-119.021623,-,-,-,-,Responsivity:,7.2904,microV/(W/m^2),,-,8.2511,microV/(W/m^2),,-,1000.,microV?/C,7.2904,microV/(W/m^2),8.2511,microV/(W/m^2),Data has been calibrated using the responsivity values listed 
Altitude (m):,1260.,-,-,-,-,Estimated Uncertainty (U95%):,2.895,-,2.737,-,2.737,-,3.984,-,2.2,-,2.895,-,2.737,-,The phrase (_original) means the data has not had the nighttime offset subtracted.
Time Zone (+ East):,-8.,-,-,-,-,Sample Method:,Avg,-,-,-,Avg,-,-,-,Avg,-,Avg,-,Avg,-,Data that has been (computed) was calculated from measured columns.
Time Interval (Minutes):,5,-,-,-,-,Units:,W/m^2,-,W/m^2,-,W/m^2,-,W/m^2,-,C,-,W/m^2,-,W/m^2,-,Date file was created: 2017-3-30
Year//Month,2000//08,-,-,-,-,Column Notes:,-,-,-,-,-,-,-,-,-,-,-,-,-,-,This file was created using code: Check data (2017-03-27).nb
-,-,-,-,-,-,-,-,-,-,-,-,-,-,-,-,-,-,-,-,-,-
SEPTEMBER,SEPTEMBER,SEPTEMBER,SEPTEMBER,SEPTEMBER,SEPTEMBER,SEPTEMBER,SEPTEMBER,SEPTEMBER,SEPTEMBER,SEPTEMBER,SEPTEMBER,SEPTEMBER,SEPTEMBER,SEPTEMBER,SEPTEMBER,SEPTEMBER,SEPTEMBER,SEPTEMBER,SEPTEMBER,SEPTEMBER,SEPTEMBER
Station ID Number:,94170,-,-,-,-,Type of Measurement:,GHI,GHI_Flag,DrHI_Calc,DrHI_Calc_Flag,DNI,DNI_Flag,DHI_Calc,DHI_Calc_Flag,TEMPERATURE,TEMPERATURE_Flag,GHI_original,GHI_original_Flag,DNI_original,DNI_original_Flag,NOTES
Station Name:,BUO,-,-,-,-,Element:,1000,-,2000,-,2010,-,3000,-,9300,-,1000_original,-,2010_original,-,Contact Info: http://solardat.uoregon.edu
Station Location:,Burns_Oregon_USA,-,-,-,-,Instrument Serial Number:,PSP(17846F3),-,NIP(17829E6),-,NIP(17829E6),-,Computed from GHI and DNI,-,T10,-,PSP(17846F3),-,NIP(17829E6),-,Element description at: http://solardat.uoregon.edu/DataElementNumbers.html
Latitude:,43.519197,-,-,-,-,Instrument Shorthand Name:,P4,-,,-,N3,-,,-,T10,-,P4,-,N3,-,Flag description at: http://solardat.uoregon.edu/QualityControlFlags.html
Longitude (+ East):,-119.021623,-,-,-,-,Responsivity:,7.2904,microV/(W/m^2),,-,8.2511,microV/(W/m^2),,-,1000.,microV?/C,7.2904,microV/(W/m^2),8.2511,microV/(W/m^2),Data has been calibrated using the responsivity values listed 
Altitude (m):,1260.,-,-,-,-,Estimated Uncertainty (U95%):,2.895,-,2.737,-,2.737,-,3.984,-,2.2,-,2.895,-,2.737,-,The phrase (_original) means the data has not had the nighttime offset subtracted.
Time Zone (+ East):,-8.,-,-,-,-,Sample Method:,Avg,-,-,-,Avg,-,-,-,Avg,-,Avg,-,Avg,-,Data that has been (computed) was calculated from measured columns.
Time Interval (Minutes):,5,-,-,-,-,Units:,W/m^2,-,W/m^2,-,W/m^2,-,W/m^2,-,C,-,W/m^2,-,W/m^2,-,Date file was created: 2017-3-30
Year//Month,2000//09,-,-,-,-,Column Notes:,-,-,-,-,-,-,-,-,-,-,-,-,-,-,This file was created using code: Check data (2017-03-27).nb
-,-,-,-,-,-,-,-,-,-,-,-,-,-,-,-,-,-,-,-,-,-
OCTOBER,OCTOBER,OCTOBER,OCTOBER,OCTOBER,OCTOBER,OCTOBER,OCTOBER,OCTOBER,OCTOBER,OCTOBER,OCTOBER,OCTOBER,OCTOBER,OCTOBER,OCTOBER,OCTOBER,OCTOBER,OCTOBER,OCTOBER,OCTOBER,OCTOBER
Station ID Number:,94170,-,-,-,-,Type of Measurement:,GHI,GHI_Flag,DrHI_Calc,DrHI_Calc_Flag,DNI,DNI_Flag,DHI_Calc,DHI_Calc_Flag,TEMPERATURE,TEMPERATURE_Flag,GHI_original,GHI_original_Flag,DNI_original,DNI_original_Flag,NOTES
Station Name:,BUO,-,-,-,-,Element:,1000,-,2000,-,2010,-,3000,-,9300,-,1000_original,-,2010_original,-,Contact Info: http://solardat.uoregon.edu
Station Location:,Burns_Oregon_USA,-,-,-,-,Instrument Serial Number:,PSP(17846F3),-,NIP(17829E6),-,NIP(17829E6),-,Computed from GHI and DNI,-,T10,-,PSP(17846F3),-,NIP(17829E6),-,Element description at: http://solardat.uoregon.edu/DataElementNumbers.html
Latitude:,43.519197,-,-,-,-,Instrument Shorthand Name:,P4,-,,-,N3,-,,-,T10,-,P4,-,N3,-,Flag description at: http://solardat.uoregon.edu/QualityControlFlags.html
Longitude (+ East):,-119.021623,-,-,-,-,Responsivity:,7.2904,microV/(W/m^2),,-,8.2511,microV/(W/m^2),,-,1000.,microV?/C,7.2904,microV/(W/m^2),8.2511,microV/(W/m^2),Data has been calibrated using the responsivity values listed 
Altitude (m):,1260.,-,-,-,-,Estimated Uncertainty (U95%):,2.895,-,2.737,-,2.737,-,3.984,-,2.2,-,2.895,-,2.737,-,The phrase (_original) means the data has not had the nighttime offset subtracted.
Time Zone (+ East):,-8.,-,-,-,-,Sample Method:,Avg,-,-,-,Avg,-,-,-,Avg,-,Avg,-,Avg,-,Data that has been (computed) was calculated from measured columns.
Time Interval (Minutes):,5,-,-,-,-,Units:,W/m^2,-,W/m^2,-,W/m^2,-,W/m^2,-,C,-,W/m^2,-,W/m^2,-,Date file was created: 2017-3-30
Year//Month,2000//10,-,-,-,-,Column Notes:,-,-,-,-,-,-,-,-,-,-,-,-,-,-,This file was created using code: Check data (2017-03-27).nb
-,-,-,-,-,-,-,-,-,-,-,-,-,-,-,-,-,-,-,-,-,-
NOVEMBER,NOVEMBER,NOVEMBER,NOVEMBER,NOVEMBER,NOVEMBER,NOVEMBER,NOVEMBER,NOVEMBER,NOVEMBER,NOVEMBER,NOVEMBER,NOVEMBER,NOVEMBER,NOVEMBER,NOVEMBER,NOVEMBER,NOVEMBER,NOVEMBER,NOVEMBER,NOVEMBER,NOVEMBER
Station ID Number:,94170,-,-,-,-,Type of Measurement:,GHI,GHI_Flag,DrHI_Calc,DrHI_Calc_Flag,DNI,DNI_Flag,DHI_Calc,DHI_Calc_Flag,TEMPERATURE,TEMPERATURE_Flag,GHI_original,GHI_original_Flag,DNI_original,DNI_original_Flag,NOTES
Station Name:,BUO,-,-,-,-,Element:,1000,-,2000,-,2010,-,3000,-,9300,-,1000_original,-,2010_original,-,Contact Info: http://solardat.uoregon.edu
Station Location:,Burns_Oregon_USA,-,-,-,-,Instrument Serial Number:,PSP(17846F3),-,NIP(17829E6),-,NIP(17829E6),-,Computed from GHI and DNI,-,T10,-,PSP(17846F3),-,NIP(17829E6),-,Element description at: http://solardat.uoregon.edu/DataElementNumbers.html
Latitude:,43.519197,-,-,-,-,Instrument Shorthand Name:,P4,-,,-,N3,-,,-,T10,-,P4,-,N3,-,Flag description at: http://solardat.uoregon.edu/QualityControlFlags.html
Longitude (+ East):,-119.021623,-,-,-,-,Responsivity:,7.2904,microV/(W/m^2),,-,8.2511,microV/(W/m^2),,-,1000.,microV?/C,7.2904,microV/(W/m^2),8.2511,microV/(W/m^2),Data has been calibrated using the responsivity values listed 
Altitude (m):,1260.,-,-,-,-,Estimated Uncertainty (U95%):,2.895,-,2.737,-,2.737,-,3.984,-,2.2,-,2.895,-,2.737,-,The phrase (_original) means the data has not had the nighttime offset subtracted.
Time Zone (+ East):,-8.,-,-,-,-,Sample Method:,Avg,-,-,-,Avg,-,-,-,Avg,-,Avg,-,Avg,-,Data that has been (computed) was calculated from measured columns.
Time Interval (Minutes):,5,-,-,-,-,Units:,W/m^2,-,W/m^2,-,W/m^2,-,W/m^2,-,C,-,W/m^2,-,W/m^2,-,Date file was created: 2017-3-30
Year//Month,2000//11,-,-,-,-,Column Notes:,-,-,-,-,-,-,-,-,-,-,-,-,-,-,This file was created using code: Check data (2017-03-27).nb
-,-,-,-,-,-,-,-,-,-,-,-,-,-,-,-,-,-,-,-,-,-
DECEMBER,DECEMBER,DECEMBER,DECEMBER,DECEMBER,DECEMBER,DECEMBER,DECEMBER,DECEMBER,DECEMBER,DECEMBER,DECEMBER,DECEMBER,DECEMBER,DECEMBER,DECEMBER,DECEMBER,DECEMBER,DECEMBER,DECEMBER,DECEMBER,DECEMBER
Station ID Number:,94170,-,-,-,-,Type of Measurement:,GHI,GHI_Flag,DrHI_Calc,DrHI_Calc_Flag,DNI,DNI_Flag,DHI_Calc,DHI_Calc_Flag,TEMPERATURE,TEMPERATURE_Flag,GHI_original,GHI_original_Flag,DNI_original,DNI_original_Flag,NOTES
Station Name:,BUO,-,-,-,-,Element:,1000,-,2000,-,2010,-,3000,-,9300,-,1000_original,-,2010_original,-,Contact Info: http://solardat.uoregon.edu
Station Location:,Burns_Oregon_USA,-,-,-,-,Instrument Serial Number:,PSP(17846F3),-,NIP(17829E6),-,NIP(17829E6),-,Computed from GHI and DNI,-,T10,-,PSP(17846F3),-,NIP(17829E6),-,Element description at: http://solardat.uoregon.edu/DataElementNumbers.html
Latitude:,43.519197,-,-,-,-,Instrument Shorthand Name:,P4,-,,-,N3,-,,-,T10,-,P4,-,N3,-,Flag description at: http://solardat.uoregon.edu/QualityControlFlags.html
Longitude (+ East):,-119.021623,-,-,-,-,Responsivity:,7.2904,microV/(W/m^2),,-,8.2511,microV/(W/m^2),,-,1000.,microV?/C,7.2904,microV/(W/m^2),8.2511,microV/(W/m^2),Data has been calibrated using the responsivity values listed 
Altitude (m):,1260.,-,-,-,-,Estimated Uncertainty (U95%):,2.895,-,2.737,-,2.737,-,3.984,-,2.2,-,2.895,-,2.737,-,The phrase (_original) means the data has not had the nighttime offset subtracted.
Time Zone (+ East):,-8.,-,-,-,-,Sample Method:,Avg,-,-,-,Avg,-,-,-,Avg,-,Avg,-,Avg,-,Data that has been (computed) was calculated from measured columns.
Time Interval (Minutes):,5,-,-,-,-,Units:,W/m^2,-,W/m^2,-,W/m^2,-,W/m^2,-,C,-,W/m^2,-,W/m^2,-,Date file was created: 2017-3-30
Year//Month,2000//12,-,-,-,-,Column Notes:,-,-,-,-,-,-,-,-,-,-,-,-,-,-,This file was created using code: Check data (2017-03-27).nb
-,-,-,-,-,-,-,-,-,-,-,-,-,-,-,-,-,-,-,-,-,-
